step,param_name,requires_grad,group,grad_present,grad_finite,grad_nonzero,grad_norm_l2
0,foundation_x.backbone.patch_embed.proj.weight,False,foundation_backbone,False,False,False,0.0
0,foundation_x.backbone.patch_embed.proj.bias,False,foundation_backbone,False,False,False,0.0
0,foundation_x.backbone.patch_embed.norm.weight,False,foundation_backbone,False,False,False,0.0
0,foundation_x.backbone.patch_embed.norm.bias,False,foundation_backbone,False,False,False,0.0
0,foundation_x.backbone.layers_0.blocks.0.norm1.weight,False,foundation_backbone,False,False,False,0.0
0,foundation_x.backbone.layers_0.blocks.0.norm1.bias,False,foundation_backbone,False,False,False,0.0
0,foundation_x.backbone.layers_0.blocks.0.attn.relative_position_bias_table,False,foundation_backbone,False,False,False,0.0
0,foundation_x.backbone.layers_0.blocks.0.attn.qkv.weight,False,foundation_backbone,False,False,False,0.0
0,foundation_x.backbone.layers_0.blocks.0.attn.qkv.bias,False,foundation_backbone,False,False,False,0.0
0,foundation_x.backbone.layers_0.blocks.0.attn.proj.weight,False,foundation_backbone,False,False,False,0.0
0,foundation_x.backbone.layers_0.blocks.0.attn.proj.bias,False,foundation_backbone,False,False,False,0.0
0,foundation_x.backbone.layers_0.blocks.0.norm2.weight,False,foundation_backbone,False,False,False,0.0
0,foundation_x.backbone.layers_0.blocks.0.norm2.bias,False,foundation_backbone,False,False,False,0.0
0,foundation_x.backbone.layers_0.blocks.0.mlp.fc1.weight,False,foundation_backbone,False,False,False,0.0
0,foundation_x.backbone.layers_0.blocks.0.mlp.fc1.bias,False,foundation_backbone,False,False,False,0.0
0,foundation_x.backbone.layers_0.blocks.0.mlp.fc2.weight,False,foundation_backbone,False,False,False,0.0
0,foundation_x.backbone.layers_0.blocks.0.mlp.fc2.bias,False,foundation_backbone,False,False,False,0.0
0,foundation_x.backbone.layers_0.blocks.1.norm1.weight,False,foundation_backbone,False,False,False,0.0
0,foundation_x.backbone.layers_0.blocks.1.norm1.bias,False,foundation_backbone,False,False,False,0.0
0,foundation_x.backbone.layers_0.blocks.1.attn.relative_position_bias_table,False,foundation_backbone,False,False,False,0.0
0,foundation_x.backbone.layers_0.blocks.1.attn.qkv.weight,False,foundation_backbone,False,False,False,0.0
0,foundation_x.backbone.layers_0.blocks.1.attn.qkv.bias,False,foundation_backbone,False,False,False,0.0
0,foundation_x.backbone.layers_0.blocks.1.attn.proj.weight,False,foundation_backbone,False,False,False,0.0
0,foundation_x.backbone.layers_0.blocks.1.attn.proj.bias,False,foundation_backbone,False,False,False,0.0
0,foundation_x.backbone.layers_0.blocks.1.norm2.weight,False,foundation_backbone,False,False,False,0.0
0,foundation_x.backbone.layers_0.blocks.1.norm2.bias,False,foundation_backbone,False,False,False,0.0
0,foundation_x.backbone.layers_0.blocks.1.mlp.fc1.weight,False,foundation_backbone,False,False,False,0.0
0,foundation_x.backbone.layers_0.blocks.1.mlp.fc1.bias,False,foundation_backbone,False,False,False,0.0
0,foundation_x.backbone.layers_0.blocks.1.mlp.fc2.weight,False,foundation_backbone,False,False,False,0.0
0,foundation_x.backbone.layers_0.blocks.1.mlp.fc2.bias,False,foundation_backbone,False,False,False,0.0
0,foundation_x.backbone.layers_1.downsample.norm.weight,False,foundation_backbone,False,False,False,0.0
0,foundation_x.backbone.layers_1.downsample.norm.bias,False,foundation_backbone,False,False,False,0.0
0,foundation_x.backbone.layers_1.downsample.reduction.weight,False,foundation_backbone,False,False,False,0.0
0,foundation_x.backbone.layers_1.blocks.0.norm1.weight,False,foundation_backbone,False,False,False,0.0
0,foundation_x.backbone.layers_1.blocks.0.norm1.bias,False,foundation_backbone,False,False,False,0.0
0,foundation_x.backbone.layers_1.blocks.0.attn.relative_position_bias_table,False,foundation_backbone,False,False,False,0.0
0,foundation_x.backbone.layers_1.blocks.0.attn.qkv.weight,False,foundation_backbone,False,False,False,0.0
0,foundation_x.backbone.layers_1.blocks.0.attn.qkv.bias,False,foundation_backbone,False,False,False,0.0
0,foundation_x.backbone.layers_1.blocks.0.attn.proj.weight,False,foundation_backbone,False,False,False,0.0
0,foundation_x.backbone.layers_1.blocks.0.attn.proj.bias,False,foundation_backbone,False,False,False,0.0
0,foundation_x.backbone.layers_1.blocks.0.norm2.weight,False,foundation_backbone,False,False,False,0.0
0,foundation_x.backbone.layers_1.blocks.0.norm2.bias,False,foundation_backbone,False,False,False,0.0
0,foundation_x.backbone.layers_1.blocks.0.mlp.fc1.weight,False,foundation_backbone,False,False,False,0.0
0,foundation_x.backbone.layers_1.blocks.0.mlp.fc1.bias,False,foundation_backbone,False,False,False,0.0
0,foundation_x.backbone.layers_1.blocks.0.mlp.fc2.weight,False,foundation_backbone,False,False,False,0.0
0,foundation_x.backbone.layers_1.blocks.0.mlp.fc2.bias,False,foundation_backbone,False,False,False,0.0
0,foundation_x.backbone.layers_1.blocks.1.norm1.weight,False,foundation_backbone,False,False,False,0.0
0,foundation_x.backbone.layers_1.blocks.1.norm1.bias,False,foundation_backbone,False,False,False,0.0
0,foundation_x.backbone.layers_1.blocks.1.attn.relative_position_bias_table,False,foundation_backbone,False,False,False,0.0
0,foundation_x.backbone.layers_1.blocks.1.attn.qkv.weight,False,foundation_backbone,False,False,False,0.0
0,foundation_x.backbone.layers_1.blocks.1.attn.qkv.bias,False,foundation_backbone,False,False,False,0.0
0,foundation_x.backbone.layers_1.blocks.1.attn.proj.weight,False,foundation_backbone,False,False,False,0.0
0,foundation_x.backbone.layers_1.blocks.1.attn.proj.bias,False,foundation_backbone,False,False,False,0.0
0,foundation_x.backbone.layers_1.blocks.1.norm2.weight,False,foundation_backbone,False,False,False,0.0
0,foundation_x.backbone.layers_1.blocks.1.norm2.bias,False,foundation_backbone,False,False,False,0.0
0,foundation_x.backbone.layers_1.blocks.1.mlp.fc1.weight,False,foundation_backbone,False,False,False,0.0
0,foundation_x.backbone.layers_1.blocks.1.mlp.fc1.bias,False,foundation_backbone,False,False,False,0.0
0,foundation_x.backbone.layers_1.blocks.1.mlp.fc2.weight,False,foundation_backbone,False,False,False,0.0
0,foundation_x.backbone.layers_1.blocks.1.mlp.fc2.bias,False,foundation_backbone,False,False,False,0.0
0,foundation_x.backbone.layers_2.downsample.norm.weight,False,foundation_backbone,False,False,False,0.0
0,foundation_x.backbone.layers_2.downsample.norm.bias,False,foundation_backbone,False,False,False,0.0
0,foundation_x.backbone.layers_2.downsample.reduction.weight,False,foundation_backbone,False,False,False,0.0
0,foundation_x.backbone.layers_2.blocks.0.norm1.weight,False,foundation_backbone,False,False,False,0.0
0,foundation_x.backbone.layers_2.blocks.0.norm1.bias,False,foundation_backbone,False,False,False,0.0
0,foundation_x.backbone.layers_2.blocks.0.attn.relative_position_bias_table,False,foundation_backbone,False,False,False,0.0
0,foundation_x.backbone.layers_2.blocks.0.attn.qkv.weight,False,foundation_backbone,False,False,False,0.0
0,foundation_x.backbone.layers_2.blocks.0.attn.qkv.bias,False,foundation_backbone,False,False,False,0.0
0,foundation_x.backbone.layers_2.blocks.0.attn.proj.weight,False,foundation_backbone,False,False,False,0.0
0,foundation_x.backbone.layers_2.blocks.0.attn.proj.bias,False,foundation_backbone,False,False,False,0.0
0,foundation_x.backbone.layers_2.blocks.0.norm2.weight,False,foundation_backbone,False,False,False,0.0
0,foundation_x.backbone.layers_2.blocks.0.norm2.bias,False,foundation_backbone,False,False,False,0.0
0,foundation_x.backbone.layers_2.blocks.0.mlp.fc1.weight,False,foundation_backbone,False,False,False,0.0
0,foundation_x.backbone.layers_2.blocks.0.mlp.fc1.bias,False,foundation_backbone,False,False,False,0.0
0,foundation_x.backbone.layers_2.blocks.0.mlp.fc2.weight,False,foundation_backbone,False,False,False,0.0
0,foundation_x.backbone.layers_2.blocks.0.mlp.fc2.bias,False,foundation_backbone,False,False,False,0.0
0,foundation_x.backbone.layers_2.blocks.1.norm1.weight,False,foundation_backbone,False,False,False,0.0
0,foundation_x.backbone.layers_2.blocks.1.norm1.bias,False,foundation_backbone,False,False,False,0.0
0,foundation_x.backbone.layers_2.blocks.1.attn.relative_position_bias_table,False,foundation_backbone,False,False,False,0.0
0,foundation_x.backbone.layers_2.blocks.1.attn.qkv.weight,False,foundation_backbone,False,False,False,0.0
0,foundation_x.backbone.layers_2.blocks.1.attn.qkv.bias,False,foundation_backbone,False,False,False,0.0
0,foundation_x.backbone.layers_2.blocks.1.attn.proj.weight,False,foundation_backbone,False,False,False,0.0
0,foundation_x.backbone.layers_2.blocks.1.attn.proj.bias,False,foundation_backbone,False,False,False,0.0
0,foundation_x.backbone.layers_2.blocks.1.norm2.weight,False,foundation_backbone,False,False,False,0.0
0,foundation_x.backbone.layers_2.blocks.1.norm2.bias,False,foundation_backbone,False,False,False,0.0
0,foundation_x.backbone.layers_2.blocks.1.mlp.fc1.weight,False,foundation_backbone,False,False,False,0.0
0,foundation_x.backbone.layers_2.blocks.1.mlp.fc1.bias,False,foundation_backbone,False,False,False,0.0
0,foundation_x.backbone.layers_2.blocks.1.mlp.fc2.weight,False,foundation_backbone,False,False,False,0.0
0,foundation_x.backbone.layers_2.blocks.1.mlp.fc2.bias,False,foundation_backbone,False,False,False,0.0
0,foundation_x.backbone.layers_2.blocks.2.norm1.weight,False,foundation_backbone,False,False,False,0.0
0,foundation_x.backbone.layers_2.blocks.2.norm1.bias,False,foundation_backbone,False,False,False,0.0
0,foundation_x.backbone.layers_2.blocks.2.attn.relative_position_bias_table,False,foundation_backbone,False,False,False,0.0
0,foundation_x.backbone.layers_2.blocks.2.attn.qkv.weight,False,foundation_backbone,False,False,False,0.0
0,foundation_x.backbone.layers_2.blocks.2.attn.qkv.bias,False,foundation_backbone,False,False,False,0.0
0,foundation_x.backbone.layers_2.blocks.2.attn.proj.weight,False,foundation_backbone,False,False,False,0.0
0,foundation_x.backbone.layers_2.blocks.2.attn.proj.bias,False,foundation_backbone,False,False,False,0.0
0,foundation_x.backbone.layers_2.blocks.2.norm2.weight,False,foundation_backbone,False,False,False,0.0
0,foundation_x.backbone.layers_2.blocks.2.norm2.bias,False,foundation_backbone,False,False,False,0.0
0,foundation_x.backbone.layers_2.blocks.2.mlp.fc1.weight,False,foundation_backbone,False,False,False,0.0
0,foundation_x.backbone.layers_2.blocks.2.mlp.fc1.bias,False,foundation_backbone,False,False,False,0.0
0,foundation_x.backbone.layers_2.blocks.2.mlp.fc2.weight,False,foundation_backbone,False,False,False,0.0
0,foundation_x.backbone.layers_2.blocks.2.mlp.fc2.bias,False,foundation_backbone,False,False,False,0.0
0,foundation_x.backbone.layers_2.blocks.3.norm1.weight,False,foundation_backbone,False,False,False,0.0
0,foundation_x.backbone.layers_2.blocks.3.norm1.bias,False,foundation_backbone,False,False,False,0.0
0,foundation_x.backbone.layers_2.blocks.3.attn.relative_position_bias_table,False,foundation_backbone,False,False,False,0.0
0,foundation_x.backbone.layers_2.blocks.3.attn.qkv.weight,False,foundation_backbone,False,False,False,0.0
0,foundation_x.backbone.layers_2.blocks.3.attn.qkv.bias,False,foundation_backbone,False,False,False,0.0
0,foundation_x.backbone.layers_2.blocks.3.attn.proj.weight,False,foundation_backbone,False,False,False,0.0
0,foundation_x.backbone.layers_2.blocks.3.attn.proj.bias,False,foundation_backbone,False,False,False,0.0
0,foundation_x.backbone.layers_2.blocks.3.norm2.weight,False,foundation_backbone,False,False,False,0.0
0,foundation_x.backbone.layers_2.blocks.3.norm2.bias,False,foundation_backbone,False,False,False,0.0
0,foundation_x.backbone.layers_2.blocks.3.mlp.fc1.weight,False,foundation_backbone,False,False,False,0.0
0,foundation_x.backbone.layers_2.blocks.3.mlp.fc1.bias,False,foundation_backbone,False,False,False,0.0
0,foundation_x.backbone.layers_2.blocks.3.mlp.fc2.weight,False,foundation_backbone,False,False,False,0.0
0,foundation_x.backbone.layers_2.blocks.3.mlp.fc2.bias,False,foundation_backbone,False,False,False,0.0
0,foundation_x.backbone.layers_2.blocks.4.norm1.weight,False,foundation_backbone,False,False,False,0.0
0,foundation_x.backbone.layers_2.blocks.4.norm1.bias,False,foundation_backbone,False,False,False,0.0
0,foundation_x.backbone.layers_2.blocks.4.attn.relative_position_bias_table,False,foundation_backbone,False,False,False,0.0
0,foundation_x.backbone.layers_2.blocks.4.attn.qkv.weight,False,foundation_backbone,False,False,False,0.0
0,foundation_x.backbone.layers_2.blocks.4.attn.qkv.bias,False,foundation_backbone,False,False,False,0.0
0,foundation_x.backbone.layers_2.blocks.4.attn.proj.weight,False,foundation_backbone,False,False,False,0.0
0,foundation_x.backbone.layers_2.blocks.4.attn.proj.bias,False,foundation_backbone,False,False,False,0.0
0,foundation_x.backbone.layers_2.blocks.4.norm2.weight,False,foundation_backbone,False,False,False,0.0
0,foundation_x.backbone.layers_2.blocks.4.norm2.bias,False,foundation_backbone,False,False,False,0.0
0,foundation_x.backbone.layers_2.blocks.4.mlp.fc1.weight,False,foundation_backbone,False,False,False,0.0
0,foundation_x.backbone.layers_2.blocks.4.mlp.fc1.bias,False,foundation_backbone,False,False,False,0.0
0,foundation_x.backbone.layers_2.blocks.4.mlp.fc2.weight,False,foundation_backbone,False,False,False,0.0
0,foundation_x.backbone.layers_2.blocks.4.mlp.fc2.bias,False,foundation_backbone,False,False,False,0.0
0,foundation_x.backbone.layers_2.blocks.5.norm1.weight,False,foundation_backbone,False,False,False,0.0
0,foundation_x.backbone.layers_2.blocks.5.norm1.bias,False,foundation_backbone,False,False,False,0.0
0,foundation_x.backbone.layers_2.blocks.5.attn.relative_position_bias_table,False,foundation_backbone,False,False,False,0.0
0,foundation_x.backbone.layers_2.blocks.5.attn.qkv.weight,False,foundation_backbone,False,False,False,0.0
0,foundation_x.backbone.layers_2.blocks.5.attn.qkv.bias,False,foundation_backbone,False,False,False,0.0
0,foundation_x.backbone.layers_2.blocks.5.attn.proj.weight,False,foundation_backbone,False,False,False,0.0
0,foundation_x.backbone.layers_2.blocks.5.attn.proj.bias,False,foundation_backbone,False,False,False,0.0
0,foundation_x.backbone.layers_2.blocks.5.norm2.weight,False,foundation_backbone,False,False,False,0.0
0,foundation_x.backbone.layers_2.blocks.5.norm2.bias,False,foundation_backbone,False,False,False,0.0
0,foundation_x.backbone.layers_2.blocks.5.mlp.fc1.weight,False,foundation_backbone,False,False,False,0.0
0,foundation_x.backbone.layers_2.blocks.5.mlp.fc1.bias,False,foundation_backbone,False,False,False,0.0
0,foundation_x.backbone.layers_2.blocks.5.mlp.fc2.weight,False,foundation_backbone,False,False,False,0.0
0,foundation_x.backbone.layers_2.blocks.5.mlp.fc2.bias,False,foundation_backbone,False,False,False,0.0
0,foundation_x.backbone.layers_2.blocks.6.norm1.weight,False,foundation_backbone,False,False,False,0.0
0,foundation_x.backbone.layers_2.blocks.6.norm1.bias,False,foundation_backbone,False,False,False,0.0
0,foundation_x.backbone.layers_2.blocks.6.attn.relative_position_bias_table,False,foundation_backbone,False,False,False,0.0
0,foundation_x.backbone.layers_2.blocks.6.attn.qkv.weight,False,foundation_backbone,False,False,False,0.0
0,foundation_x.backbone.layers_2.blocks.6.attn.qkv.bias,False,foundation_backbone,False,False,False,0.0
0,foundation_x.backbone.layers_2.blocks.6.attn.proj.weight,False,foundation_backbone,False,False,False,0.0
0,foundation_x.backbone.layers_2.blocks.6.attn.proj.bias,False,foundation_backbone,False,False,False,0.0
0,foundation_x.backbone.layers_2.blocks.6.norm2.weight,False,foundation_backbone,False,False,False,0.0
0,foundation_x.backbone.layers_2.blocks.6.norm2.bias,False,foundation_backbone,False,False,False,0.0
0,foundation_x.backbone.layers_2.blocks.6.mlp.fc1.weight,False,foundation_backbone,False,False,False,0.0
0,foundation_x.backbone.layers_2.blocks.6.mlp.fc1.bias,False,foundation_backbone,False,False,False,0.0
0,foundation_x.backbone.layers_2.blocks.6.mlp.fc2.weight,False,foundation_backbone,False,False,False,0.0
0,foundation_x.backbone.layers_2.blocks.6.mlp.fc2.bias,False,foundation_backbone,False,False,False,0.0
0,foundation_x.backbone.layers_2.blocks.7.norm1.weight,False,foundation_backbone,False,False,False,0.0
0,foundation_x.backbone.layers_2.blocks.7.norm1.bias,False,foundation_backbone,False,False,False,0.0
0,foundation_x.backbone.layers_2.blocks.7.attn.relative_position_bias_table,False,foundation_backbone,False,False,False,0.0
0,foundation_x.backbone.layers_2.blocks.7.attn.qkv.weight,False,foundation_backbone,False,False,False,0.0
0,foundation_x.backbone.layers_2.blocks.7.attn.qkv.bias,False,foundation_backbone,False,False,False,0.0
0,foundation_x.backbone.layers_2.blocks.7.attn.proj.weight,False,foundation_backbone,False,False,False,0.0
0,foundation_x.backbone.layers_2.blocks.7.attn.proj.bias,False,foundation_backbone,False,False,False,0.0
0,foundation_x.backbone.layers_2.blocks.7.norm2.weight,False,foundation_backbone,False,False,False,0.0
0,foundation_x.backbone.layers_2.blocks.7.norm2.bias,False,foundation_backbone,False,False,False,0.0
0,foundation_x.backbone.layers_2.blocks.7.mlp.fc1.weight,False,foundation_backbone,False,False,False,0.0
0,foundation_x.backbone.layers_2.blocks.7.mlp.fc1.bias,False,foundation_backbone,False,False,False,0.0
0,foundation_x.backbone.layers_2.blocks.7.mlp.fc2.weight,False,foundation_backbone,False,False,False,0.0
0,foundation_x.backbone.layers_2.blocks.7.mlp.fc2.bias,False,foundation_backbone,False,False,False,0.0
0,foundation_x.backbone.layers_2.blocks.8.norm1.weight,False,foundation_backbone,False,False,False,0.0
0,foundation_x.backbone.layers_2.blocks.8.norm1.bias,False,foundation_backbone,False,False,False,0.0
0,foundation_x.backbone.layers_2.blocks.8.attn.relative_position_bias_table,False,foundation_backbone,False,False,False,0.0
0,foundation_x.backbone.layers_2.blocks.8.attn.qkv.weight,False,foundation_backbone,False,False,False,0.0
0,foundation_x.backbone.layers_2.blocks.8.attn.qkv.bias,False,foundation_backbone,False,False,False,0.0
0,foundation_x.backbone.layers_2.blocks.8.attn.proj.weight,False,foundation_backbone,False,False,False,0.0
0,foundation_x.backbone.layers_2.blocks.8.attn.proj.bias,False,foundation_backbone,False,False,False,0.0
0,foundation_x.backbone.layers_2.blocks.8.norm2.weight,False,foundation_backbone,False,False,False,0.0
0,foundation_x.backbone.layers_2.blocks.8.norm2.bias,False,foundation_backbone,False,False,False,0.0
0,foundation_x.backbone.layers_2.blocks.8.mlp.fc1.weight,False,foundation_backbone,False,False,False,0.0
0,foundation_x.backbone.layers_2.blocks.8.mlp.fc1.bias,False,foundation_backbone,False,False,False,0.0
0,foundation_x.backbone.layers_2.blocks.8.mlp.fc2.weight,False,foundation_backbone,False,False,False,0.0
0,foundation_x.backbone.layers_2.blocks.8.mlp.fc2.bias,False,foundation_backbone,False,False,False,0.0
0,foundation_x.backbone.layers_2.blocks.9.norm1.weight,False,foundation_backbone,False,False,False,0.0
0,foundation_x.backbone.layers_2.blocks.9.norm1.bias,False,foundation_backbone,False,False,False,0.0
0,foundation_x.backbone.layers_2.blocks.9.attn.relative_position_bias_table,False,foundation_backbone,False,False,False,0.0
0,foundation_x.backbone.layers_2.blocks.9.attn.qkv.weight,False,foundation_backbone,False,False,False,0.0
0,foundation_x.backbone.layers_2.blocks.9.attn.qkv.bias,False,foundation_backbone,False,False,False,0.0
0,foundation_x.backbone.layers_2.blocks.9.attn.proj.weight,False,foundation_backbone,False,False,False,0.0
0,foundation_x.backbone.layers_2.blocks.9.attn.proj.bias,False,foundation_backbone,False,False,False,0.0
0,foundation_x.backbone.layers_2.blocks.9.norm2.weight,False,foundation_backbone,False,False,False,0.0
0,foundation_x.backbone.layers_2.blocks.9.norm2.bias,False,foundation_backbone,False,False,False,0.0
0,foundation_x.backbone.layers_2.blocks.9.mlp.fc1.weight,False,foundation_backbone,False,False,False,0.0
0,foundation_x.backbone.layers_2.blocks.9.mlp.fc1.bias,False,foundation_backbone,False,False,False,0.0
0,foundation_x.backbone.layers_2.blocks.9.mlp.fc2.weight,False,foundation_backbone,False,False,False,0.0
0,foundation_x.backbone.layers_2.blocks.9.mlp.fc2.bias,False,foundation_backbone,False,False,False,0.0
0,foundation_x.backbone.layers_2.blocks.10.norm1.weight,False,foundation_backbone,False,False,False,0.0
0,foundation_x.backbone.layers_2.blocks.10.norm1.bias,False,foundation_backbone,False,False,False,0.0
0,foundation_x.backbone.layers_2.blocks.10.attn.relative_position_bias_table,False,foundation_backbone,False,False,False,0.0
0,foundation_x.backbone.layers_2.blocks.10.attn.qkv.weight,False,foundation_backbone,False,False,False,0.0
0,foundation_x.backbone.layers_2.blocks.10.attn.qkv.bias,False,foundation_backbone,False,False,False,0.0
0,foundation_x.backbone.layers_2.blocks.10.attn.proj.weight,False,foundation_backbone,False,False,False,0.0
0,foundation_x.backbone.layers_2.blocks.10.attn.proj.bias,False,foundation_backbone,False,False,False,0.0
0,foundation_x.backbone.layers_2.blocks.10.norm2.weight,False,foundation_backbone,False,False,False,0.0
0,foundation_x.backbone.layers_2.blocks.10.norm2.bias,False,foundation_backbone,False,False,False,0.0
0,foundation_x.backbone.layers_2.blocks.10.mlp.fc1.weight,False,foundation_backbone,False,False,False,0.0
0,foundation_x.backbone.layers_2.blocks.10.mlp.fc1.bias,False,foundation_backbone,False,False,False,0.0
0,foundation_x.backbone.layers_2.blocks.10.mlp.fc2.weight,False,foundation_backbone,False,False,False,0.0
0,foundation_x.backbone.layers_2.blocks.10.mlp.fc2.bias,False,foundation_backbone,False,False,False,0.0
0,foundation_x.backbone.layers_2.blocks.11.norm1.weight,False,foundation_backbone,False,False,False,0.0
0,foundation_x.backbone.layers_2.blocks.11.norm1.bias,False,foundation_backbone,False,False,False,0.0
0,foundation_x.backbone.layers_2.blocks.11.attn.relative_position_bias_table,False,foundation_backbone,False,False,False,0.0
0,foundation_x.backbone.layers_2.blocks.11.attn.qkv.weight,False,foundation_backbone,False,False,False,0.0
0,foundation_x.backbone.layers_2.blocks.11.attn.qkv.bias,False,foundation_backbone,False,False,False,0.0
0,foundation_x.backbone.layers_2.blocks.11.attn.proj.weight,False,foundation_backbone,False,False,False,0.0
0,foundation_x.backbone.layers_2.blocks.11.attn.proj.bias,False,foundation_backbone,False,False,False,0.0
0,foundation_x.backbone.layers_2.blocks.11.norm2.weight,False,foundation_backbone,False,False,False,0.0
0,foundation_x.backbone.layers_2.blocks.11.norm2.bias,False,foundation_backbone,False,False,False,0.0
0,foundation_x.backbone.layers_2.blocks.11.mlp.fc1.weight,False,foundation_backbone,False,False,False,0.0
0,foundation_x.backbone.layers_2.blocks.11.mlp.fc1.bias,False,foundation_backbone,False,False,False,0.0
0,foundation_x.backbone.layers_2.blocks.11.mlp.fc2.weight,False,foundation_backbone,False,False,False,0.0
0,foundation_x.backbone.layers_2.blocks.11.mlp.fc2.bias,False,foundation_backbone,False,False,False,0.0
0,foundation_x.backbone.layers_2.blocks.12.norm1.weight,False,foundation_backbone,False,False,False,0.0
0,foundation_x.backbone.layers_2.blocks.12.norm1.bias,False,foundation_backbone,False,False,False,0.0
0,foundation_x.backbone.layers_2.blocks.12.attn.relative_position_bias_table,False,foundation_backbone,False,False,False,0.0
0,foundation_x.backbone.layers_2.blocks.12.attn.qkv.weight,False,foundation_backbone,False,False,False,0.0
0,foundation_x.backbone.layers_2.blocks.12.attn.qkv.bias,False,foundation_backbone,False,False,False,0.0
0,foundation_x.backbone.layers_2.blocks.12.attn.proj.weight,False,foundation_backbone,False,False,False,0.0
0,foundation_x.backbone.layers_2.blocks.12.attn.proj.bias,False,foundation_backbone,False,False,False,0.0
0,foundation_x.backbone.layers_2.blocks.12.norm2.weight,False,foundation_backbone,False,False,False,0.0
0,foundation_x.backbone.layers_2.blocks.12.norm2.bias,False,foundation_backbone,False,False,False,0.0
0,foundation_x.backbone.layers_2.blocks.12.mlp.fc1.weight,False,foundation_backbone,False,False,False,0.0
0,foundation_x.backbone.layers_2.blocks.12.mlp.fc1.bias,False,foundation_backbone,False,False,False,0.0
0,foundation_x.backbone.layers_2.blocks.12.mlp.fc2.weight,False,foundation_backbone,False,False,False,0.0
0,foundation_x.backbone.layers_2.blocks.12.mlp.fc2.bias,False,foundation_backbone,False,False,False,0.0
0,foundation_x.backbone.layers_2.blocks.13.norm1.weight,False,foundation_backbone,False,False,False,0.0
0,foundation_x.backbone.layers_2.blocks.13.norm1.bias,False,foundation_backbone,False,False,False,0.0
0,foundation_x.backbone.layers_2.blocks.13.attn.relative_position_bias_table,False,foundation_backbone,False,False,False,0.0
0,foundation_x.backbone.layers_2.blocks.13.attn.qkv.weight,False,foundation_backbone,False,False,False,0.0
0,foundation_x.backbone.layers_2.blocks.13.attn.qkv.bias,False,foundation_backbone,False,False,False,0.0
0,foundation_x.backbone.layers_2.blocks.13.attn.proj.weight,False,foundation_backbone,False,False,False,0.0
0,foundation_x.backbone.layers_2.blocks.13.attn.proj.bias,False,foundation_backbone,False,False,False,0.0
0,foundation_x.backbone.layers_2.blocks.13.norm2.weight,False,foundation_backbone,False,False,False,0.0
0,foundation_x.backbone.layers_2.blocks.13.norm2.bias,False,foundation_backbone,False,False,False,0.0
0,foundation_x.backbone.layers_2.blocks.13.mlp.fc1.weight,False,foundation_backbone,False,False,False,0.0
0,foundation_x.backbone.layers_2.blocks.13.mlp.fc1.bias,False,foundation_backbone,False,False,False,0.0
0,foundation_x.backbone.layers_2.blocks.13.mlp.fc2.weight,False,foundation_backbone,False,False,False,0.0
0,foundation_x.backbone.layers_2.blocks.13.mlp.fc2.bias,False,foundation_backbone,False,False,False,0.0
0,foundation_x.backbone.layers_2.blocks.14.norm1.weight,False,foundation_backbone,False,False,False,0.0
0,foundation_x.backbone.layers_2.blocks.14.norm1.bias,False,foundation_backbone,False,False,False,0.0
0,foundation_x.backbone.layers_2.blocks.14.attn.relative_position_bias_table,False,foundation_backbone,False,False,False,0.0
0,foundation_x.backbone.layers_2.blocks.14.attn.qkv.weight,False,foundation_backbone,False,False,False,0.0
0,foundation_x.backbone.layers_2.blocks.14.attn.qkv.bias,False,foundation_backbone,False,False,False,0.0
0,foundation_x.backbone.layers_2.blocks.14.attn.proj.weight,False,foundation_backbone,False,False,False,0.0
0,foundation_x.backbone.layers_2.blocks.14.attn.proj.bias,False,foundation_backbone,False,False,False,0.0
0,foundation_x.backbone.layers_2.blocks.14.norm2.weight,False,foundation_backbone,False,False,False,0.0
0,foundation_x.backbone.layers_2.blocks.14.norm2.bias,False,foundation_backbone,False,False,False,0.0
0,foundation_x.backbone.layers_2.blocks.14.mlp.fc1.weight,False,foundation_backbone,False,False,False,0.0
0,foundation_x.backbone.layers_2.blocks.14.mlp.fc1.bias,False,foundation_backbone,False,False,False,0.0
0,foundation_x.backbone.layers_2.blocks.14.mlp.fc2.weight,False,foundation_backbone,False,False,False,0.0
0,foundation_x.backbone.layers_2.blocks.14.mlp.fc2.bias,False,foundation_backbone,False,False,False,0.0
0,foundation_x.backbone.layers_2.blocks.15.norm1.weight,False,foundation_backbone,False,False,False,0.0
0,foundation_x.backbone.layers_2.blocks.15.norm1.bias,False,foundation_backbone,False,False,False,0.0
0,foundation_x.backbone.layers_2.blocks.15.attn.relative_position_bias_table,False,foundation_backbone,False,False,False,0.0
0,foundation_x.backbone.layers_2.blocks.15.attn.qkv.weight,False,foundation_backbone,False,False,False,0.0
0,foundation_x.backbone.layers_2.blocks.15.attn.qkv.bias,False,foundation_backbone,False,False,False,0.0
0,foundation_x.backbone.layers_2.blocks.15.attn.proj.weight,False,foundation_backbone,False,False,False,0.0
0,foundation_x.backbone.layers_2.blocks.15.attn.proj.bias,False,foundation_backbone,False,False,False,0.0
0,foundation_x.backbone.layers_2.blocks.15.norm2.weight,False,foundation_backbone,False,False,False,0.0
0,foundation_x.backbone.layers_2.blocks.15.norm2.bias,False,foundation_backbone,False,False,False,0.0
0,foundation_x.backbone.layers_2.blocks.15.mlp.fc1.weight,False,foundation_backbone,False,False,False,0.0
0,foundation_x.backbone.layers_2.blocks.15.mlp.fc1.bias,False,foundation_backbone,False,False,False,0.0
0,foundation_x.backbone.layers_2.blocks.15.mlp.fc2.weight,False,foundation_backbone,False,False,False,0.0
0,foundation_x.backbone.layers_2.blocks.15.mlp.fc2.bias,False,foundation_backbone,False,False,False,0.0
0,foundation_x.backbone.layers_2.blocks.16.norm1.weight,False,foundation_backbone,False,False,False,0.0
0,foundation_x.backbone.layers_2.blocks.16.norm1.bias,False,foundation_backbone,False,False,False,0.0
0,foundation_x.backbone.layers_2.blocks.16.attn.relative_position_bias_table,False,foundation_backbone,False,False,False,0.0
0,foundation_x.backbone.layers_2.blocks.16.attn.qkv.weight,False,foundation_backbone,False,False,False,0.0
0,foundation_x.backbone.layers_2.blocks.16.attn.qkv.bias,False,foundation_backbone,False,False,False,0.0
0,foundation_x.backbone.layers_2.blocks.16.attn.proj.weight,False,foundation_backbone,False,False,False,0.0
0,foundation_x.backbone.layers_2.blocks.16.attn.proj.bias,False,foundation_backbone,False,False,False,0.0
0,foundation_x.backbone.layers_2.blocks.16.norm2.weight,False,foundation_backbone,False,False,False,0.0
0,foundation_x.backbone.layers_2.blocks.16.norm2.bias,False,foundation_backbone,False,False,False,0.0
0,foundation_x.backbone.layers_2.blocks.16.mlp.fc1.weight,False,foundation_backbone,False,False,False,0.0
0,foundation_x.backbone.layers_2.blocks.16.mlp.fc1.bias,False,foundation_backbone,False,False,False,0.0
0,foundation_x.backbone.layers_2.blocks.16.mlp.fc2.weight,False,foundation_backbone,False,False,False,0.0
0,foundation_x.backbone.layers_2.blocks.16.mlp.fc2.bias,False,foundation_backbone,False,False,False,0.0
0,foundation_x.backbone.layers_2.blocks.17.norm1.weight,False,foundation_backbone,False,False,False,0.0
0,foundation_x.backbone.layers_2.blocks.17.norm1.bias,False,foundation_backbone,False,False,False,0.0
0,foundation_x.backbone.layers_2.blocks.17.attn.relative_position_bias_table,False,foundation_backbone,False,False,False,0.0
0,foundation_x.backbone.layers_2.blocks.17.attn.qkv.weight,False,foundation_backbone,False,False,False,0.0
0,foundation_x.backbone.layers_2.blocks.17.attn.qkv.bias,False,foundation_backbone,False,False,False,0.0
0,foundation_x.backbone.layers_2.blocks.17.attn.proj.weight,False,foundation_backbone,False,False,False,0.0
0,foundation_x.backbone.layers_2.blocks.17.attn.proj.bias,False,foundation_backbone,False,False,False,0.0
0,foundation_x.backbone.layers_2.blocks.17.norm2.weight,False,foundation_backbone,False,False,False,0.0
0,foundation_x.backbone.layers_2.blocks.17.norm2.bias,False,foundation_backbone,False,False,False,0.0
0,foundation_x.backbone.layers_2.blocks.17.mlp.fc1.weight,False,foundation_backbone,False,False,False,0.0
0,foundation_x.backbone.layers_2.blocks.17.mlp.fc1.bias,False,foundation_backbone,False,False,False,0.0
0,foundation_x.backbone.layers_2.blocks.17.mlp.fc2.weight,False,foundation_backbone,False,False,False,0.0
0,foundation_x.backbone.layers_2.blocks.17.mlp.fc2.bias,False,foundation_backbone,False,False,False,0.0
0,foundation_x.backbone.layers_3.downsample.norm.weight,False,foundation_backbone,False,False,False,0.0
0,foundation_x.backbone.layers_3.downsample.norm.bias,False,foundation_backbone,False,False,False,0.0
0,foundation_x.backbone.layers_3.downsample.reduction.weight,False,foundation_backbone,False,False,False,0.0
0,foundation_x.backbone.layers_3.blocks.0.norm1.weight,False,foundation_backbone,False,False,False,0.0
0,foundation_x.backbone.layers_3.blocks.0.norm1.bias,False,foundation_backbone,False,False,False,0.0
0,foundation_x.backbone.layers_3.blocks.0.attn.relative_position_bias_table,False,foundation_backbone,False,False,False,0.0
0,foundation_x.backbone.layers_3.blocks.0.attn.qkv.weight,False,foundation_backbone,False,False,False,0.0
0,foundation_x.backbone.layers_3.blocks.0.attn.qkv.bias,False,foundation_backbone,False,False,False,0.0
0,foundation_x.backbone.layers_3.blocks.0.attn.proj.weight,False,foundation_backbone,False,False,False,0.0
0,foundation_x.backbone.layers_3.blocks.0.attn.proj.bias,False,foundation_backbone,False,False,False,0.0
0,foundation_x.backbone.layers_3.blocks.0.norm2.weight,False,foundation_backbone,False,False,False,0.0
0,foundation_x.backbone.layers_3.blocks.0.norm2.bias,False,foundation_backbone,False,False,False,0.0
0,foundation_x.backbone.layers_3.blocks.0.mlp.fc1.weight,False,foundation_backbone,False,False,False,0.0
0,foundation_x.backbone.layers_3.blocks.0.mlp.fc1.bias,False,foundation_backbone,False,False,False,0.0
0,foundation_x.backbone.layers_3.blocks.0.mlp.fc2.weight,False,foundation_backbone,False,False,False,0.0
0,foundation_x.backbone.layers_3.blocks.0.mlp.fc2.bias,False,foundation_backbone,False,False,False,0.0
0,foundation_x.backbone.layers_3.blocks.1.norm1.weight,False,foundation_backbone,False,False,False,0.0
0,foundation_x.backbone.layers_3.blocks.1.norm1.bias,False,foundation_backbone,False,False,False,0.0
0,foundation_x.backbone.layers_3.blocks.1.attn.relative_position_bias_table,False,foundation_backbone,False,False,False,0.0
0,foundation_x.backbone.layers_3.blocks.1.attn.qkv.weight,False,foundation_backbone,False,False,False,0.0
0,foundation_x.backbone.layers_3.blocks.1.attn.qkv.bias,False,foundation_backbone,False,False,False,0.0
0,foundation_x.backbone.layers_3.blocks.1.attn.proj.weight,False,foundation_backbone,False,False,False,0.0
0,foundation_x.backbone.layers_3.blocks.1.attn.proj.bias,False,foundation_backbone,False,False,False,0.0
0,foundation_x.backbone.layers_3.blocks.1.norm2.weight,False,foundation_backbone,False,False,False,0.0
0,foundation_x.backbone.layers_3.blocks.1.norm2.bias,False,foundation_backbone,False,False,False,0.0
0,foundation_x.backbone.layers_3.blocks.1.mlp.fc1.weight,False,foundation_backbone,False,False,False,0.0
0,foundation_x.backbone.layers_3.blocks.1.mlp.fc1.bias,False,foundation_backbone,False,False,False,0.0
0,foundation_x.backbone.layers_3.blocks.1.mlp.fc2.weight,False,foundation_backbone,False,False,False,0.0
0,foundation_x.backbone.layers_3.blocks.1.mlp.fc2.bias,False,foundation_backbone,False,False,False,0.0
0,enc1.block.0.weight,True,encoder_cnn,True,True,True,0.3336908519268036
0,enc1.block.1.weight,True,encoder_cnn,True,True,True,0.02665114216506481
0,enc1.block.1.bias,True,encoder_cnn,True,True,True,0.014892682433128357
0,enc1.block.3.weight,True,encoder_cnn,True,True,True,0.9935201406478882
0,enc1.block.4.weight,True,encoder_cnn,True,True,True,0.020847918465733528
0,enc1.block.4.bias,True,encoder_cnn,True,True,True,0.017920754849910736
0,enc2.block.0.weight,True,encoder_cnn,True,True,True,0.16897957026958466
0,enc2.block.1.weight,True,encoder_cnn,True,True,True,0.0033546192571520805
0,enc2.block.1.bias,True,encoder_cnn,True,True,True,0.002462418284267187
0,enc2.block.3.weight,True,encoder_cnn,True,True,True,0.18504323065280914
0,enc2.block.4.weight,True,encoder_cnn,True,True,True,0.002715679118409753
0,enc2.block.4.bias,True,encoder_cnn,True,True,True,0.002100897952914238
0,enc3.block.0.weight,True,encoder_cnn,True,True,True,0.026408959180116653
0,enc3.block.1.weight,True,encoder_cnn,True,True,True,0.00041203165892511606
0,enc3.block.1.bias,True,encoder_cnn,True,True,True,0.0003079608432017267
0,enc3.block.3.weight,True,encoder_cnn,True,True,True,0.03360137343406677
0,enc3.block.4.weight,True,encoder_cnn,True,True,True,0.00037697184598073363
0,enc3.block.4.bias,True,encoder_cnn,True,True,True,0.0002560779685154557
0,enc4.block.0.weight,True,encoder_cnn,True,True,True,0.006326221860945225
0,enc4.block.1.weight,True,encoder_cnn,True,True,True,6.971078983042389e-05
0,enc4.block.1.bias,True,encoder_cnn,True,True,True,4.7540681407554075e-05
0,enc4.block.3.weight,True,encoder_cnn,True,True,True,0.007976943626999855
0,enc4.block.4.weight,True,encoder_cnn,True,True,True,5.9161939134355634e-05
0,enc4.block.4.bias,True,encoder_cnn,True,True,True,4.042400178150274e-05
0,fusion_e3.conv.0.weight,True,adapter_fusion,True,True,True,0.01945892907679081
0,fusion_e3.conv.0.bias,True,adapter_fusion,True,True,True,1.309825137241205e-09
0,fusion_e3.conv.1.weight,True,adapter_fusion,True,True,True,0.0005437840591184795
0,fusion_e3.conv.1.bias,True,adapter_fusion,True,True,True,0.0003856640832964331
0,fusion_e4.conv.0.weight,True,adapter_fusion,True,True,True,0.004222534131258726
0,fusion_e4.conv.0.bias,True,adapter_fusion,True,True,True,1.3730154513336146e-10
0,fusion_e4.conv.1.weight,True,adapter_fusion,True,True,True,7.783186447340995e-05
0,fusion_e4.conv.1.bias,True,adapter_fusion,True,True,True,6.149974069558084e-05
0,h16_unet_context.block.0.weight,True,other_trainable,True,True,True,0.0006475791451521218
0,h16_unet_context.block.1.weight,True,other_trainable,True,True,True,4.792552317667287e-06
0,h16_unet_context.block.1.bias,True,other_trainable,True,True,True,3.7844722555746557e-06
0,h16_unet_context.block.3.weight,True,other_trainable,True,True,True,0.0007899675983935595
0,h16_unet_context.block.4.weight,True,other_trainable,True,True,True,4.193485438008793e-06
0,h16_unet_context.block.4.bias,True,other_trainable,True,True,True,3.3675364647933748e-06
0,h16_fx_context.conv.0.weight,True,adapter_fusion,True,True,True,0.0024761008098721504
0,h16_fx_context.conv.0.bias,True,adapter_fusion,True,True,True,5.922740162894735e-12
0,h16_fx_context.conv.1.weight,True,adapter_fusion,True,True,True,2.8450467652874067e-05
0,h16_fx_context.conv.1.bias,True,adapter_fusion,True,True,True,2.5298922992078587e-05
0,h32_context_head.block.0.weight,True,adapter_fusion,True,True,True,0.002113831927999854
0,h32_context_head.block.1.weight,True,adapter_fusion,True,True,True,1.0132628631254192e-05
0,h32_context_head.block.1.bias,True,adapter_fusion,True,True,True,9.063496690941975e-06
0,h32_context_head.block.3.weight,True,adapter_fusion,True,True,True,0.001655959989875555
0,h32_context_head.block.4.weight,True,adapter_fusion,True,True,True,9.907402272801846e-06
0,h32_context_head.block.4.bias,True,adapter_fusion,True,True,True,9.212954864779022e-06
0,h32_to_h16.weight,True,adapter_fusion,True,True,True,0.001056876266375184
0,h32_to_h16.bias,True,adapter_fusion,True,True,True,8.438854820269626e-06
0,context_merge.block.0.weight,True,adapter_fusion,True,True,True,0.006905744317919016
0,context_merge.block.1.weight,True,adapter_fusion,True,True,True,2.5486413505859673e-05
0,context_merge.block.1.bias,True,adapter_fusion,True,True,True,2.2208909285836853e-05
0,context_merge.block.3.weight,True,adapter_fusion,True,True,True,0.00416409969329834
0,context_merge.block.4.weight,True,adapter_fusion,True,True,True,2.351088187424466e-05
0,context_merge.block.4.bias,True,adapter_fusion,True,True,True,2.3896329366834834e-05
0,up4.weight,True,decoder_head,True,True,True,0.0018854740774258971
0,up4.bias,True,decoder_head,True,True,True,2.2351279767462984e-05
0,dec4.block.0.weight,True,decoder_head,True,True,True,0.013683771714568138
0,dec4.block.1.weight,True,decoder_head,True,True,True,7.743987953290343e-05
0,dec4.block.1.bias,True,decoder_head,True,True,True,5.8013312809634954e-05
0,dec4.block.3.weight,True,decoder_head,True,True,True,0.008806590922176838
0,dec4.block.4.weight,True,decoder_head,True,True,True,9.030342334881425e-05
0,dec4.block.4.bias,True,decoder_head,True,True,True,8.411197632085532e-05
0,up3.weight,True,decoder_head,True,True,True,0.004578272346407175
0,up3.bias,True,decoder_head,True,True,True,8.53121600812301e-05
0,dec3.block.0.weight,True,decoder_head,True,True,True,0.06090838462114334
0,dec3.block.1.weight,True,decoder_head,True,True,True,0.0005185639020055532
0,dec3.block.1.bias,True,decoder_head,True,True,True,0.00037086132215335965
0,dec3.block.3.weight,True,decoder_head,True,True,True,0.04118905961513519
0,dec3.block.4.weight,True,decoder_head,True,True,True,0.0006191974971443415
0,dec3.block.4.bias,True,decoder_head,True,True,True,0.0005518201505765319
0,up2.weight,True,decoder_head,True,True,True,0.021802082657814026
0,up2.bias,True,decoder_head,True,True,True,0.00028926183586008847
0,dec2.block.0.weight,True,decoder_head,True,True,True,0.2323635220527649
0,dec2.block.1.weight,True,decoder_head,True,True,True,0.0026962915435433388
0,dec2.block.1.bias,True,decoder_head,True,True,True,0.0021891735959798098
0,dec2.block.3.weight,True,decoder_head,True,True,True,0.16171099245548248
0,dec2.block.4.weight,True,decoder_head,True,True,True,0.003330431878566742
0,dec2.block.4.bias,True,decoder_head,True,True,True,0.0034676215145736933
0,up1.weight,True,decoder_head,True,True,True,0.08470556139945984
0,up1.bias,True,decoder_head,True,True,True,0.0007528538699261844
0,dec1.block.0.weight,True,decoder_head,True,True,True,1.092458724975586
0,dec1.block.1.weight,True,decoder_head,True,True,True,0.013994741253554821
0,dec1.block.1.bias,True,decoder_head,True,True,True,0.012855459935963154
0,dec1.block.3.weight,True,decoder_head,True,True,True,0.6503443121910095
0,dec1.block.4.weight,True,decoder_head,True,True,True,0.10897348076105118
0,dec1.block.4.bias,True,decoder_head,True,True,True,0.1539585292339325
0,final.weight,True,decoder_head,True,True,True,1.6700127124786377
0,final.bias,True,decoder_head,True,True,True,0.5909231305122375
1,foundation_x.backbone.patch_embed.proj.weight,False,foundation_backbone,False,False,False,0.0
1,foundation_x.backbone.patch_embed.proj.bias,False,foundation_backbone,False,False,False,0.0
1,foundation_x.backbone.patch_embed.norm.weight,False,foundation_backbone,False,False,False,0.0
1,foundation_x.backbone.patch_embed.norm.bias,False,foundation_backbone,False,False,False,0.0
1,foundation_x.backbone.layers_0.blocks.0.norm1.weight,False,foundation_backbone,False,False,False,0.0
1,foundation_x.backbone.layers_0.blocks.0.norm1.bias,False,foundation_backbone,False,False,False,0.0
1,foundation_x.backbone.layers_0.blocks.0.attn.relative_position_bias_table,False,foundation_backbone,False,False,False,0.0
1,foundation_x.backbone.layers_0.blocks.0.attn.qkv.weight,False,foundation_backbone,False,False,False,0.0
1,foundation_x.backbone.layers_0.blocks.0.attn.qkv.bias,False,foundation_backbone,False,False,False,0.0
1,foundation_x.backbone.layers_0.blocks.0.attn.proj.weight,False,foundation_backbone,False,False,False,0.0
1,foundation_x.backbone.layers_0.blocks.0.attn.proj.bias,False,foundation_backbone,False,False,False,0.0
1,foundation_x.backbone.layers_0.blocks.0.norm2.weight,False,foundation_backbone,False,False,False,0.0
1,foundation_x.backbone.layers_0.blocks.0.norm2.bias,False,foundation_backbone,False,False,False,0.0
1,foundation_x.backbone.layers_0.blocks.0.mlp.fc1.weight,False,foundation_backbone,False,False,False,0.0
1,foundation_x.backbone.layers_0.blocks.0.mlp.fc1.bias,False,foundation_backbone,False,False,False,0.0
1,foundation_x.backbone.layers_0.blocks.0.mlp.fc2.weight,False,foundation_backbone,False,False,False,0.0
1,foundation_x.backbone.layers_0.blocks.0.mlp.fc2.bias,False,foundation_backbone,False,False,False,0.0
1,foundation_x.backbone.layers_0.blocks.1.norm1.weight,False,foundation_backbone,False,False,False,0.0
1,foundation_x.backbone.layers_0.blocks.1.norm1.bias,False,foundation_backbone,False,False,False,0.0
1,foundation_x.backbone.layers_0.blocks.1.attn.relative_position_bias_table,False,foundation_backbone,False,False,False,0.0
1,foundation_x.backbone.layers_0.blocks.1.attn.qkv.weight,False,foundation_backbone,False,False,False,0.0
1,foundation_x.backbone.layers_0.blocks.1.attn.qkv.bias,False,foundation_backbone,False,False,False,0.0
1,foundation_x.backbone.layers_0.blocks.1.attn.proj.weight,False,foundation_backbone,False,False,False,0.0
1,foundation_x.backbone.layers_0.blocks.1.attn.proj.bias,False,foundation_backbone,False,False,False,0.0
1,foundation_x.backbone.layers_0.blocks.1.norm2.weight,False,foundation_backbone,False,False,False,0.0
1,foundation_x.backbone.layers_0.blocks.1.norm2.bias,False,foundation_backbone,False,False,False,0.0
1,foundation_x.backbone.layers_0.blocks.1.mlp.fc1.weight,False,foundation_backbone,False,False,False,0.0
1,foundation_x.backbone.layers_0.blocks.1.mlp.fc1.bias,False,foundation_backbone,False,False,False,0.0
1,foundation_x.backbone.layers_0.blocks.1.mlp.fc2.weight,False,foundation_backbone,False,False,False,0.0
1,foundation_x.backbone.layers_0.blocks.1.mlp.fc2.bias,False,foundation_backbone,False,False,False,0.0
1,foundation_x.backbone.layers_1.downsample.norm.weight,False,foundation_backbone,False,False,False,0.0
1,foundation_x.backbone.layers_1.downsample.norm.bias,False,foundation_backbone,False,False,False,0.0
1,foundation_x.backbone.layers_1.downsample.reduction.weight,False,foundation_backbone,False,False,False,0.0
1,foundation_x.backbone.layers_1.blocks.0.norm1.weight,False,foundation_backbone,False,False,False,0.0
1,foundation_x.backbone.layers_1.blocks.0.norm1.bias,False,foundation_backbone,False,False,False,0.0
1,foundation_x.backbone.layers_1.blocks.0.attn.relative_position_bias_table,False,foundation_backbone,False,False,False,0.0
1,foundation_x.backbone.layers_1.blocks.0.attn.qkv.weight,False,foundation_backbone,False,False,False,0.0
1,foundation_x.backbone.layers_1.blocks.0.attn.qkv.bias,False,foundation_backbone,False,False,False,0.0
1,foundation_x.backbone.layers_1.blocks.0.attn.proj.weight,False,foundation_backbone,False,False,False,0.0
1,foundation_x.backbone.layers_1.blocks.0.attn.proj.bias,False,foundation_backbone,False,False,False,0.0
1,foundation_x.backbone.layers_1.blocks.0.norm2.weight,False,foundation_backbone,False,False,False,0.0
1,foundation_x.backbone.layers_1.blocks.0.norm2.bias,False,foundation_backbone,False,False,False,0.0
1,foundation_x.backbone.layers_1.blocks.0.mlp.fc1.weight,False,foundation_backbone,False,False,False,0.0
1,foundation_x.backbone.layers_1.blocks.0.mlp.fc1.bias,False,foundation_backbone,False,False,False,0.0
1,foundation_x.backbone.layers_1.blocks.0.mlp.fc2.weight,False,foundation_backbone,False,False,False,0.0
1,foundation_x.backbone.layers_1.blocks.0.mlp.fc2.bias,False,foundation_backbone,False,False,False,0.0
1,foundation_x.backbone.layers_1.blocks.1.norm1.weight,False,foundation_backbone,False,False,False,0.0
1,foundation_x.backbone.layers_1.blocks.1.norm1.bias,False,foundation_backbone,False,False,False,0.0
1,foundation_x.backbone.layers_1.blocks.1.attn.relative_position_bias_table,False,foundation_backbone,False,False,False,0.0
1,foundation_x.backbone.layers_1.blocks.1.attn.qkv.weight,False,foundation_backbone,False,False,False,0.0
1,foundation_x.backbone.layers_1.blocks.1.attn.qkv.bias,False,foundation_backbone,False,False,False,0.0
1,foundation_x.backbone.layers_1.blocks.1.attn.proj.weight,False,foundation_backbone,False,False,False,0.0
1,foundation_x.backbone.layers_1.blocks.1.attn.proj.bias,False,foundation_backbone,False,False,False,0.0
1,foundation_x.backbone.layers_1.blocks.1.norm2.weight,False,foundation_backbone,False,False,False,0.0
1,foundation_x.backbone.layers_1.blocks.1.norm2.bias,False,foundation_backbone,False,False,False,0.0
1,foundation_x.backbone.layers_1.blocks.1.mlp.fc1.weight,False,foundation_backbone,False,False,False,0.0
1,foundation_x.backbone.layers_1.blocks.1.mlp.fc1.bias,False,foundation_backbone,False,False,False,0.0
1,foundation_x.backbone.layers_1.blocks.1.mlp.fc2.weight,False,foundation_backbone,False,False,False,0.0
1,foundation_x.backbone.layers_1.blocks.1.mlp.fc2.bias,False,foundation_backbone,False,False,False,0.0
1,foundation_x.backbone.layers_2.downsample.norm.weight,False,foundation_backbone,False,False,False,0.0
1,foundation_x.backbone.layers_2.downsample.norm.bias,False,foundation_backbone,False,False,False,0.0
1,foundation_x.backbone.layers_2.downsample.reduction.weight,False,foundation_backbone,False,False,False,0.0
1,foundation_x.backbone.layers_2.blocks.0.norm1.weight,False,foundation_backbone,False,False,False,0.0
1,foundation_x.backbone.layers_2.blocks.0.norm1.bias,False,foundation_backbone,False,False,False,0.0
1,foundation_x.backbone.layers_2.blocks.0.attn.relative_position_bias_table,False,foundation_backbone,False,False,False,0.0
1,foundation_x.backbone.layers_2.blocks.0.attn.qkv.weight,False,foundation_backbone,False,False,False,0.0
1,foundation_x.backbone.layers_2.blocks.0.attn.qkv.bias,False,foundation_backbone,False,False,False,0.0
1,foundation_x.backbone.layers_2.blocks.0.attn.proj.weight,False,foundation_backbone,False,False,False,0.0
1,foundation_x.backbone.layers_2.blocks.0.attn.proj.bias,False,foundation_backbone,False,False,False,0.0
1,foundation_x.backbone.layers_2.blocks.0.norm2.weight,False,foundation_backbone,False,False,False,0.0
1,foundation_x.backbone.layers_2.blocks.0.norm2.bias,False,foundation_backbone,False,False,False,0.0
1,foundation_x.backbone.layers_2.blocks.0.mlp.fc1.weight,False,foundation_backbone,False,False,False,0.0
1,foundation_x.backbone.layers_2.blocks.0.mlp.fc1.bias,False,foundation_backbone,False,False,False,0.0
1,foundation_x.backbone.layers_2.blocks.0.mlp.fc2.weight,False,foundation_backbone,False,False,False,0.0
1,foundation_x.backbone.layers_2.blocks.0.mlp.fc2.bias,False,foundation_backbone,False,False,False,0.0
1,foundation_x.backbone.layers_2.blocks.1.norm1.weight,False,foundation_backbone,False,False,False,0.0
1,foundation_x.backbone.layers_2.blocks.1.norm1.bias,False,foundation_backbone,False,False,False,0.0
1,foundation_x.backbone.layers_2.blocks.1.attn.relative_position_bias_table,False,foundation_backbone,False,False,False,0.0
1,foundation_x.backbone.layers_2.blocks.1.attn.qkv.weight,False,foundation_backbone,False,False,False,0.0
1,foundation_x.backbone.layers_2.blocks.1.attn.qkv.bias,False,foundation_backbone,False,False,False,0.0
1,foundation_x.backbone.layers_2.blocks.1.attn.proj.weight,False,foundation_backbone,False,False,False,0.0
1,foundation_x.backbone.layers_2.blocks.1.attn.proj.bias,False,foundation_backbone,False,False,False,0.0
1,foundation_x.backbone.layers_2.blocks.1.norm2.weight,False,foundation_backbone,False,False,False,0.0
1,foundation_x.backbone.layers_2.blocks.1.norm2.bias,False,foundation_backbone,False,False,False,0.0
1,foundation_x.backbone.layers_2.blocks.1.mlp.fc1.weight,False,foundation_backbone,False,False,False,0.0
1,foundation_x.backbone.layers_2.blocks.1.mlp.fc1.bias,False,foundation_backbone,False,False,False,0.0
1,foundation_x.backbone.layers_2.blocks.1.mlp.fc2.weight,False,foundation_backbone,False,False,False,0.0
1,foundation_x.backbone.layers_2.blocks.1.mlp.fc2.bias,False,foundation_backbone,False,False,False,0.0
1,foundation_x.backbone.layers_2.blocks.2.norm1.weight,False,foundation_backbone,False,False,False,0.0
1,foundation_x.backbone.layers_2.blocks.2.norm1.bias,False,foundation_backbone,False,False,False,0.0
1,foundation_x.backbone.layers_2.blocks.2.attn.relative_position_bias_table,False,foundation_backbone,False,False,False,0.0
1,foundation_x.backbone.layers_2.blocks.2.attn.qkv.weight,False,foundation_backbone,False,False,False,0.0
1,foundation_x.backbone.layers_2.blocks.2.attn.qkv.bias,False,foundation_backbone,False,False,False,0.0
1,foundation_x.backbone.layers_2.blocks.2.attn.proj.weight,False,foundation_backbone,False,False,False,0.0
1,foundation_x.backbone.layers_2.blocks.2.attn.proj.bias,False,foundation_backbone,False,False,False,0.0
1,foundation_x.backbone.layers_2.blocks.2.norm2.weight,False,foundation_backbone,False,False,False,0.0
1,foundation_x.backbone.layers_2.blocks.2.norm2.bias,False,foundation_backbone,False,False,False,0.0
1,foundation_x.backbone.layers_2.blocks.2.mlp.fc1.weight,False,foundation_backbone,False,False,False,0.0
1,foundation_x.backbone.layers_2.blocks.2.mlp.fc1.bias,False,foundation_backbone,False,False,False,0.0
1,foundation_x.backbone.layers_2.blocks.2.mlp.fc2.weight,False,foundation_backbone,False,False,False,0.0
1,foundation_x.backbone.layers_2.blocks.2.mlp.fc2.bias,False,foundation_backbone,False,False,False,0.0
1,foundation_x.backbone.layers_2.blocks.3.norm1.weight,False,foundation_backbone,False,False,False,0.0
1,foundation_x.backbone.layers_2.blocks.3.norm1.bias,False,foundation_backbone,False,False,False,0.0
1,foundation_x.backbone.layers_2.blocks.3.attn.relative_position_bias_table,False,foundation_backbone,False,False,False,0.0
1,foundation_x.backbone.layers_2.blocks.3.attn.qkv.weight,False,foundation_backbone,False,False,False,0.0
1,foundation_x.backbone.layers_2.blocks.3.attn.qkv.bias,False,foundation_backbone,False,False,False,0.0
1,foundation_x.backbone.layers_2.blocks.3.attn.proj.weight,False,foundation_backbone,False,False,False,0.0
1,foundation_x.backbone.layers_2.blocks.3.attn.proj.bias,False,foundation_backbone,False,False,False,0.0
1,foundation_x.backbone.layers_2.blocks.3.norm2.weight,False,foundation_backbone,False,False,False,0.0
1,foundation_x.backbone.layers_2.blocks.3.norm2.bias,False,foundation_backbone,False,False,False,0.0
1,foundation_x.backbone.layers_2.blocks.3.mlp.fc1.weight,False,foundation_backbone,False,False,False,0.0
1,foundation_x.backbone.layers_2.blocks.3.mlp.fc1.bias,False,foundation_backbone,False,False,False,0.0
1,foundation_x.backbone.layers_2.blocks.3.mlp.fc2.weight,False,foundation_backbone,False,False,False,0.0
1,foundation_x.backbone.layers_2.blocks.3.mlp.fc2.bias,False,foundation_backbone,False,False,False,0.0
1,foundation_x.backbone.layers_2.blocks.4.norm1.weight,False,foundation_backbone,False,False,False,0.0
1,foundation_x.backbone.layers_2.blocks.4.norm1.bias,False,foundation_backbone,False,False,False,0.0
1,foundation_x.backbone.layers_2.blocks.4.attn.relative_position_bias_table,False,foundation_backbone,False,False,False,0.0
1,foundation_x.backbone.layers_2.blocks.4.attn.qkv.weight,False,foundation_backbone,False,False,False,0.0
1,foundation_x.backbone.layers_2.blocks.4.attn.qkv.bias,False,foundation_backbone,False,False,False,0.0
1,foundation_x.backbone.layers_2.blocks.4.attn.proj.weight,False,foundation_backbone,False,False,False,0.0
1,foundation_x.backbone.layers_2.blocks.4.attn.proj.bias,False,foundation_backbone,False,False,False,0.0
1,foundation_x.backbone.layers_2.blocks.4.norm2.weight,False,foundation_backbone,False,False,False,0.0
1,foundation_x.backbone.layers_2.blocks.4.norm2.bias,False,foundation_backbone,False,False,False,0.0
1,foundation_x.backbone.layers_2.blocks.4.mlp.fc1.weight,False,foundation_backbone,False,False,False,0.0
1,foundation_x.backbone.layers_2.blocks.4.mlp.fc1.bias,False,foundation_backbone,False,False,False,0.0
1,foundation_x.backbone.layers_2.blocks.4.mlp.fc2.weight,False,foundation_backbone,False,False,False,0.0
1,foundation_x.backbone.layers_2.blocks.4.mlp.fc2.bias,False,foundation_backbone,False,False,False,0.0
1,foundation_x.backbone.layers_2.blocks.5.norm1.weight,False,foundation_backbone,False,False,False,0.0
1,foundation_x.backbone.layers_2.blocks.5.norm1.bias,False,foundation_backbone,False,False,False,0.0
1,foundation_x.backbone.layers_2.blocks.5.attn.relative_position_bias_table,False,foundation_backbone,False,False,False,0.0
1,foundation_x.backbone.layers_2.blocks.5.attn.qkv.weight,False,foundation_backbone,False,False,False,0.0
1,foundation_x.backbone.layers_2.blocks.5.attn.qkv.bias,False,foundation_backbone,False,False,False,0.0
1,foundation_x.backbone.layers_2.blocks.5.attn.proj.weight,False,foundation_backbone,False,False,False,0.0
1,foundation_x.backbone.layers_2.blocks.5.attn.proj.bias,False,foundation_backbone,False,False,False,0.0
1,foundation_x.backbone.layers_2.blocks.5.norm2.weight,False,foundation_backbone,False,False,False,0.0
1,foundation_x.backbone.layers_2.blocks.5.norm2.bias,False,foundation_backbone,False,False,False,0.0
1,foundation_x.backbone.layers_2.blocks.5.mlp.fc1.weight,False,foundation_backbone,False,False,False,0.0
1,foundation_x.backbone.layers_2.blocks.5.mlp.fc1.bias,False,foundation_backbone,False,False,False,0.0
1,foundation_x.backbone.layers_2.blocks.5.mlp.fc2.weight,False,foundation_backbone,False,False,False,0.0
1,foundation_x.backbone.layers_2.blocks.5.mlp.fc2.bias,False,foundation_backbone,False,False,False,0.0
1,foundation_x.backbone.layers_2.blocks.6.norm1.weight,False,foundation_backbone,False,False,False,0.0
1,foundation_x.backbone.layers_2.blocks.6.norm1.bias,False,foundation_backbone,False,False,False,0.0
1,foundation_x.backbone.layers_2.blocks.6.attn.relative_position_bias_table,False,foundation_backbone,False,False,False,0.0
1,foundation_x.backbone.layers_2.blocks.6.attn.qkv.weight,False,foundation_backbone,False,False,False,0.0
1,foundation_x.backbone.layers_2.blocks.6.attn.qkv.bias,False,foundation_backbone,False,False,False,0.0
1,foundation_x.backbone.layers_2.blocks.6.attn.proj.weight,False,foundation_backbone,False,False,False,0.0
1,foundation_x.backbone.layers_2.blocks.6.attn.proj.bias,False,foundation_backbone,False,False,False,0.0
1,foundation_x.backbone.layers_2.blocks.6.norm2.weight,False,foundation_backbone,False,False,False,0.0
1,foundation_x.backbone.layers_2.blocks.6.norm2.bias,False,foundation_backbone,False,False,False,0.0
1,foundation_x.backbone.layers_2.blocks.6.mlp.fc1.weight,False,foundation_backbone,False,False,False,0.0
1,foundation_x.backbone.layers_2.blocks.6.mlp.fc1.bias,False,foundation_backbone,False,False,False,0.0
1,foundation_x.backbone.layers_2.blocks.6.mlp.fc2.weight,False,foundation_backbone,False,False,False,0.0
1,foundation_x.backbone.layers_2.blocks.6.mlp.fc2.bias,False,foundation_backbone,False,False,False,0.0
1,foundation_x.backbone.layers_2.blocks.7.norm1.weight,False,foundation_backbone,False,False,False,0.0
1,foundation_x.backbone.layers_2.blocks.7.norm1.bias,False,foundation_backbone,False,False,False,0.0
1,foundation_x.backbone.layers_2.blocks.7.attn.relative_position_bias_table,False,foundation_backbone,False,False,False,0.0
1,foundation_x.backbone.layers_2.blocks.7.attn.qkv.weight,False,foundation_backbone,False,False,False,0.0
1,foundation_x.backbone.layers_2.blocks.7.attn.qkv.bias,False,foundation_backbone,False,False,False,0.0
1,foundation_x.backbone.layers_2.blocks.7.attn.proj.weight,False,foundation_backbone,False,False,False,0.0
1,foundation_x.backbone.layers_2.blocks.7.attn.proj.bias,False,foundation_backbone,False,False,False,0.0
1,foundation_x.backbone.layers_2.blocks.7.norm2.weight,False,foundation_backbone,False,False,False,0.0
1,foundation_x.backbone.layers_2.blocks.7.norm2.bias,False,foundation_backbone,False,False,False,0.0
1,foundation_x.backbone.layers_2.blocks.7.mlp.fc1.weight,False,foundation_backbone,False,False,False,0.0
1,foundation_x.backbone.layers_2.blocks.7.mlp.fc1.bias,False,foundation_backbone,False,False,False,0.0
1,foundation_x.backbone.layers_2.blocks.7.mlp.fc2.weight,False,foundation_backbone,False,False,False,0.0
1,foundation_x.backbone.layers_2.blocks.7.mlp.fc2.bias,False,foundation_backbone,False,False,False,0.0
1,foundation_x.backbone.layers_2.blocks.8.norm1.weight,False,foundation_backbone,False,False,False,0.0
1,foundation_x.backbone.layers_2.blocks.8.norm1.bias,False,foundation_backbone,False,False,False,0.0
1,foundation_x.backbone.layers_2.blocks.8.attn.relative_position_bias_table,False,foundation_backbone,False,False,False,0.0
1,foundation_x.backbone.layers_2.blocks.8.attn.qkv.weight,False,foundation_backbone,False,False,False,0.0
1,foundation_x.backbone.layers_2.blocks.8.attn.qkv.bias,False,foundation_backbone,False,False,False,0.0
1,foundation_x.backbone.layers_2.blocks.8.attn.proj.weight,False,foundation_backbone,False,False,False,0.0
1,foundation_x.backbone.layers_2.blocks.8.attn.proj.bias,False,foundation_backbone,False,False,False,0.0
1,foundation_x.backbone.layers_2.blocks.8.norm2.weight,False,foundation_backbone,False,False,False,0.0
1,foundation_x.backbone.layers_2.blocks.8.norm2.bias,False,foundation_backbone,False,False,False,0.0
1,foundation_x.backbone.layers_2.blocks.8.mlp.fc1.weight,False,foundation_backbone,False,False,False,0.0
1,foundation_x.backbone.layers_2.blocks.8.mlp.fc1.bias,False,foundation_backbone,False,False,False,0.0
1,foundation_x.backbone.layers_2.blocks.8.mlp.fc2.weight,False,foundation_backbone,False,False,False,0.0
1,foundation_x.backbone.layers_2.blocks.8.mlp.fc2.bias,False,foundation_backbone,False,False,False,0.0
1,foundation_x.backbone.layers_2.blocks.9.norm1.weight,False,foundation_backbone,False,False,False,0.0
1,foundation_x.backbone.layers_2.blocks.9.norm1.bias,False,foundation_backbone,False,False,False,0.0
1,foundation_x.backbone.layers_2.blocks.9.attn.relative_position_bias_table,False,foundation_backbone,False,False,False,0.0
1,foundation_x.backbone.layers_2.blocks.9.attn.qkv.weight,False,foundation_backbone,False,False,False,0.0
1,foundation_x.backbone.layers_2.blocks.9.attn.qkv.bias,False,foundation_backbone,False,False,False,0.0
1,foundation_x.backbone.layers_2.blocks.9.attn.proj.weight,False,foundation_backbone,False,False,False,0.0
1,foundation_x.backbone.layers_2.blocks.9.attn.proj.bias,False,foundation_backbone,False,False,False,0.0
1,foundation_x.backbone.layers_2.blocks.9.norm2.weight,False,foundation_backbone,False,False,False,0.0
1,foundation_x.backbone.layers_2.blocks.9.norm2.bias,False,foundation_backbone,False,False,False,0.0
1,foundation_x.backbone.layers_2.blocks.9.mlp.fc1.weight,False,foundation_backbone,False,False,False,0.0
1,foundation_x.backbone.layers_2.blocks.9.mlp.fc1.bias,False,foundation_backbone,False,False,False,0.0
1,foundation_x.backbone.layers_2.blocks.9.mlp.fc2.weight,False,foundation_backbone,False,False,False,0.0
1,foundation_x.backbone.layers_2.blocks.9.mlp.fc2.bias,False,foundation_backbone,False,False,False,0.0
1,foundation_x.backbone.layers_2.blocks.10.norm1.weight,False,foundation_backbone,False,False,False,0.0
1,foundation_x.backbone.layers_2.blocks.10.norm1.bias,False,foundation_backbone,False,False,False,0.0
1,foundation_x.backbone.layers_2.blocks.10.attn.relative_position_bias_table,False,foundation_backbone,False,False,False,0.0
1,foundation_x.backbone.layers_2.blocks.10.attn.qkv.weight,False,foundation_backbone,False,False,False,0.0
1,foundation_x.backbone.layers_2.blocks.10.attn.qkv.bias,False,foundation_backbone,False,False,False,0.0
1,foundation_x.backbone.layers_2.blocks.10.attn.proj.weight,False,foundation_backbone,False,False,False,0.0
1,foundation_x.backbone.layers_2.blocks.10.attn.proj.bias,False,foundation_backbone,False,False,False,0.0
1,foundation_x.backbone.layers_2.blocks.10.norm2.weight,False,foundation_backbone,False,False,False,0.0
1,foundation_x.backbone.layers_2.blocks.10.norm2.bias,False,foundation_backbone,False,False,False,0.0
1,foundation_x.backbone.layers_2.blocks.10.mlp.fc1.weight,False,foundation_backbone,False,False,False,0.0
1,foundation_x.backbone.layers_2.blocks.10.mlp.fc1.bias,False,foundation_backbone,False,False,False,0.0
1,foundation_x.backbone.layers_2.blocks.10.mlp.fc2.weight,False,foundation_backbone,False,False,False,0.0
1,foundation_x.backbone.layers_2.blocks.10.mlp.fc2.bias,False,foundation_backbone,False,False,False,0.0
1,foundation_x.backbone.layers_2.blocks.11.norm1.weight,False,foundation_backbone,False,False,False,0.0
1,foundation_x.backbone.layers_2.blocks.11.norm1.bias,False,foundation_backbone,False,False,False,0.0
1,foundation_x.backbone.layers_2.blocks.11.attn.relative_position_bias_table,False,foundation_backbone,False,False,False,0.0
1,foundation_x.backbone.layers_2.blocks.11.attn.qkv.weight,False,foundation_backbone,False,False,False,0.0
1,foundation_x.backbone.layers_2.blocks.11.attn.qkv.bias,False,foundation_backbone,False,False,False,0.0
1,foundation_x.backbone.layers_2.blocks.11.attn.proj.weight,False,foundation_backbone,False,False,False,0.0
1,foundation_x.backbone.layers_2.blocks.11.attn.proj.bias,False,foundation_backbone,False,False,False,0.0
1,foundation_x.backbone.layers_2.blocks.11.norm2.weight,False,foundation_backbone,False,False,False,0.0
1,foundation_x.backbone.layers_2.blocks.11.norm2.bias,False,foundation_backbone,False,False,False,0.0
1,foundation_x.backbone.layers_2.blocks.11.mlp.fc1.weight,False,foundation_backbone,False,False,False,0.0
1,foundation_x.backbone.layers_2.blocks.11.mlp.fc1.bias,False,foundation_backbone,False,False,False,0.0
1,foundation_x.backbone.layers_2.blocks.11.mlp.fc2.weight,False,foundation_backbone,False,False,False,0.0
1,foundation_x.backbone.layers_2.blocks.11.mlp.fc2.bias,False,foundation_backbone,False,False,False,0.0
1,foundation_x.backbone.layers_2.blocks.12.norm1.weight,False,foundation_backbone,False,False,False,0.0
1,foundation_x.backbone.layers_2.blocks.12.norm1.bias,False,foundation_backbone,False,False,False,0.0
1,foundation_x.backbone.layers_2.blocks.12.attn.relative_position_bias_table,False,foundation_backbone,False,False,False,0.0
1,foundation_x.backbone.layers_2.blocks.12.attn.qkv.weight,False,foundation_backbone,False,False,False,0.0
1,foundation_x.backbone.layers_2.blocks.12.attn.qkv.bias,False,foundation_backbone,False,False,False,0.0
1,foundation_x.backbone.layers_2.blocks.12.attn.proj.weight,False,foundation_backbone,False,False,False,0.0
1,foundation_x.backbone.layers_2.blocks.12.attn.proj.bias,False,foundation_backbone,False,False,False,0.0
1,foundation_x.backbone.layers_2.blocks.12.norm2.weight,False,foundation_backbone,False,False,False,0.0
1,foundation_x.backbone.layers_2.blocks.12.norm2.bias,False,foundation_backbone,False,False,False,0.0
1,foundation_x.backbone.layers_2.blocks.12.mlp.fc1.weight,False,foundation_backbone,False,False,False,0.0
1,foundation_x.backbone.layers_2.blocks.12.mlp.fc1.bias,False,foundation_backbone,False,False,False,0.0
1,foundation_x.backbone.layers_2.blocks.12.mlp.fc2.weight,False,foundation_backbone,False,False,False,0.0
1,foundation_x.backbone.layers_2.blocks.12.mlp.fc2.bias,False,foundation_backbone,False,False,False,0.0
1,foundation_x.backbone.layers_2.blocks.13.norm1.weight,False,foundation_backbone,False,False,False,0.0
1,foundation_x.backbone.layers_2.blocks.13.norm1.bias,False,foundation_backbone,False,False,False,0.0
1,foundation_x.backbone.layers_2.blocks.13.attn.relative_position_bias_table,False,foundation_backbone,False,False,False,0.0
1,foundation_x.backbone.layers_2.blocks.13.attn.qkv.weight,False,foundation_backbone,False,False,False,0.0
1,foundation_x.backbone.layers_2.blocks.13.attn.qkv.bias,False,foundation_backbone,False,False,False,0.0
1,foundation_x.backbone.layers_2.blocks.13.attn.proj.weight,False,foundation_backbone,False,False,False,0.0
1,foundation_x.backbone.layers_2.blocks.13.attn.proj.bias,False,foundation_backbone,False,False,False,0.0
1,foundation_x.backbone.layers_2.blocks.13.norm2.weight,False,foundation_backbone,False,False,False,0.0
1,foundation_x.backbone.layers_2.blocks.13.norm2.bias,False,foundation_backbone,False,False,False,0.0
1,foundation_x.backbone.layers_2.blocks.13.mlp.fc1.weight,False,foundation_backbone,False,False,False,0.0
1,foundation_x.backbone.layers_2.blocks.13.mlp.fc1.bias,False,foundation_backbone,False,False,False,0.0
1,foundation_x.backbone.layers_2.blocks.13.mlp.fc2.weight,False,foundation_backbone,False,False,False,0.0
1,foundation_x.backbone.layers_2.blocks.13.mlp.fc2.bias,False,foundation_backbone,False,False,False,0.0
1,foundation_x.backbone.layers_2.blocks.14.norm1.weight,False,foundation_backbone,False,False,False,0.0
1,foundation_x.backbone.layers_2.blocks.14.norm1.bias,False,foundation_backbone,False,False,False,0.0
1,foundation_x.backbone.layers_2.blocks.14.attn.relative_position_bias_table,False,foundation_backbone,False,False,False,0.0
1,foundation_x.backbone.layers_2.blocks.14.attn.qkv.weight,False,foundation_backbone,False,False,False,0.0
1,foundation_x.backbone.layers_2.blocks.14.attn.qkv.bias,False,foundation_backbone,False,False,False,0.0
1,foundation_x.backbone.layers_2.blocks.14.attn.proj.weight,False,foundation_backbone,False,False,False,0.0
1,foundation_x.backbone.layers_2.blocks.14.attn.proj.bias,False,foundation_backbone,False,False,False,0.0
1,foundation_x.backbone.layers_2.blocks.14.norm2.weight,False,foundation_backbone,False,False,False,0.0
1,foundation_x.backbone.layers_2.blocks.14.norm2.bias,False,foundation_backbone,False,False,False,0.0
1,foundation_x.backbone.layers_2.blocks.14.mlp.fc1.weight,False,foundation_backbone,False,False,False,0.0
1,foundation_x.backbone.layers_2.blocks.14.mlp.fc1.bias,False,foundation_backbone,False,False,False,0.0
1,foundation_x.backbone.layers_2.blocks.14.mlp.fc2.weight,False,foundation_backbone,False,False,False,0.0
1,foundation_x.backbone.layers_2.blocks.14.mlp.fc2.bias,False,foundation_backbone,False,False,False,0.0
1,foundation_x.backbone.layers_2.blocks.15.norm1.weight,False,foundation_backbone,False,False,False,0.0
1,foundation_x.backbone.layers_2.blocks.15.norm1.bias,False,foundation_backbone,False,False,False,0.0
1,foundation_x.backbone.layers_2.blocks.15.attn.relative_position_bias_table,False,foundation_backbone,False,False,False,0.0
1,foundation_x.backbone.layers_2.blocks.15.attn.qkv.weight,False,foundation_backbone,False,False,False,0.0
1,foundation_x.backbone.layers_2.blocks.15.attn.qkv.bias,False,foundation_backbone,False,False,False,0.0
1,foundation_x.backbone.layers_2.blocks.15.attn.proj.weight,False,foundation_backbone,False,False,False,0.0
1,foundation_x.backbone.layers_2.blocks.15.attn.proj.bias,False,foundation_backbone,False,False,False,0.0
1,foundation_x.backbone.layers_2.blocks.15.norm2.weight,False,foundation_backbone,False,False,False,0.0
1,foundation_x.backbone.layers_2.blocks.15.norm2.bias,False,foundation_backbone,False,False,False,0.0
1,foundation_x.backbone.layers_2.blocks.15.mlp.fc1.weight,False,foundation_backbone,False,False,False,0.0
1,foundation_x.backbone.layers_2.blocks.15.mlp.fc1.bias,False,foundation_backbone,False,False,False,0.0
1,foundation_x.backbone.layers_2.blocks.15.mlp.fc2.weight,False,foundation_backbone,False,False,False,0.0
1,foundation_x.backbone.layers_2.blocks.15.mlp.fc2.bias,False,foundation_backbone,False,False,False,0.0
1,foundation_x.backbone.layers_2.blocks.16.norm1.weight,False,foundation_backbone,False,False,False,0.0
1,foundation_x.backbone.layers_2.blocks.16.norm1.bias,False,foundation_backbone,False,False,False,0.0
1,foundation_x.backbone.layers_2.blocks.16.attn.relative_position_bias_table,False,foundation_backbone,False,False,False,0.0
1,foundation_x.backbone.layers_2.blocks.16.attn.qkv.weight,False,foundation_backbone,False,False,False,0.0
1,foundation_x.backbone.layers_2.blocks.16.attn.qkv.bias,False,foundation_backbone,False,False,False,0.0
1,foundation_x.backbone.layers_2.blocks.16.attn.proj.weight,False,foundation_backbone,False,False,False,0.0
1,foundation_x.backbone.layers_2.blocks.16.attn.proj.bias,False,foundation_backbone,False,False,False,0.0
1,foundation_x.backbone.layers_2.blocks.16.norm2.weight,False,foundation_backbone,False,False,False,0.0
1,foundation_x.backbone.layers_2.blocks.16.norm2.bias,False,foundation_backbone,False,False,False,0.0
1,foundation_x.backbone.layers_2.blocks.16.mlp.fc1.weight,False,foundation_backbone,False,False,False,0.0
1,foundation_x.backbone.layers_2.blocks.16.mlp.fc1.bias,False,foundation_backbone,False,False,False,0.0
1,foundation_x.backbone.layers_2.blocks.16.mlp.fc2.weight,False,foundation_backbone,False,False,False,0.0
1,foundation_x.backbone.layers_2.blocks.16.mlp.fc2.bias,False,foundation_backbone,False,False,False,0.0
1,foundation_x.backbone.layers_2.blocks.17.norm1.weight,False,foundation_backbone,False,False,False,0.0
1,foundation_x.backbone.layers_2.blocks.17.norm1.bias,False,foundation_backbone,False,False,False,0.0
1,foundation_x.backbone.layers_2.blocks.17.attn.relative_position_bias_table,False,foundation_backbone,False,False,False,0.0
1,foundation_x.backbone.layers_2.blocks.17.attn.qkv.weight,False,foundation_backbone,False,False,False,0.0
1,foundation_x.backbone.layers_2.blocks.17.attn.qkv.bias,False,foundation_backbone,False,False,False,0.0
1,foundation_x.backbone.layers_2.blocks.17.attn.proj.weight,False,foundation_backbone,False,False,False,0.0
1,foundation_x.backbone.layers_2.blocks.17.attn.proj.bias,False,foundation_backbone,False,False,False,0.0
1,foundation_x.backbone.layers_2.blocks.17.norm2.weight,False,foundation_backbone,False,False,False,0.0
1,foundation_x.backbone.layers_2.blocks.17.norm2.bias,False,foundation_backbone,False,False,False,0.0
1,foundation_x.backbone.layers_2.blocks.17.mlp.fc1.weight,False,foundation_backbone,False,False,False,0.0
1,foundation_x.backbone.layers_2.blocks.17.mlp.fc1.bias,False,foundation_backbone,False,False,False,0.0
1,foundation_x.backbone.layers_2.blocks.17.mlp.fc2.weight,False,foundation_backbone,False,False,False,0.0
1,foundation_x.backbone.layers_2.blocks.17.mlp.fc2.bias,False,foundation_backbone,False,False,False,0.0
1,foundation_x.backbone.layers_3.downsample.norm.weight,False,foundation_backbone,False,False,False,0.0
1,foundation_x.backbone.layers_3.downsample.norm.bias,False,foundation_backbone,False,False,False,0.0
1,foundation_x.backbone.layers_3.downsample.reduction.weight,False,foundation_backbone,False,False,False,0.0
1,foundation_x.backbone.layers_3.blocks.0.norm1.weight,False,foundation_backbone,False,False,False,0.0
1,foundation_x.backbone.layers_3.blocks.0.norm1.bias,False,foundation_backbone,False,False,False,0.0
1,foundation_x.backbone.layers_3.blocks.0.attn.relative_position_bias_table,False,foundation_backbone,False,False,False,0.0
1,foundation_x.backbone.layers_3.blocks.0.attn.qkv.weight,False,foundation_backbone,False,False,False,0.0
1,foundation_x.backbone.layers_3.blocks.0.attn.qkv.bias,False,foundation_backbone,False,False,False,0.0
1,foundation_x.backbone.layers_3.blocks.0.attn.proj.weight,False,foundation_backbone,False,False,False,0.0
1,foundation_x.backbone.layers_3.blocks.0.attn.proj.bias,False,foundation_backbone,False,False,False,0.0
1,foundation_x.backbone.layers_3.blocks.0.norm2.weight,False,foundation_backbone,False,False,False,0.0
1,foundation_x.backbone.layers_3.blocks.0.norm2.bias,False,foundation_backbone,False,False,False,0.0
1,foundation_x.backbone.layers_3.blocks.0.mlp.fc1.weight,False,foundation_backbone,False,False,False,0.0
1,foundation_x.backbone.layers_3.blocks.0.mlp.fc1.bias,False,foundation_backbone,False,False,False,0.0
1,foundation_x.backbone.layers_3.blocks.0.mlp.fc2.weight,False,foundation_backbone,False,False,False,0.0
1,foundation_x.backbone.layers_3.blocks.0.mlp.fc2.bias,False,foundation_backbone,False,False,False,0.0
1,foundation_x.backbone.layers_3.blocks.1.norm1.weight,False,foundation_backbone,False,False,False,0.0
1,foundation_x.backbone.layers_3.blocks.1.norm1.bias,False,foundation_backbone,False,False,False,0.0
1,foundation_x.backbone.layers_3.blocks.1.attn.relative_position_bias_table,False,foundation_backbone,False,False,False,0.0
1,foundation_x.backbone.layers_3.blocks.1.attn.qkv.weight,False,foundation_backbone,False,False,False,0.0
1,foundation_x.backbone.layers_3.blocks.1.attn.qkv.bias,False,foundation_backbone,False,False,False,0.0
1,foundation_x.backbone.layers_3.blocks.1.attn.proj.weight,False,foundation_backbone,False,False,False,0.0
1,foundation_x.backbone.layers_3.blocks.1.attn.proj.bias,False,foundation_backbone,False,False,False,0.0
1,foundation_x.backbone.layers_3.blocks.1.norm2.weight,False,foundation_backbone,False,False,False,0.0
1,foundation_x.backbone.layers_3.blocks.1.norm2.bias,False,foundation_backbone,False,False,False,0.0
1,foundation_x.backbone.layers_3.blocks.1.mlp.fc1.weight,False,foundation_backbone,False,False,False,0.0
1,foundation_x.backbone.layers_3.blocks.1.mlp.fc1.bias,False,foundation_backbone,False,False,False,0.0
1,foundation_x.backbone.layers_3.blocks.1.mlp.fc2.weight,False,foundation_backbone,False,False,False,0.0
1,foundation_x.backbone.layers_3.blocks.1.mlp.fc2.bias,False,foundation_backbone,False,False,False,0.0
1,enc1.block.0.weight,True,encoder_cnn,True,True,True,0.3447533845901489
1,enc1.block.1.weight,True,encoder_cnn,True,True,True,0.027071557939052582
1,enc1.block.1.bias,True,encoder_cnn,True,True,True,0.020259710028767586
1,enc1.block.3.weight,True,encoder_cnn,True,True,True,1.0884909629821777
1,enc1.block.4.weight,True,encoder_cnn,True,True,True,0.016623908653855324
1,enc1.block.4.bias,True,encoder_cnn,True,True,True,0.015108627267181873
1,enc2.block.0.weight,True,encoder_cnn,True,True,True,0.12778477370738983
1,enc2.block.1.weight,True,encoder_cnn,True,True,True,0.002498372457921505
1,enc2.block.1.bias,True,encoder_cnn,True,True,True,0.002468440681695938
1,enc2.block.3.weight,True,encoder_cnn,True,True,True,0.13061396777629852
1,enc2.block.4.weight,True,encoder_cnn,True,True,True,0.0023574677761644125
1,enc2.block.4.bias,True,encoder_cnn,True,True,True,0.0023037083446979523
1,enc3.block.0.weight,True,encoder_cnn,True,True,True,0.0202466007322073
1,enc3.block.1.weight,True,encoder_cnn,True,True,True,0.000307347479974851
1,enc3.block.1.bias,True,encoder_cnn,True,True,True,0.00021177322196308523
1,enc3.block.3.weight,True,encoder_cnn,True,True,True,0.024941660463809967
1,enc3.block.4.weight,True,encoder_cnn,True,True,True,0.0002958263212349266
1,enc3.block.4.bias,True,encoder_cnn,True,True,True,0.00022357706620823592
1,enc4.block.0.weight,True,encoder_cnn,True,True,True,0.006595639977604151
1,enc4.block.1.weight,True,encoder_cnn,True,True,True,7.16043432475999e-05
1,enc4.block.1.bias,True,encoder_cnn,True,True,True,4.0010396332945675e-05
1,enc4.block.3.weight,True,encoder_cnn,True,True,True,0.008242975920438766
1,enc4.block.4.weight,True,encoder_cnn,True,True,True,6.335313810268417e-05
1,enc4.block.4.bias,True,encoder_cnn,True,True,True,3.534324423526414e-05
1,fusion_e3.conv.0.weight,True,adapter_fusion,True,True,True,0.0156854335218668
1,fusion_e3.conv.0.bias,True,adapter_fusion,True,True,True,1.1991423409796198e-09
1,fusion_e3.conv.1.weight,True,adapter_fusion,True,True,True,0.00041624452569521964
1,fusion_e3.conv.1.bias,True,adapter_fusion,True,True,True,0.00028937909519299865
1,fusion_e4.conv.0.weight,True,adapter_fusion,True,True,True,0.004044197034090757
1,fusion_e4.conv.0.bias,True,adapter_fusion,True,True,True,1.272433824972552e-10
1,fusion_e4.conv.1.weight,True,adapter_fusion,True,True,True,7.075450412230566e-05
1,fusion_e4.conv.1.bias,True,adapter_fusion,True,True,True,5.1609134970931336e-05
1,h16_unet_context.block.0.weight,True,other_trainable,True,True,True,0.0006475611007772386
1,h16_unet_context.block.1.weight,True,other_trainable,True,True,True,4.735300535685383e-06
1,h16_unet_context.block.1.bias,True,other_trainable,True,True,True,2.9132208965165773e-06
1,h16_unet_context.block.3.weight,True,other_trainable,True,True,True,0.0007955614710226655
1,h16_unet_context.block.4.weight,True,other_trainable,True,True,True,4.5535321078205016e-06
1,h16_unet_context.block.4.bias,True,other_trainable,True,True,True,2.4995231342472835e-06
1,h16_fx_context.conv.0.weight,True,adapter_fusion,True,True,True,0.0019167008576914668
1,h16_fx_context.conv.0.bias,True,adapter_fusion,True,True,True,4.500882739427725e-12
1,h16_fx_context.conv.1.weight,True,adapter_fusion,True,True,True,2.2656444343738258e-05
1,h16_fx_context.conv.1.bias,True,adapter_fusion,True,True,True,2.0930179744027555e-05
1,h32_context_head.block.0.weight,True,adapter_fusion,True,True,True,0.001830754685215652
1,h32_context_head.block.1.weight,True,adapter_fusion,True,True,True,9.127783414442092e-06
1,h32_context_head.block.1.bias,True,adapter_fusion,True,True,True,7.541299964941572e-06
1,h32_context_head.block.3.weight,True,adapter_fusion,True,True,True,0.001448204042389989
1,h32_context_head.block.4.weight,True,adapter_fusion,True,True,True,8.441060344921425e-06
1,h32_context_head.block.4.bias,True,adapter_fusion,True,True,True,7.915798050817102e-06
1,h32_to_h16.weight,True,adapter_fusion,True,True,True,0.0009420743444934487
1,h32_to_h16.bias,True,adapter_fusion,True,True,True,5.909891115152277e-06
1,context_merge.block.0.weight,True,adapter_fusion,True,True,True,0.005631159991025925
1,context_merge.block.1.weight,True,adapter_fusion,True,True,True,2.1972095055389218e-05
1,context_merge.block.1.bias,True,adapter_fusion,True,True,True,1.8706976334215142e-05
1,context_merge.block.3.weight,True,adapter_fusion,True,True,True,0.003535773139446974
1,context_merge.block.4.weight,True,adapter_fusion,True,True,True,2.1092842871439643e-05
1,context_merge.block.4.bias,True,adapter_fusion,True,True,True,2.02977371372981e-05
1,up4.weight,True,decoder_head,True,True,True,0.0016448877286165953
1,up4.bias,True,decoder_head,True,True,True,1.405166131007718e-05
1,dec4.block.0.weight,True,decoder_head,True,True,True,0.012757731601595879
1,dec4.block.1.weight,True,decoder_head,True,True,True,7.41484691388905e-05
1,dec4.block.1.bias,True,decoder_head,True,True,True,4.9301888793706894e-05
1,dec4.block.3.weight,True,decoder_head,True,True,True,0.008437304757535458
1,dec4.block.4.weight,True,decoder_head,True,True,True,8.080079715000466e-05
1,dec4.block.4.bias,True,decoder_head,True,True,True,6.54065515846014e-05
1,up3.weight,True,decoder_head,True,True,True,0.004362821113318205
1,up3.bias,True,decoder_head,True,True,True,4.040324711240828e-05
1,dec3.block.0.weight,True,decoder_head,True,True,True,0.048464130610227585
1,dec3.block.1.weight,True,decoder_head,True,True,True,0.0004443074285518378
1,dec3.block.1.bias,True,decoder_head,True,True,True,0.0003460356092546135
1,dec3.block.3.weight,True,decoder_head,True,True,True,0.03487563133239746
1,dec3.block.4.weight,True,decoder_head,True,True,True,0.0005965364980511367
1,dec3.block.4.bias,True,decoder_head,True,True,True,0.0005485768197104335
1,up2.weight,True,decoder_head,True,True,True,0.02032065950334072
1,up2.bias,True,decoder_head,True,True,True,0.00012649370182771236
1,dec2.block.0.weight,True,decoder_head,True,True,True,0.18485379219055176
1,dec2.block.1.weight,True,decoder_head,True,True,True,0.002539968816563487
1,dec2.block.1.bias,True,decoder_head,True,True,True,0.002458880888298154
1,dec2.block.3.weight,True,decoder_head,True,True,True,0.14296863973140717
1,dec2.block.4.weight,True,decoder_head,True,True,True,0.0032608876936137676
1,dec2.block.4.bias,True,decoder_head,True,True,True,0.003089805832132697
1,up1.weight,True,decoder_head,True,True,True,0.0843956246972084
1,up1.bias,True,decoder_head,True,True,True,0.0003265771665610373
1,dec1.block.0.weight,True,decoder_head,True,True,True,0.9095560908317566
1,dec1.block.1.weight,True,decoder_head,True,True,True,0.014737231656908989
1,dec1.block.1.bias,True,decoder_head,True,True,True,0.012729109264910221
1,dec1.block.3.weight,True,decoder_head,True,True,True,0.7071467638015747
1,dec1.block.4.weight,True,decoder_head,True,True,True,0.09389246255159378
1,dec1.block.4.bias,True,decoder_head,True,True,True,0.1402064561843872
1,final.weight,True,decoder_head,True,True,True,1.4332069158554077
1,final.bias,True,decoder_head,True,True,True,0.5428515672683716
2,foundation_x.backbone.patch_embed.proj.weight,False,foundation_backbone,False,False,False,0.0
2,foundation_x.backbone.patch_embed.proj.bias,False,foundation_backbone,False,False,False,0.0
2,foundation_x.backbone.patch_embed.norm.weight,False,foundation_backbone,False,False,False,0.0
2,foundation_x.backbone.patch_embed.norm.bias,False,foundation_backbone,False,False,False,0.0
2,foundation_x.backbone.layers_0.blocks.0.norm1.weight,False,foundation_backbone,False,False,False,0.0
2,foundation_x.backbone.layers_0.blocks.0.norm1.bias,False,foundation_backbone,False,False,False,0.0
2,foundation_x.backbone.layers_0.blocks.0.attn.relative_position_bias_table,False,foundation_backbone,False,False,False,0.0
2,foundation_x.backbone.layers_0.blocks.0.attn.qkv.weight,False,foundation_backbone,False,False,False,0.0
2,foundation_x.backbone.layers_0.blocks.0.attn.qkv.bias,False,foundation_backbone,False,False,False,0.0
2,foundation_x.backbone.layers_0.blocks.0.attn.proj.weight,False,foundation_backbone,False,False,False,0.0
2,foundation_x.backbone.layers_0.blocks.0.attn.proj.bias,False,foundation_backbone,False,False,False,0.0
2,foundation_x.backbone.layers_0.blocks.0.norm2.weight,False,foundation_backbone,False,False,False,0.0
2,foundation_x.backbone.layers_0.blocks.0.norm2.bias,False,foundation_backbone,False,False,False,0.0
2,foundation_x.backbone.layers_0.blocks.0.mlp.fc1.weight,False,foundation_backbone,False,False,False,0.0
2,foundation_x.backbone.layers_0.blocks.0.mlp.fc1.bias,False,foundation_backbone,False,False,False,0.0
2,foundation_x.backbone.layers_0.blocks.0.mlp.fc2.weight,False,foundation_backbone,False,False,False,0.0
2,foundation_x.backbone.layers_0.blocks.0.mlp.fc2.bias,False,foundation_backbone,False,False,False,0.0
2,foundation_x.backbone.layers_0.blocks.1.norm1.weight,False,foundation_backbone,False,False,False,0.0
2,foundation_x.backbone.layers_0.blocks.1.norm1.bias,False,foundation_backbone,False,False,False,0.0
2,foundation_x.backbone.layers_0.blocks.1.attn.relative_position_bias_table,False,foundation_backbone,False,False,False,0.0
2,foundation_x.backbone.layers_0.blocks.1.attn.qkv.weight,False,foundation_backbone,False,False,False,0.0
2,foundation_x.backbone.layers_0.blocks.1.attn.qkv.bias,False,foundation_backbone,False,False,False,0.0
2,foundation_x.backbone.layers_0.blocks.1.attn.proj.weight,False,foundation_backbone,False,False,False,0.0
2,foundation_x.backbone.layers_0.blocks.1.attn.proj.bias,False,foundation_backbone,False,False,False,0.0
2,foundation_x.backbone.layers_0.blocks.1.norm2.weight,False,foundation_backbone,False,False,False,0.0
2,foundation_x.backbone.layers_0.blocks.1.norm2.bias,False,foundation_backbone,False,False,False,0.0
2,foundation_x.backbone.layers_0.blocks.1.mlp.fc1.weight,False,foundation_backbone,False,False,False,0.0
2,foundation_x.backbone.layers_0.blocks.1.mlp.fc1.bias,False,foundation_backbone,False,False,False,0.0
2,foundation_x.backbone.layers_0.blocks.1.mlp.fc2.weight,False,foundation_backbone,False,False,False,0.0
2,foundation_x.backbone.layers_0.blocks.1.mlp.fc2.bias,False,foundation_backbone,False,False,False,0.0
2,foundation_x.backbone.layers_1.downsample.norm.weight,False,foundation_backbone,False,False,False,0.0
2,foundation_x.backbone.layers_1.downsample.norm.bias,False,foundation_backbone,False,False,False,0.0
2,foundation_x.backbone.layers_1.downsample.reduction.weight,False,foundation_backbone,False,False,False,0.0
2,foundation_x.backbone.layers_1.blocks.0.norm1.weight,False,foundation_backbone,False,False,False,0.0
2,foundation_x.backbone.layers_1.blocks.0.norm1.bias,False,foundation_backbone,False,False,False,0.0
2,foundation_x.backbone.layers_1.blocks.0.attn.relative_position_bias_table,False,foundation_backbone,False,False,False,0.0
2,foundation_x.backbone.layers_1.blocks.0.attn.qkv.weight,False,foundation_backbone,False,False,False,0.0
2,foundation_x.backbone.layers_1.blocks.0.attn.qkv.bias,False,foundation_backbone,False,False,False,0.0
2,foundation_x.backbone.layers_1.blocks.0.attn.proj.weight,False,foundation_backbone,False,False,False,0.0
2,foundation_x.backbone.layers_1.blocks.0.attn.proj.bias,False,foundation_backbone,False,False,False,0.0
2,foundation_x.backbone.layers_1.blocks.0.norm2.weight,False,foundation_backbone,False,False,False,0.0
2,foundation_x.backbone.layers_1.blocks.0.norm2.bias,False,foundation_backbone,False,False,False,0.0
2,foundation_x.backbone.layers_1.blocks.0.mlp.fc1.weight,False,foundation_backbone,False,False,False,0.0
2,foundation_x.backbone.layers_1.blocks.0.mlp.fc1.bias,False,foundation_backbone,False,False,False,0.0
2,foundation_x.backbone.layers_1.blocks.0.mlp.fc2.weight,False,foundation_backbone,False,False,False,0.0
2,foundation_x.backbone.layers_1.blocks.0.mlp.fc2.bias,False,foundation_backbone,False,False,False,0.0
2,foundation_x.backbone.layers_1.blocks.1.norm1.weight,False,foundation_backbone,False,False,False,0.0
2,foundation_x.backbone.layers_1.blocks.1.norm1.bias,False,foundation_backbone,False,False,False,0.0
2,foundation_x.backbone.layers_1.blocks.1.attn.relative_position_bias_table,False,foundation_backbone,False,False,False,0.0
2,foundation_x.backbone.layers_1.blocks.1.attn.qkv.weight,False,foundation_backbone,False,False,False,0.0
2,foundation_x.backbone.layers_1.blocks.1.attn.qkv.bias,False,foundation_backbone,False,False,False,0.0
2,foundation_x.backbone.layers_1.blocks.1.attn.proj.weight,False,foundation_backbone,False,False,False,0.0
2,foundation_x.backbone.layers_1.blocks.1.attn.proj.bias,False,foundation_backbone,False,False,False,0.0
2,foundation_x.backbone.layers_1.blocks.1.norm2.weight,False,foundation_backbone,False,False,False,0.0
2,foundation_x.backbone.layers_1.blocks.1.norm2.bias,False,foundation_backbone,False,False,False,0.0
2,foundation_x.backbone.layers_1.blocks.1.mlp.fc1.weight,False,foundation_backbone,False,False,False,0.0
2,foundation_x.backbone.layers_1.blocks.1.mlp.fc1.bias,False,foundation_backbone,False,False,False,0.0
2,foundation_x.backbone.layers_1.blocks.1.mlp.fc2.weight,False,foundation_backbone,False,False,False,0.0
2,foundation_x.backbone.layers_1.blocks.1.mlp.fc2.bias,False,foundation_backbone,False,False,False,0.0
2,foundation_x.backbone.layers_2.downsample.norm.weight,False,foundation_backbone,False,False,False,0.0
2,foundation_x.backbone.layers_2.downsample.norm.bias,False,foundation_backbone,False,False,False,0.0
2,foundation_x.backbone.layers_2.downsample.reduction.weight,False,foundation_backbone,False,False,False,0.0
2,foundation_x.backbone.layers_2.blocks.0.norm1.weight,False,foundation_backbone,False,False,False,0.0
2,foundation_x.backbone.layers_2.blocks.0.norm1.bias,False,foundation_backbone,False,False,False,0.0
2,foundation_x.backbone.layers_2.blocks.0.attn.relative_position_bias_table,False,foundation_backbone,False,False,False,0.0
2,foundation_x.backbone.layers_2.blocks.0.attn.qkv.weight,False,foundation_backbone,False,False,False,0.0
2,foundation_x.backbone.layers_2.blocks.0.attn.qkv.bias,False,foundation_backbone,False,False,False,0.0
2,foundation_x.backbone.layers_2.blocks.0.attn.proj.weight,False,foundation_backbone,False,False,False,0.0
2,foundation_x.backbone.layers_2.blocks.0.attn.proj.bias,False,foundation_backbone,False,False,False,0.0
2,foundation_x.backbone.layers_2.blocks.0.norm2.weight,False,foundation_backbone,False,False,False,0.0
2,foundation_x.backbone.layers_2.blocks.0.norm2.bias,False,foundation_backbone,False,False,False,0.0
2,foundation_x.backbone.layers_2.blocks.0.mlp.fc1.weight,False,foundation_backbone,False,False,False,0.0
2,foundation_x.backbone.layers_2.blocks.0.mlp.fc1.bias,False,foundation_backbone,False,False,False,0.0
2,foundation_x.backbone.layers_2.blocks.0.mlp.fc2.weight,False,foundation_backbone,False,False,False,0.0
2,foundation_x.backbone.layers_2.blocks.0.mlp.fc2.bias,False,foundation_backbone,False,False,False,0.0
2,foundation_x.backbone.layers_2.blocks.1.norm1.weight,False,foundation_backbone,False,False,False,0.0
2,foundation_x.backbone.layers_2.blocks.1.norm1.bias,False,foundation_backbone,False,False,False,0.0
2,foundation_x.backbone.layers_2.blocks.1.attn.relative_position_bias_table,False,foundation_backbone,False,False,False,0.0
2,foundation_x.backbone.layers_2.blocks.1.attn.qkv.weight,False,foundation_backbone,False,False,False,0.0
2,foundation_x.backbone.layers_2.blocks.1.attn.qkv.bias,False,foundation_backbone,False,False,False,0.0
2,foundation_x.backbone.layers_2.blocks.1.attn.proj.weight,False,foundation_backbone,False,False,False,0.0
2,foundation_x.backbone.layers_2.blocks.1.attn.proj.bias,False,foundation_backbone,False,False,False,0.0
2,foundation_x.backbone.layers_2.blocks.1.norm2.weight,False,foundation_backbone,False,False,False,0.0
2,foundation_x.backbone.layers_2.blocks.1.norm2.bias,False,foundation_backbone,False,False,False,0.0
2,foundation_x.backbone.layers_2.blocks.1.mlp.fc1.weight,False,foundation_backbone,False,False,False,0.0
2,foundation_x.backbone.layers_2.blocks.1.mlp.fc1.bias,False,foundation_backbone,False,False,False,0.0
2,foundation_x.backbone.layers_2.blocks.1.mlp.fc2.weight,False,foundation_backbone,False,False,False,0.0
2,foundation_x.backbone.layers_2.blocks.1.mlp.fc2.bias,False,foundation_backbone,False,False,False,0.0
2,foundation_x.backbone.layers_2.blocks.2.norm1.weight,False,foundation_backbone,False,False,False,0.0
2,foundation_x.backbone.layers_2.blocks.2.norm1.bias,False,foundation_backbone,False,False,False,0.0
2,foundation_x.backbone.layers_2.blocks.2.attn.relative_position_bias_table,False,foundation_backbone,False,False,False,0.0
2,foundation_x.backbone.layers_2.blocks.2.attn.qkv.weight,False,foundation_backbone,False,False,False,0.0
2,foundation_x.backbone.layers_2.blocks.2.attn.qkv.bias,False,foundation_backbone,False,False,False,0.0
2,foundation_x.backbone.layers_2.blocks.2.attn.proj.weight,False,foundation_backbone,False,False,False,0.0
2,foundation_x.backbone.layers_2.blocks.2.attn.proj.bias,False,foundation_backbone,False,False,False,0.0
2,foundation_x.backbone.layers_2.blocks.2.norm2.weight,False,foundation_backbone,False,False,False,0.0
2,foundation_x.backbone.layers_2.blocks.2.norm2.bias,False,foundation_backbone,False,False,False,0.0
2,foundation_x.backbone.layers_2.blocks.2.mlp.fc1.weight,False,foundation_backbone,False,False,False,0.0
2,foundation_x.backbone.layers_2.blocks.2.mlp.fc1.bias,False,foundation_backbone,False,False,False,0.0
2,foundation_x.backbone.layers_2.blocks.2.mlp.fc2.weight,False,foundation_backbone,False,False,False,0.0
2,foundation_x.backbone.layers_2.blocks.2.mlp.fc2.bias,False,foundation_backbone,False,False,False,0.0
2,foundation_x.backbone.layers_2.blocks.3.norm1.weight,False,foundation_backbone,False,False,False,0.0
2,foundation_x.backbone.layers_2.blocks.3.norm1.bias,False,foundation_backbone,False,False,False,0.0
2,foundation_x.backbone.layers_2.blocks.3.attn.relative_position_bias_table,False,foundation_backbone,False,False,False,0.0
2,foundation_x.backbone.layers_2.blocks.3.attn.qkv.weight,False,foundation_backbone,False,False,False,0.0
2,foundation_x.backbone.layers_2.blocks.3.attn.qkv.bias,False,foundation_backbone,False,False,False,0.0
2,foundation_x.backbone.layers_2.blocks.3.attn.proj.weight,False,foundation_backbone,False,False,False,0.0
2,foundation_x.backbone.layers_2.blocks.3.attn.proj.bias,False,foundation_backbone,False,False,False,0.0
2,foundation_x.backbone.layers_2.blocks.3.norm2.weight,False,foundation_backbone,False,False,False,0.0
2,foundation_x.backbone.layers_2.blocks.3.norm2.bias,False,foundation_backbone,False,False,False,0.0
2,foundation_x.backbone.layers_2.blocks.3.mlp.fc1.weight,False,foundation_backbone,False,False,False,0.0
2,foundation_x.backbone.layers_2.blocks.3.mlp.fc1.bias,False,foundation_backbone,False,False,False,0.0
2,foundation_x.backbone.layers_2.blocks.3.mlp.fc2.weight,False,foundation_backbone,False,False,False,0.0
2,foundation_x.backbone.layers_2.blocks.3.mlp.fc2.bias,False,foundation_backbone,False,False,False,0.0
2,foundation_x.backbone.layers_2.blocks.4.norm1.weight,False,foundation_backbone,False,False,False,0.0
2,foundation_x.backbone.layers_2.blocks.4.norm1.bias,False,foundation_backbone,False,False,False,0.0
2,foundation_x.backbone.layers_2.blocks.4.attn.relative_position_bias_table,False,foundation_backbone,False,False,False,0.0
2,foundation_x.backbone.layers_2.blocks.4.attn.qkv.weight,False,foundation_backbone,False,False,False,0.0
2,foundation_x.backbone.layers_2.blocks.4.attn.qkv.bias,False,foundation_backbone,False,False,False,0.0
2,foundation_x.backbone.layers_2.blocks.4.attn.proj.weight,False,foundation_backbone,False,False,False,0.0
2,foundation_x.backbone.layers_2.blocks.4.attn.proj.bias,False,foundation_backbone,False,False,False,0.0
2,foundation_x.backbone.layers_2.blocks.4.norm2.weight,False,foundation_backbone,False,False,False,0.0
2,foundation_x.backbone.layers_2.blocks.4.norm2.bias,False,foundation_backbone,False,False,False,0.0
2,foundation_x.backbone.layers_2.blocks.4.mlp.fc1.weight,False,foundation_backbone,False,False,False,0.0
2,foundation_x.backbone.layers_2.blocks.4.mlp.fc1.bias,False,foundation_backbone,False,False,False,0.0
2,foundation_x.backbone.layers_2.blocks.4.mlp.fc2.weight,False,foundation_backbone,False,False,False,0.0
2,foundation_x.backbone.layers_2.blocks.4.mlp.fc2.bias,False,foundation_backbone,False,False,False,0.0
2,foundation_x.backbone.layers_2.blocks.5.norm1.weight,False,foundation_backbone,False,False,False,0.0
2,foundation_x.backbone.layers_2.blocks.5.norm1.bias,False,foundation_backbone,False,False,False,0.0
2,foundation_x.backbone.layers_2.blocks.5.attn.relative_position_bias_table,False,foundation_backbone,False,False,False,0.0
2,foundation_x.backbone.layers_2.blocks.5.attn.qkv.weight,False,foundation_backbone,False,False,False,0.0
2,foundation_x.backbone.layers_2.blocks.5.attn.qkv.bias,False,foundation_backbone,False,False,False,0.0
2,foundation_x.backbone.layers_2.blocks.5.attn.proj.weight,False,foundation_backbone,False,False,False,0.0
2,foundation_x.backbone.layers_2.blocks.5.attn.proj.bias,False,foundation_backbone,False,False,False,0.0
2,foundation_x.backbone.layers_2.blocks.5.norm2.weight,False,foundation_backbone,False,False,False,0.0
2,foundation_x.backbone.layers_2.blocks.5.norm2.bias,False,foundation_backbone,False,False,False,0.0
2,foundation_x.backbone.layers_2.blocks.5.mlp.fc1.weight,False,foundation_backbone,False,False,False,0.0
2,foundation_x.backbone.layers_2.blocks.5.mlp.fc1.bias,False,foundation_backbone,False,False,False,0.0
2,foundation_x.backbone.layers_2.blocks.5.mlp.fc2.weight,False,foundation_backbone,False,False,False,0.0
2,foundation_x.backbone.layers_2.blocks.5.mlp.fc2.bias,False,foundation_backbone,False,False,False,0.0
2,foundation_x.backbone.layers_2.blocks.6.norm1.weight,False,foundation_backbone,False,False,False,0.0
2,foundation_x.backbone.layers_2.blocks.6.norm1.bias,False,foundation_backbone,False,False,False,0.0
2,foundation_x.backbone.layers_2.blocks.6.attn.relative_position_bias_table,False,foundation_backbone,False,False,False,0.0
2,foundation_x.backbone.layers_2.blocks.6.attn.qkv.weight,False,foundation_backbone,False,False,False,0.0
2,foundation_x.backbone.layers_2.blocks.6.attn.qkv.bias,False,foundation_backbone,False,False,False,0.0
2,foundation_x.backbone.layers_2.blocks.6.attn.proj.weight,False,foundation_backbone,False,False,False,0.0
2,foundation_x.backbone.layers_2.blocks.6.attn.proj.bias,False,foundation_backbone,False,False,False,0.0
2,foundation_x.backbone.layers_2.blocks.6.norm2.weight,False,foundation_backbone,False,False,False,0.0
2,foundation_x.backbone.layers_2.blocks.6.norm2.bias,False,foundation_backbone,False,False,False,0.0
2,foundation_x.backbone.layers_2.blocks.6.mlp.fc1.weight,False,foundation_backbone,False,False,False,0.0
2,foundation_x.backbone.layers_2.blocks.6.mlp.fc1.bias,False,foundation_backbone,False,False,False,0.0
2,foundation_x.backbone.layers_2.blocks.6.mlp.fc2.weight,False,foundation_backbone,False,False,False,0.0
2,foundation_x.backbone.layers_2.blocks.6.mlp.fc2.bias,False,foundation_backbone,False,False,False,0.0
2,foundation_x.backbone.layers_2.blocks.7.norm1.weight,False,foundation_backbone,False,False,False,0.0
2,foundation_x.backbone.layers_2.blocks.7.norm1.bias,False,foundation_backbone,False,False,False,0.0
2,foundation_x.backbone.layers_2.blocks.7.attn.relative_position_bias_table,False,foundation_backbone,False,False,False,0.0
2,foundation_x.backbone.layers_2.blocks.7.attn.qkv.weight,False,foundation_backbone,False,False,False,0.0
2,foundation_x.backbone.layers_2.blocks.7.attn.qkv.bias,False,foundation_backbone,False,False,False,0.0
2,foundation_x.backbone.layers_2.blocks.7.attn.proj.weight,False,foundation_backbone,False,False,False,0.0
2,foundation_x.backbone.layers_2.blocks.7.attn.proj.bias,False,foundation_backbone,False,False,False,0.0
2,foundation_x.backbone.layers_2.blocks.7.norm2.weight,False,foundation_backbone,False,False,False,0.0
2,foundation_x.backbone.layers_2.blocks.7.norm2.bias,False,foundation_backbone,False,False,False,0.0
2,foundation_x.backbone.layers_2.blocks.7.mlp.fc1.weight,False,foundation_backbone,False,False,False,0.0
2,foundation_x.backbone.layers_2.blocks.7.mlp.fc1.bias,False,foundation_backbone,False,False,False,0.0
2,foundation_x.backbone.layers_2.blocks.7.mlp.fc2.weight,False,foundation_backbone,False,False,False,0.0
2,foundation_x.backbone.layers_2.blocks.7.mlp.fc2.bias,False,foundation_backbone,False,False,False,0.0
2,foundation_x.backbone.layers_2.blocks.8.norm1.weight,False,foundation_backbone,False,False,False,0.0
2,foundation_x.backbone.layers_2.blocks.8.norm1.bias,False,foundation_backbone,False,False,False,0.0
2,foundation_x.backbone.layers_2.blocks.8.attn.relative_position_bias_table,False,foundation_backbone,False,False,False,0.0
2,foundation_x.backbone.layers_2.blocks.8.attn.qkv.weight,False,foundation_backbone,False,False,False,0.0
2,foundation_x.backbone.layers_2.blocks.8.attn.qkv.bias,False,foundation_backbone,False,False,False,0.0
2,foundation_x.backbone.layers_2.blocks.8.attn.proj.weight,False,foundation_backbone,False,False,False,0.0
2,foundation_x.backbone.layers_2.blocks.8.attn.proj.bias,False,foundation_backbone,False,False,False,0.0
2,foundation_x.backbone.layers_2.blocks.8.norm2.weight,False,foundation_backbone,False,False,False,0.0
2,foundation_x.backbone.layers_2.blocks.8.norm2.bias,False,foundation_backbone,False,False,False,0.0
2,foundation_x.backbone.layers_2.blocks.8.mlp.fc1.weight,False,foundation_backbone,False,False,False,0.0
2,foundation_x.backbone.layers_2.blocks.8.mlp.fc1.bias,False,foundation_backbone,False,False,False,0.0
2,foundation_x.backbone.layers_2.blocks.8.mlp.fc2.weight,False,foundation_backbone,False,False,False,0.0
2,foundation_x.backbone.layers_2.blocks.8.mlp.fc2.bias,False,foundation_backbone,False,False,False,0.0
2,foundation_x.backbone.layers_2.blocks.9.norm1.weight,False,foundation_backbone,False,False,False,0.0
2,foundation_x.backbone.layers_2.blocks.9.norm1.bias,False,foundation_backbone,False,False,False,0.0
2,foundation_x.backbone.layers_2.blocks.9.attn.relative_position_bias_table,False,foundation_backbone,False,False,False,0.0
2,foundation_x.backbone.layers_2.blocks.9.attn.qkv.weight,False,foundation_backbone,False,False,False,0.0
2,foundation_x.backbone.layers_2.blocks.9.attn.qkv.bias,False,foundation_backbone,False,False,False,0.0
2,foundation_x.backbone.layers_2.blocks.9.attn.proj.weight,False,foundation_backbone,False,False,False,0.0
2,foundation_x.backbone.layers_2.blocks.9.attn.proj.bias,False,foundation_backbone,False,False,False,0.0
2,foundation_x.backbone.layers_2.blocks.9.norm2.weight,False,foundation_backbone,False,False,False,0.0
2,foundation_x.backbone.layers_2.blocks.9.norm2.bias,False,foundation_backbone,False,False,False,0.0
2,foundation_x.backbone.layers_2.blocks.9.mlp.fc1.weight,False,foundation_backbone,False,False,False,0.0
2,foundation_x.backbone.layers_2.blocks.9.mlp.fc1.bias,False,foundation_backbone,False,False,False,0.0
2,foundation_x.backbone.layers_2.blocks.9.mlp.fc2.weight,False,foundation_backbone,False,False,False,0.0
2,foundation_x.backbone.layers_2.blocks.9.mlp.fc2.bias,False,foundation_backbone,False,False,False,0.0
2,foundation_x.backbone.layers_2.blocks.10.norm1.weight,False,foundation_backbone,False,False,False,0.0
2,foundation_x.backbone.layers_2.blocks.10.norm1.bias,False,foundation_backbone,False,False,False,0.0
2,foundation_x.backbone.layers_2.blocks.10.attn.relative_position_bias_table,False,foundation_backbone,False,False,False,0.0
2,foundation_x.backbone.layers_2.blocks.10.attn.qkv.weight,False,foundation_backbone,False,False,False,0.0
2,foundation_x.backbone.layers_2.blocks.10.attn.qkv.bias,False,foundation_backbone,False,False,False,0.0
2,foundation_x.backbone.layers_2.blocks.10.attn.proj.weight,False,foundation_backbone,False,False,False,0.0
2,foundation_x.backbone.layers_2.blocks.10.attn.proj.bias,False,foundation_backbone,False,False,False,0.0
2,foundation_x.backbone.layers_2.blocks.10.norm2.weight,False,foundation_backbone,False,False,False,0.0
2,foundation_x.backbone.layers_2.blocks.10.norm2.bias,False,foundation_backbone,False,False,False,0.0
2,foundation_x.backbone.layers_2.blocks.10.mlp.fc1.weight,False,foundation_backbone,False,False,False,0.0
2,foundation_x.backbone.layers_2.blocks.10.mlp.fc1.bias,False,foundation_backbone,False,False,False,0.0
2,foundation_x.backbone.layers_2.blocks.10.mlp.fc2.weight,False,foundation_backbone,False,False,False,0.0
2,foundation_x.backbone.layers_2.blocks.10.mlp.fc2.bias,False,foundation_backbone,False,False,False,0.0
2,foundation_x.backbone.layers_2.blocks.11.norm1.weight,False,foundation_backbone,False,False,False,0.0
2,foundation_x.backbone.layers_2.blocks.11.norm1.bias,False,foundation_backbone,False,False,False,0.0
2,foundation_x.backbone.layers_2.blocks.11.attn.relative_position_bias_table,False,foundation_backbone,False,False,False,0.0
2,foundation_x.backbone.layers_2.blocks.11.attn.qkv.weight,False,foundation_backbone,False,False,False,0.0
2,foundation_x.backbone.layers_2.blocks.11.attn.qkv.bias,False,foundation_backbone,False,False,False,0.0
2,foundation_x.backbone.layers_2.blocks.11.attn.proj.weight,False,foundation_backbone,False,False,False,0.0
2,foundation_x.backbone.layers_2.blocks.11.attn.proj.bias,False,foundation_backbone,False,False,False,0.0
2,foundation_x.backbone.layers_2.blocks.11.norm2.weight,False,foundation_backbone,False,False,False,0.0
2,foundation_x.backbone.layers_2.blocks.11.norm2.bias,False,foundation_backbone,False,False,False,0.0
2,foundation_x.backbone.layers_2.blocks.11.mlp.fc1.weight,False,foundation_backbone,False,False,False,0.0
2,foundation_x.backbone.layers_2.blocks.11.mlp.fc1.bias,False,foundation_backbone,False,False,False,0.0
2,foundation_x.backbone.layers_2.blocks.11.mlp.fc2.weight,False,foundation_backbone,False,False,False,0.0
2,foundation_x.backbone.layers_2.blocks.11.mlp.fc2.bias,False,foundation_backbone,False,False,False,0.0
2,foundation_x.backbone.layers_2.blocks.12.norm1.weight,False,foundation_backbone,False,False,False,0.0
2,foundation_x.backbone.layers_2.blocks.12.norm1.bias,False,foundation_backbone,False,False,False,0.0
2,foundation_x.backbone.layers_2.blocks.12.attn.relative_position_bias_table,False,foundation_backbone,False,False,False,0.0
2,foundation_x.backbone.layers_2.blocks.12.attn.qkv.weight,False,foundation_backbone,False,False,False,0.0
2,foundation_x.backbone.layers_2.blocks.12.attn.qkv.bias,False,foundation_backbone,False,False,False,0.0
2,foundation_x.backbone.layers_2.blocks.12.attn.proj.weight,False,foundation_backbone,False,False,False,0.0
2,foundation_x.backbone.layers_2.blocks.12.attn.proj.bias,False,foundation_backbone,False,False,False,0.0
2,foundation_x.backbone.layers_2.blocks.12.norm2.weight,False,foundation_backbone,False,False,False,0.0
2,foundation_x.backbone.layers_2.blocks.12.norm2.bias,False,foundation_backbone,False,False,False,0.0
2,foundation_x.backbone.layers_2.blocks.12.mlp.fc1.weight,False,foundation_backbone,False,False,False,0.0
2,foundation_x.backbone.layers_2.blocks.12.mlp.fc1.bias,False,foundation_backbone,False,False,False,0.0
2,foundation_x.backbone.layers_2.blocks.12.mlp.fc2.weight,False,foundation_backbone,False,False,False,0.0
2,foundation_x.backbone.layers_2.blocks.12.mlp.fc2.bias,False,foundation_backbone,False,False,False,0.0
2,foundation_x.backbone.layers_2.blocks.13.norm1.weight,False,foundation_backbone,False,False,False,0.0
2,foundation_x.backbone.layers_2.blocks.13.norm1.bias,False,foundation_backbone,False,False,False,0.0
2,foundation_x.backbone.layers_2.blocks.13.attn.relative_position_bias_table,False,foundation_backbone,False,False,False,0.0
2,foundation_x.backbone.layers_2.blocks.13.attn.qkv.weight,False,foundation_backbone,False,False,False,0.0
2,foundation_x.backbone.layers_2.blocks.13.attn.qkv.bias,False,foundation_backbone,False,False,False,0.0
2,foundation_x.backbone.layers_2.blocks.13.attn.proj.weight,False,foundation_backbone,False,False,False,0.0
2,foundation_x.backbone.layers_2.blocks.13.attn.proj.bias,False,foundation_backbone,False,False,False,0.0
2,foundation_x.backbone.layers_2.blocks.13.norm2.weight,False,foundation_backbone,False,False,False,0.0
2,foundation_x.backbone.layers_2.blocks.13.norm2.bias,False,foundation_backbone,False,False,False,0.0
2,foundation_x.backbone.layers_2.blocks.13.mlp.fc1.weight,False,foundation_backbone,False,False,False,0.0
2,foundation_x.backbone.layers_2.blocks.13.mlp.fc1.bias,False,foundation_backbone,False,False,False,0.0
2,foundation_x.backbone.layers_2.blocks.13.mlp.fc2.weight,False,foundation_backbone,False,False,False,0.0
2,foundation_x.backbone.layers_2.blocks.13.mlp.fc2.bias,False,foundation_backbone,False,False,False,0.0
2,foundation_x.backbone.layers_2.blocks.14.norm1.weight,False,foundation_backbone,False,False,False,0.0
2,foundation_x.backbone.layers_2.blocks.14.norm1.bias,False,foundation_backbone,False,False,False,0.0
2,foundation_x.backbone.layers_2.blocks.14.attn.relative_position_bias_table,False,foundation_backbone,False,False,False,0.0
2,foundation_x.backbone.layers_2.blocks.14.attn.qkv.weight,False,foundation_backbone,False,False,False,0.0
2,foundation_x.backbone.layers_2.blocks.14.attn.qkv.bias,False,foundation_backbone,False,False,False,0.0
2,foundation_x.backbone.layers_2.blocks.14.attn.proj.weight,False,foundation_backbone,False,False,False,0.0
2,foundation_x.backbone.layers_2.blocks.14.attn.proj.bias,False,foundation_backbone,False,False,False,0.0
2,foundation_x.backbone.layers_2.blocks.14.norm2.weight,False,foundation_backbone,False,False,False,0.0
2,foundation_x.backbone.layers_2.blocks.14.norm2.bias,False,foundation_backbone,False,False,False,0.0
2,foundation_x.backbone.layers_2.blocks.14.mlp.fc1.weight,False,foundation_backbone,False,False,False,0.0
2,foundation_x.backbone.layers_2.blocks.14.mlp.fc1.bias,False,foundation_backbone,False,False,False,0.0
2,foundation_x.backbone.layers_2.blocks.14.mlp.fc2.weight,False,foundation_backbone,False,False,False,0.0
2,foundation_x.backbone.layers_2.blocks.14.mlp.fc2.bias,False,foundation_backbone,False,False,False,0.0
2,foundation_x.backbone.layers_2.blocks.15.norm1.weight,False,foundation_backbone,False,False,False,0.0
2,foundation_x.backbone.layers_2.blocks.15.norm1.bias,False,foundation_backbone,False,False,False,0.0
2,foundation_x.backbone.layers_2.blocks.15.attn.relative_position_bias_table,False,foundation_backbone,False,False,False,0.0
2,foundation_x.backbone.layers_2.blocks.15.attn.qkv.weight,False,foundation_backbone,False,False,False,0.0
2,foundation_x.backbone.layers_2.blocks.15.attn.qkv.bias,False,foundation_backbone,False,False,False,0.0
2,foundation_x.backbone.layers_2.blocks.15.attn.proj.weight,False,foundation_backbone,False,False,False,0.0
2,foundation_x.backbone.layers_2.blocks.15.attn.proj.bias,False,foundation_backbone,False,False,False,0.0
2,foundation_x.backbone.layers_2.blocks.15.norm2.weight,False,foundation_backbone,False,False,False,0.0
2,foundation_x.backbone.layers_2.blocks.15.norm2.bias,False,foundation_backbone,False,False,False,0.0
2,foundation_x.backbone.layers_2.blocks.15.mlp.fc1.weight,False,foundation_backbone,False,False,False,0.0
2,foundation_x.backbone.layers_2.blocks.15.mlp.fc1.bias,False,foundation_backbone,False,False,False,0.0
2,foundation_x.backbone.layers_2.blocks.15.mlp.fc2.weight,False,foundation_backbone,False,False,False,0.0
2,foundation_x.backbone.layers_2.blocks.15.mlp.fc2.bias,False,foundation_backbone,False,False,False,0.0
2,foundation_x.backbone.layers_2.blocks.16.norm1.weight,False,foundation_backbone,False,False,False,0.0
2,foundation_x.backbone.layers_2.blocks.16.norm1.bias,False,foundation_backbone,False,False,False,0.0
2,foundation_x.backbone.layers_2.blocks.16.attn.relative_position_bias_table,False,foundation_backbone,False,False,False,0.0
2,foundation_x.backbone.layers_2.blocks.16.attn.qkv.weight,False,foundation_backbone,False,False,False,0.0
2,foundation_x.backbone.layers_2.blocks.16.attn.qkv.bias,False,foundation_backbone,False,False,False,0.0
2,foundation_x.backbone.layers_2.blocks.16.attn.proj.weight,False,foundation_backbone,False,False,False,0.0
2,foundation_x.backbone.layers_2.blocks.16.attn.proj.bias,False,foundation_backbone,False,False,False,0.0
2,foundation_x.backbone.layers_2.blocks.16.norm2.weight,False,foundation_backbone,False,False,False,0.0
2,foundation_x.backbone.layers_2.blocks.16.norm2.bias,False,foundation_backbone,False,False,False,0.0
2,foundation_x.backbone.layers_2.blocks.16.mlp.fc1.weight,False,foundation_backbone,False,False,False,0.0
2,foundation_x.backbone.layers_2.blocks.16.mlp.fc1.bias,False,foundation_backbone,False,False,False,0.0
2,foundation_x.backbone.layers_2.blocks.16.mlp.fc2.weight,False,foundation_backbone,False,False,False,0.0
2,foundation_x.backbone.layers_2.blocks.16.mlp.fc2.bias,False,foundation_backbone,False,False,False,0.0
2,foundation_x.backbone.layers_2.blocks.17.norm1.weight,False,foundation_backbone,False,False,False,0.0
2,foundation_x.backbone.layers_2.blocks.17.norm1.bias,False,foundation_backbone,False,False,False,0.0
2,foundation_x.backbone.layers_2.blocks.17.attn.relative_position_bias_table,False,foundation_backbone,False,False,False,0.0
2,foundation_x.backbone.layers_2.blocks.17.attn.qkv.weight,False,foundation_backbone,False,False,False,0.0
2,foundation_x.backbone.layers_2.blocks.17.attn.qkv.bias,False,foundation_backbone,False,False,False,0.0
2,foundation_x.backbone.layers_2.blocks.17.attn.proj.weight,False,foundation_backbone,False,False,False,0.0
2,foundation_x.backbone.layers_2.blocks.17.attn.proj.bias,False,foundation_backbone,False,False,False,0.0
2,foundation_x.backbone.layers_2.blocks.17.norm2.weight,False,foundation_backbone,False,False,False,0.0
2,foundation_x.backbone.layers_2.blocks.17.norm2.bias,False,foundation_backbone,False,False,False,0.0
2,foundation_x.backbone.layers_2.blocks.17.mlp.fc1.weight,False,foundation_backbone,False,False,False,0.0
2,foundation_x.backbone.layers_2.blocks.17.mlp.fc1.bias,False,foundation_backbone,False,False,False,0.0
2,foundation_x.backbone.layers_2.blocks.17.mlp.fc2.weight,False,foundation_backbone,False,False,False,0.0
2,foundation_x.backbone.layers_2.blocks.17.mlp.fc2.bias,False,foundation_backbone,False,False,False,0.0
2,foundation_x.backbone.layers_3.downsample.norm.weight,False,foundation_backbone,False,False,False,0.0
2,foundation_x.backbone.layers_3.downsample.norm.bias,False,foundation_backbone,False,False,False,0.0
2,foundation_x.backbone.layers_3.downsample.reduction.weight,False,foundation_backbone,False,False,False,0.0
2,foundation_x.backbone.layers_3.blocks.0.norm1.weight,False,foundation_backbone,False,False,False,0.0
2,foundation_x.backbone.layers_3.blocks.0.norm1.bias,False,foundation_backbone,False,False,False,0.0
2,foundation_x.backbone.layers_3.blocks.0.attn.relative_position_bias_table,False,foundation_backbone,False,False,False,0.0
2,foundation_x.backbone.layers_3.blocks.0.attn.qkv.weight,False,foundation_backbone,False,False,False,0.0
2,foundation_x.backbone.layers_3.blocks.0.attn.qkv.bias,False,foundation_backbone,False,False,False,0.0
2,foundation_x.backbone.layers_3.blocks.0.attn.proj.weight,False,foundation_backbone,False,False,False,0.0
2,foundation_x.backbone.layers_3.blocks.0.attn.proj.bias,False,foundation_backbone,False,False,False,0.0
2,foundation_x.backbone.layers_3.blocks.0.norm2.weight,False,foundation_backbone,False,False,False,0.0
2,foundation_x.backbone.layers_3.blocks.0.norm2.bias,False,foundation_backbone,False,False,False,0.0
2,foundation_x.backbone.layers_3.blocks.0.mlp.fc1.weight,False,foundation_backbone,False,False,False,0.0
2,foundation_x.backbone.layers_3.blocks.0.mlp.fc1.bias,False,foundation_backbone,False,False,False,0.0
2,foundation_x.backbone.layers_3.blocks.0.mlp.fc2.weight,False,foundation_backbone,False,False,False,0.0
2,foundation_x.backbone.layers_3.blocks.0.mlp.fc2.bias,False,foundation_backbone,False,False,False,0.0
2,foundation_x.backbone.layers_3.blocks.1.norm1.weight,False,foundation_backbone,False,False,False,0.0
2,foundation_x.backbone.layers_3.blocks.1.norm1.bias,False,foundation_backbone,False,False,False,0.0
2,foundation_x.backbone.layers_3.blocks.1.attn.relative_position_bias_table,False,foundation_backbone,False,False,False,0.0
2,foundation_x.backbone.layers_3.blocks.1.attn.qkv.weight,False,foundation_backbone,False,False,False,0.0
2,foundation_x.backbone.layers_3.blocks.1.attn.qkv.bias,False,foundation_backbone,False,False,False,0.0
2,foundation_x.backbone.layers_3.blocks.1.attn.proj.weight,False,foundation_backbone,False,False,False,0.0
2,foundation_x.backbone.layers_3.blocks.1.attn.proj.bias,False,foundation_backbone,False,False,False,0.0
2,foundation_x.backbone.layers_3.blocks.1.norm2.weight,False,foundation_backbone,False,False,False,0.0
2,foundation_x.backbone.layers_3.blocks.1.norm2.bias,False,foundation_backbone,False,False,False,0.0
2,foundation_x.backbone.layers_3.blocks.1.mlp.fc1.weight,False,foundation_backbone,False,False,False,0.0
2,foundation_x.backbone.layers_3.blocks.1.mlp.fc1.bias,False,foundation_backbone,False,False,False,0.0
2,foundation_x.backbone.layers_3.blocks.1.mlp.fc2.weight,False,foundation_backbone,False,False,False,0.0
2,foundation_x.backbone.layers_3.blocks.1.mlp.fc2.bias,False,foundation_backbone,False,False,False,0.0
2,enc1.block.0.weight,True,encoder_cnn,True,True,True,0.46640121936798096
2,enc1.block.1.weight,True,encoder_cnn,True,True,True,0.02181883342564106
2,enc1.block.1.bias,True,encoder_cnn,True,True,True,0.018330471590161324
2,enc1.block.3.weight,True,encoder_cnn,True,True,True,0.7938737869262695
2,enc1.block.4.weight,True,encoder_cnn,True,True,True,0.0137772923335433
2,enc1.block.4.bias,True,encoder_cnn,True,True,True,0.011235788464546204
2,enc2.block.0.weight,True,encoder_cnn,True,True,True,0.1564970314502716
2,enc2.block.1.weight,True,encoder_cnn,True,True,True,0.002537644002586603
2,enc2.block.1.bias,True,encoder_cnn,True,True,True,0.002349565038457513
2,enc2.block.3.weight,True,encoder_cnn,True,True,True,0.1725793331861496
2,enc2.block.4.weight,True,encoder_cnn,True,True,True,0.002954131690785289
2,enc2.block.4.bias,True,encoder_cnn,True,True,True,0.0021331252064555883
2,enc3.block.0.weight,True,encoder_cnn,True,True,True,0.02891761250793934
2,enc3.block.1.weight,True,encoder_cnn,True,True,True,0.00045509080518968403
2,enc3.block.1.bias,True,encoder_cnn,True,True,True,0.00026326687657274306
2,enc3.block.3.weight,True,encoder_cnn,True,True,True,0.03526400774717331
2,enc3.block.4.weight,True,encoder_cnn,True,True,True,0.00037484991480596364
2,enc3.block.4.bias,True,encoder_cnn,True,True,True,0.0002388346183579415
2,enc4.block.0.weight,True,encoder_cnn,True,True,True,0.0064007313922047615
2,enc4.block.1.weight,True,encoder_cnn,True,True,True,6.757269875379279e-05
2,enc4.block.1.bias,True,encoder_cnn,True,True,True,4.646263914764859e-05
2,enc4.block.3.weight,True,encoder_cnn,True,True,True,0.008187851868569851
2,enc4.block.4.weight,True,encoder_cnn,True,True,True,7.064008241286501e-05
2,enc4.block.4.bias,True,encoder_cnn,True,True,True,4.181734402664006e-05
2,fusion_e3.conv.0.weight,True,adapter_fusion,True,True,True,0.01828281208872795
2,fusion_e3.conv.0.bias,True,adapter_fusion,True,True,True,1.1910310515617084e-09
2,fusion_e3.conv.1.weight,True,adapter_fusion,True,True,True,0.0004987996071577072
2,fusion_e3.conv.1.bias,True,adapter_fusion,True,True,True,0.00031820463482290506
2,fusion_e4.conv.0.weight,True,adapter_fusion,True,True,True,0.004475003574043512
2,fusion_e4.conv.0.bias,True,adapter_fusion,True,True,True,1.3568141055131377e-10
2,fusion_e4.conv.1.weight,True,adapter_fusion,True,True,True,8.62477463670075e-05
2,fusion_e4.conv.1.bias,True,adapter_fusion,True,True,True,6.126298831077293e-05
2,h16_unet_context.block.0.weight,True,other_trainable,True,True,True,0.00039065725286491215
2,h16_unet_context.block.1.weight,True,other_trainable,True,True,True,2.8821784781030146e-06
2,h16_unet_context.block.1.bias,True,other_trainable,True,True,True,2.663489340193337e-06
2,h16_unet_context.block.3.weight,True,other_trainable,True,True,True,0.00047627519234083593
2,h16_unet_context.block.4.weight,True,other_trainable,True,True,True,2.777858071567607e-06
2,h16_unet_context.block.4.bias,True,other_trainable,True,True,True,2.5813660613493994e-06
2,h16_fx_context.conv.0.weight,True,adapter_fusion,True,True,True,0.002093914896249771
2,h16_fx_context.conv.0.bias,True,adapter_fusion,True,True,True,3.991784333634563e-12
2,h16_fx_context.conv.1.weight,True,adapter_fusion,True,True,True,2.2976733816904016e-05
2,h16_fx_context.conv.1.bias,True,adapter_fusion,True,True,True,2.0743749701068737e-05
2,h32_context_head.block.0.weight,True,adapter_fusion,True,True,True,0.001600307528860867
2,h32_context_head.block.1.weight,True,adapter_fusion,True,True,True,8.053086276049726e-06
2,h32_context_head.block.1.bias,True,adapter_fusion,True,True,True,6.945109362277435e-06
2,h32_context_head.block.3.weight,True,adapter_fusion,True,True,True,0.0013322219019755721
2,h32_context_head.block.4.weight,True,adapter_fusion,True,True,True,8.446101674053352e-06
2,h32_context_head.block.4.bias,True,adapter_fusion,True,True,True,8.003865332284477e-06
2,h32_to_h16.weight,True,adapter_fusion,True,True,True,0.0009372637141495943
2,h32_to_h16.bias,True,adapter_fusion,True,True,True,6.099294751038542e-06
2,context_merge.block.0.weight,True,adapter_fusion,True,True,True,0.005853021517395973
2,context_merge.block.1.weight,True,adapter_fusion,True,True,True,2.3634593162569217e-05
2,context_merge.block.1.bias,True,adapter_fusion,True,True,True,2.099832272506319e-05
2,context_merge.block.3.weight,True,adapter_fusion,True,True,True,0.003914837259799242
2,context_merge.block.4.weight,True,adapter_fusion,True,True,True,2.6325911676394753e-05
2,context_merge.block.4.bias,True,adapter_fusion,True,True,True,2.6390191123937257e-05
2,up4.weight,True,decoder_head,True,True,True,0.0019891709089279175
2,up4.bias,True,decoder_head,True,True,True,1.6720499843358994e-05
2,dec4.block.0.weight,True,decoder_head,True,True,True,0.014434745535254478
2,dec4.block.1.weight,True,decoder_head,True,True,True,8.428205910604447e-05
2,dec4.block.1.bias,True,decoder_head,True,True,True,6.140295590739697e-05
2,dec4.block.3.weight,True,decoder_head,True,True,True,0.009674914181232452
2,dec4.block.4.weight,True,decoder_head,True,True,True,9.657003829488531e-05
2,dec4.block.4.bias,True,decoder_head,True,True,True,8.629247167846188e-05
2,up3.weight,True,decoder_head,True,True,True,0.005211389623582363
2,up3.bias,True,decoder_head,True,True,True,6.928334914846346e-05
2,dec3.block.0.weight,True,decoder_head,True,True,True,0.055992964655160904
2,dec3.block.1.weight,True,decoder_head,True,True,True,0.0005073649226687849
2,dec3.block.1.bias,True,decoder_head,True,True,True,0.0003458130522631109
2,dec3.block.3.weight,True,decoder_head,True,True,True,0.041573964059352875
2,dec3.block.4.weight,True,decoder_head,True,True,True,0.0006654324824921787
2,dec3.block.4.bias,True,decoder_head,True,True,True,0.000512509373947978
2,up2.weight,True,decoder_head,True,True,True,0.02316526509821415
2,up2.bias,True,decoder_head,True,True,True,0.00020684093760792166
2,dec2.block.0.weight,True,decoder_head,True,True,True,0.21490974724292755
2,dec2.block.1.weight,True,decoder_head,True,True,True,0.002753842156380415
2,dec2.block.1.bias,True,decoder_head,True,True,True,0.0021139481104910374
2,dec2.block.3.weight,True,decoder_head,True,True,True,0.15933673083782196
2,dec2.block.4.weight,True,decoder_head,True,True,True,0.0037634801119565964
2,dec2.block.4.bias,True,decoder_head,True,True,True,0.003954146523028612
2,up1.weight,True,decoder_head,True,True,True,0.0913529172539711
2,up1.bias,True,decoder_head,True,True,True,0.0006371282506734133
2,dec1.block.0.weight,True,decoder_head,True,True,True,0.7879214882850647
2,dec1.block.1.weight,True,decoder_head,True,True,True,0.012123179621994495
2,dec1.block.1.bias,True,decoder_head,True,True,True,0.009004035964608192
2,dec1.block.3.weight,True,decoder_head,True,True,True,0.6047831177711487
2,dec1.block.4.weight,True,decoder_head,True,True,True,0.09146803617477417
2,dec1.block.4.bias,True,decoder_head,True,True,True,0.1279015839099884
2,final.weight,True,decoder_head,True,True,True,1.3779159784317017
2,final.bias,True,decoder_head,True,True,True,0.4973873496055603
3,foundation_x.backbone.patch_embed.proj.weight,False,foundation_backbone,False,False,False,0.0
3,foundation_x.backbone.patch_embed.proj.bias,False,foundation_backbone,False,False,False,0.0
3,foundation_x.backbone.patch_embed.norm.weight,False,foundation_backbone,False,False,False,0.0
3,foundation_x.backbone.patch_embed.norm.bias,False,foundation_backbone,False,False,False,0.0
3,foundation_x.backbone.layers_0.blocks.0.norm1.weight,False,foundation_backbone,False,False,False,0.0
3,foundation_x.backbone.layers_0.blocks.0.norm1.bias,False,foundation_backbone,False,False,False,0.0
3,foundation_x.backbone.layers_0.blocks.0.attn.relative_position_bias_table,False,foundation_backbone,False,False,False,0.0
3,foundation_x.backbone.layers_0.blocks.0.attn.qkv.weight,False,foundation_backbone,False,False,False,0.0
3,foundation_x.backbone.layers_0.blocks.0.attn.qkv.bias,False,foundation_backbone,False,False,False,0.0
3,foundation_x.backbone.layers_0.blocks.0.attn.proj.weight,False,foundation_backbone,False,False,False,0.0
3,foundation_x.backbone.layers_0.blocks.0.attn.proj.bias,False,foundation_backbone,False,False,False,0.0
3,foundation_x.backbone.layers_0.blocks.0.norm2.weight,False,foundation_backbone,False,False,False,0.0
3,foundation_x.backbone.layers_0.blocks.0.norm2.bias,False,foundation_backbone,False,False,False,0.0
3,foundation_x.backbone.layers_0.blocks.0.mlp.fc1.weight,False,foundation_backbone,False,False,False,0.0
3,foundation_x.backbone.layers_0.blocks.0.mlp.fc1.bias,False,foundation_backbone,False,False,False,0.0
3,foundation_x.backbone.layers_0.blocks.0.mlp.fc2.weight,False,foundation_backbone,False,False,False,0.0
3,foundation_x.backbone.layers_0.blocks.0.mlp.fc2.bias,False,foundation_backbone,False,False,False,0.0
3,foundation_x.backbone.layers_0.blocks.1.norm1.weight,False,foundation_backbone,False,False,False,0.0
3,foundation_x.backbone.layers_0.blocks.1.norm1.bias,False,foundation_backbone,False,False,False,0.0
3,foundation_x.backbone.layers_0.blocks.1.attn.relative_position_bias_table,False,foundation_backbone,False,False,False,0.0
3,foundation_x.backbone.layers_0.blocks.1.attn.qkv.weight,False,foundation_backbone,False,False,False,0.0
3,foundation_x.backbone.layers_0.blocks.1.attn.qkv.bias,False,foundation_backbone,False,False,False,0.0
3,foundation_x.backbone.layers_0.blocks.1.attn.proj.weight,False,foundation_backbone,False,False,False,0.0
3,foundation_x.backbone.layers_0.blocks.1.attn.proj.bias,False,foundation_backbone,False,False,False,0.0
3,foundation_x.backbone.layers_0.blocks.1.norm2.weight,False,foundation_backbone,False,False,False,0.0
3,foundation_x.backbone.layers_0.blocks.1.norm2.bias,False,foundation_backbone,False,False,False,0.0
3,foundation_x.backbone.layers_0.blocks.1.mlp.fc1.weight,False,foundation_backbone,False,False,False,0.0
3,foundation_x.backbone.layers_0.blocks.1.mlp.fc1.bias,False,foundation_backbone,False,False,False,0.0
3,foundation_x.backbone.layers_0.blocks.1.mlp.fc2.weight,False,foundation_backbone,False,False,False,0.0
3,foundation_x.backbone.layers_0.blocks.1.mlp.fc2.bias,False,foundation_backbone,False,False,False,0.0
3,foundation_x.backbone.layers_1.downsample.norm.weight,False,foundation_backbone,False,False,False,0.0
3,foundation_x.backbone.layers_1.downsample.norm.bias,False,foundation_backbone,False,False,False,0.0
3,foundation_x.backbone.layers_1.downsample.reduction.weight,False,foundation_backbone,False,False,False,0.0
3,foundation_x.backbone.layers_1.blocks.0.norm1.weight,False,foundation_backbone,False,False,False,0.0
3,foundation_x.backbone.layers_1.blocks.0.norm1.bias,False,foundation_backbone,False,False,False,0.0
3,foundation_x.backbone.layers_1.blocks.0.attn.relative_position_bias_table,False,foundation_backbone,False,False,False,0.0
3,foundation_x.backbone.layers_1.blocks.0.attn.qkv.weight,False,foundation_backbone,False,False,False,0.0
3,foundation_x.backbone.layers_1.blocks.0.attn.qkv.bias,False,foundation_backbone,False,False,False,0.0
3,foundation_x.backbone.layers_1.blocks.0.attn.proj.weight,False,foundation_backbone,False,False,False,0.0
3,foundation_x.backbone.layers_1.blocks.0.attn.proj.bias,False,foundation_backbone,False,False,False,0.0
3,foundation_x.backbone.layers_1.blocks.0.norm2.weight,False,foundation_backbone,False,False,False,0.0
3,foundation_x.backbone.layers_1.blocks.0.norm2.bias,False,foundation_backbone,False,False,False,0.0
3,foundation_x.backbone.layers_1.blocks.0.mlp.fc1.weight,False,foundation_backbone,False,False,False,0.0
3,foundation_x.backbone.layers_1.blocks.0.mlp.fc1.bias,False,foundation_backbone,False,False,False,0.0
3,foundation_x.backbone.layers_1.blocks.0.mlp.fc2.weight,False,foundation_backbone,False,False,False,0.0
3,foundation_x.backbone.layers_1.blocks.0.mlp.fc2.bias,False,foundation_backbone,False,False,False,0.0
3,foundation_x.backbone.layers_1.blocks.1.norm1.weight,False,foundation_backbone,False,False,False,0.0
3,foundation_x.backbone.layers_1.blocks.1.norm1.bias,False,foundation_backbone,False,False,False,0.0
3,foundation_x.backbone.layers_1.blocks.1.attn.relative_position_bias_table,False,foundation_backbone,False,False,False,0.0
3,foundation_x.backbone.layers_1.blocks.1.attn.qkv.weight,False,foundation_backbone,False,False,False,0.0
3,foundation_x.backbone.layers_1.blocks.1.attn.qkv.bias,False,foundation_backbone,False,False,False,0.0
3,foundation_x.backbone.layers_1.blocks.1.attn.proj.weight,False,foundation_backbone,False,False,False,0.0
3,foundation_x.backbone.layers_1.blocks.1.attn.proj.bias,False,foundation_backbone,False,False,False,0.0
3,foundation_x.backbone.layers_1.blocks.1.norm2.weight,False,foundation_backbone,False,False,False,0.0
3,foundation_x.backbone.layers_1.blocks.1.norm2.bias,False,foundation_backbone,False,False,False,0.0
3,foundation_x.backbone.layers_1.blocks.1.mlp.fc1.weight,False,foundation_backbone,False,False,False,0.0
3,foundation_x.backbone.layers_1.blocks.1.mlp.fc1.bias,False,foundation_backbone,False,False,False,0.0
3,foundation_x.backbone.layers_1.blocks.1.mlp.fc2.weight,False,foundation_backbone,False,False,False,0.0
3,foundation_x.backbone.layers_1.blocks.1.mlp.fc2.bias,False,foundation_backbone,False,False,False,0.0
3,foundation_x.backbone.layers_2.downsample.norm.weight,False,foundation_backbone,False,False,False,0.0
3,foundation_x.backbone.layers_2.downsample.norm.bias,False,foundation_backbone,False,False,False,0.0
3,foundation_x.backbone.layers_2.downsample.reduction.weight,False,foundation_backbone,False,False,False,0.0
3,foundation_x.backbone.layers_2.blocks.0.norm1.weight,False,foundation_backbone,False,False,False,0.0
3,foundation_x.backbone.layers_2.blocks.0.norm1.bias,False,foundation_backbone,False,False,False,0.0
3,foundation_x.backbone.layers_2.blocks.0.attn.relative_position_bias_table,False,foundation_backbone,False,False,False,0.0
3,foundation_x.backbone.layers_2.blocks.0.attn.qkv.weight,False,foundation_backbone,False,False,False,0.0
3,foundation_x.backbone.layers_2.blocks.0.attn.qkv.bias,False,foundation_backbone,False,False,False,0.0
3,foundation_x.backbone.layers_2.blocks.0.attn.proj.weight,False,foundation_backbone,False,False,False,0.0
3,foundation_x.backbone.layers_2.blocks.0.attn.proj.bias,False,foundation_backbone,False,False,False,0.0
3,foundation_x.backbone.layers_2.blocks.0.norm2.weight,False,foundation_backbone,False,False,False,0.0
3,foundation_x.backbone.layers_2.blocks.0.norm2.bias,False,foundation_backbone,False,False,False,0.0
3,foundation_x.backbone.layers_2.blocks.0.mlp.fc1.weight,False,foundation_backbone,False,False,False,0.0
3,foundation_x.backbone.layers_2.blocks.0.mlp.fc1.bias,False,foundation_backbone,False,False,False,0.0
3,foundation_x.backbone.layers_2.blocks.0.mlp.fc2.weight,False,foundation_backbone,False,False,False,0.0
3,foundation_x.backbone.layers_2.blocks.0.mlp.fc2.bias,False,foundation_backbone,False,False,False,0.0
3,foundation_x.backbone.layers_2.blocks.1.norm1.weight,False,foundation_backbone,False,False,False,0.0
3,foundation_x.backbone.layers_2.blocks.1.norm1.bias,False,foundation_backbone,False,False,False,0.0
3,foundation_x.backbone.layers_2.blocks.1.attn.relative_position_bias_table,False,foundation_backbone,False,False,False,0.0
3,foundation_x.backbone.layers_2.blocks.1.attn.qkv.weight,False,foundation_backbone,False,False,False,0.0
3,foundation_x.backbone.layers_2.blocks.1.attn.qkv.bias,False,foundation_backbone,False,False,False,0.0
3,foundation_x.backbone.layers_2.blocks.1.attn.proj.weight,False,foundation_backbone,False,False,False,0.0
3,foundation_x.backbone.layers_2.blocks.1.attn.proj.bias,False,foundation_backbone,False,False,False,0.0
3,foundation_x.backbone.layers_2.blocks.1.norm2.weight,False,foundation_backbone,False,False,False,0.0
3,foundation_x.backbone.layers_2.blocks.1.norm2.bias,False,foundation_backbone,False,False,False,0.0
3,foundation_x.backbone.layers_2.blocks.1.mlp.fc1.weight,False,foundation_backbone,False,False,False,0.0
3,foundation_x.backbone.layers_2.blocks.1.mlp.fc1.bias,False,foundation_backbone,False,False,False,0.0
3,foundation_x.backbone.layers_2.blocks.1.mlp.fc2.weight,False,foundation_backbone,False,False,False,0.0
3,foundation_x.backbone.layers_2.blocks.1.mlp.fc2.bias,False,foundation_backbone,False,False,False,0.0
3,foundation_x.backbone.layers_2.blocks.2.norm1.weight,False,foundation_backbone,False,False,False,0.0
3,foundation_x.backbone.layers_2.blocks.2.norm1.bias,False,foundation_backbone,False,False,False,0.0
3,foundation_x.backbone.layers_2.blocks.2.attn.relative_position_bias_table,False,foundation_backbone,False,False,False,0.0
3,foundation_x.backbone.layers_2.blocks.2.attn.qkv.weight,False,foundation_backbone,False,False,False,0.0
3,foundation_x.backbone.layers_2.blocks.2.attn.qkv.bias,False,foundation_backbone,False,False,False,0.0
3,foundation_x.backbone.layers_2.blocks.2.attn.proj.weight,False,foundation_backbone,False,False,False,0.0
3,foundation_x.backbone.layers_2.blocks.2.attn.proj.bias,False,foundation_backbone,False,False,False,0.0
3,foundation_x.backbone.layers_2.blocks.2.norm2.weight,False,foundation_backbone,False,False,False,0.0
3,foundation_x.backbone.layers_2.blocks.2.norm2.bias,False,foundation_backbone,False,False,False,0.0
3,foundation_x.backbone.layers_2.blocks.2.mlp.fc1.weight,False,foundation_backbone,False,False,False,0.0
3,foundation_x.backbone.layers_2.blocks.2.mlp.fc1.bias,False,foundation_backbone,False,False,False,0.0
3,foundation_x.backbone.layers_2.blocks.2.mlp.fc2.weight,False,foundation_backbone,False,False,False,0.0
3,foundation_x.backbone.layers_2.blocks.2.mlp.fc2.bias,False,foundation_backbone,False,False,False,0.0
3,foundation_x.backbone.layers_2.blocks.3.norm1.weight,False,foundation_backbone,False,False,False,0.0
3,foundation_x.backbone.layers_2.blocks.3.norm1.bias,False,foundation_backbone,False,False,False,0.0
3,foundation_x.backbone.layers_2.blocks.3.attn.relative_position_bias_table,False,foundation_backbone,False,False,False,0.0
3,foundation_x.backbone.layers_2.blocks.3.attn.qkv.weight,False,foundation_backbone,False,False,False,0.0
3,foundation_x.backbone.layers_2.blocks.3.attn.qkv.bias,False,foundation_backbone,False,False,False,0.0
3,foundation_x.backbone.layers_2.blocks.3.attn.proj.weight,False,foundation_backbone,False,False,False,0.0
3,foundation_x.backbone.layers_2.blocks.3.attn.proj.bias,False,foundation_backbone,False,False,False,0.0
3,foundation_x.backbone.layers_2.blocks.3.norm2.weight,False,foundation_backbone,False,False,False,0.0
3,foundation_x.backbone.layers_2.blocks.3.norm2.bias,False,foundation_backbone,False,False,False,0.0
3,foundation_x.backbone.layers_2.blocks.3.mlp.fc1.weight,False,foundation_backbone,False,False,False,0.0
3,foundation_x.backbone.layers_2.blocks.3.mlp.fc1.bias,False,foundation_backbone,False,False,False,0.0
3,foundation_x.backbone.layers_2.blocks.3.mlp.fc2.weight,False,foundation_backbone,False,False,False,0.0
3,foundation_x.backbone.layers_2.blocks.3.mlp.fc2.bias,False,foundation_backbone,False,False,False,0.0
3,foundation_x.backbone.layers_2.blocks.4.norm1.weight,False,foundation_backbone,False,False,False,0.0
3,foundation_x.backbone.layers_2.blocks.4.norm1.bias,False,foundation_backbone,False,False,False,0.0
3,foundation_x.backbone.layers_2.blocks.4.attn.relative_position_bias_table,False,foundation_backbone,False,False,False,0.0
3,foundation_x.backbone.layers_2.blocks.4.attn.qkv.weight,False,foundation_backbone,False,False,False,0.0
3,foundation_x.backbone.layers_2.blocks.4.attn.qkv.bias,False,foundation_backbone,False,False,False,0.0
3,foundation_x.backbone.layers_2.blocks.4.attn.proj.weight,False,foundation_backbone,False,False,False,0.0
3,foundation_x.backbone.layers_2.blocks.4.attn.proj.bias,False,foundation_backbone,False,False,False,0.0
3,foundation_x.backbone.layers_2.blocks.4.norm2.weight,False,foundation_backbone,False,False,False,0.0
3,foundation_x.backbone.layers_2.blocks.4.norm2.bias,False,foundation_backbone,False,False,False,0.0
3,foundation_x.backbone.layers_2.blocks.4.mlp.fc1.weight,False,foundation_backbone,False,False,False,0.0
3,foundation_x.backbone.layers_2.blocks.4.mlp.fc1.bias,False,foundation_backbone,False,False,False,0.0
3,foundation_x.backbone.layers_2.blocks.4.mlp.fc2.weight,False,foundation_backbone,False,False,False,0.0
3,foundation_x.backbone.layers_2.blocks.4.mlp.fc2.bias,False,foundation_backbone,False,False,False,0.0
3,foundation_x.backbone.layers_2.blocks.5.norm1.weight,False,foundation_backbone,False,False,False,0.0
3,foundation_x.backbone.layers_2.blocks.5.norm1.bias,False,foundation_backbone,False,False,False,0.0
3,foundation_x.backbone.layers_2.blocks.5.attn.relative_position_bias_table,False,foundation_backbone,False,False,False,0.0
3,foundation_x.backbone.layers_2.blocks.5.attn.qkv.weight,False,foundation_backbone,False,False,False,0.0
3,foundation_x.backbone.layers_2.blocks.5.attn.qkv.bias,False,foundation_backbone,False,False,False,0.0
3,foundation_x.backbone.layers_2.blocks.5.attn.proj.weight,False,foundation_backbone,False,False,False,0.0
3,foundation_x.backbone.layers_2.blocks.5.attn.proj.bias,False,foundation_backbone,False,False,False,0.0
3,foundation_x.backbone.layers_2.blocks.5.norm2.weight,False,foundation_backbone,False,False,False,0.0
3,foundation_x.backbone.layers_2.blocks.5.norm2.bias,False,foundation_backbone,False,False,False,0.0
3,foundation_x.backbone.layers_2.blocks.5.mlp.fc1.weight,False,foundation_backbone,False,False,False,0.0
3,foundation_x.backbone.layers_2.blocks.5.mlp.fc1.bias,False,foundation_backbone,False,False,False,0.0
3,foundation_x.backbone.layers_2.blocks.5.mlp.fc2.weight,False,foundation_backbone,False,False,False,0.0
3,foundation_x.backbone.layers_2.blocks.5.mlp.fc2.bias,False,foundation_backbone,False,False,False,0.0
3,foundation_x.backbone.layers_2.blocks.6.norm1.weight,False,foundation_backbone,False,False,False,0.0
3,foundation_x.backbone.layers_2.blocks.6.norm1.bias,False,foundation_backbone,False,False,False,0.0
3,foundation_x.backbone.layers_2.blocks.6.attn.relative_position_bias_table,False,foundation_backbone,False,False,False,0.0
3,foundation_x.backbone.layers_2.blocks.6.attn.qkv.weight,False,foundation_backbone,False,False,False,0.0
3,foundation_x.backbone.layers_2.blocks.6.attn.qkv.bias,False,foundation_backbone,False,False,False,0.0
3,foundation_x.backbone.layers_2.blocks.6.attn.proj.weight,False,foundation_backbone,False,False,False,0.0
3,foundation_x.backbone.layers_2.blocks.6.attn.proj.bias,False,foundation_backbone,False,False,False,0.0
3,foundation_x.backbone.layers_2.blocks.6.norm2.weight,False,foundation_backbone,False,False,False,0.0
3,foundation_x.backbone.layers_2.blocks.6.norm2.bias,False,foundation_backbone,False,False,False,0.0
3,foundation_x.backbone.layers_2.blocks.6.mlp.fc1.weight,False,foundation_backbone,False,False,False,0.0
3,foundation_x.backbone.layers_2.blocks.6.mlp.fc1.bias,False,foundation_backbone,False,False,False,0.0
3,foundation_x.backbone.layers_2.blocks.6.mlp.fc2.weight,False,foundation_backbone,False,False,False,0.0
3,foundation_x.backbone.layers_2.blocks.6.mlp.fc2.bias,False,foundation_backbone,False,False,False,0.0
3,foundation_x.backbone.layers_2.blocks.7.norm1.weight,False,foundation_backbone,False,False,False,0.0
3,foundation_x.backbone.layers_2.blocks.7.norm1.bias,False,foundation_backbone,False,False,False,0.0
3,foundation_x.backbone.layers_2.blocks.7.attn.relative_position_bias_table,False,foundation_backbone,False,False,False,0.0
3,foundation_x.backbone.layers_2.blocks.7.attn.qkv.weight,False,foundation_backbone,False,False,False,0.0
3,foundation_x.backbone.layers_2.blocks.7.attn.qkv.bias,False,foundation_backbone,False,False,False,0.0
3,foundation_x.backbone.layers_2.blocks.7.attn.proj.weight,False,foundation_backbone,False,False,False,0.0
3,foundation_x.backbone.layers_2.blocks.7.attn.proj.bias,False,foundation_backbone,False,False,False,0.0
3,foundation_x.backbone.layers_2.blocks.7.norm2.weight,False,foundation_backbone,False,False,False,0.0
3,foundation_x.backbone.layers_2.blocks.7.norm2.bias,False,foundation_backbone,False,False,False,0.0
3,foundation_x.backbone.layers_2.blocks.7.mlp.fc1.weight,False,foundation_backbone,False,False,False,0.0
3,foundation_x.backbone.layers_2.blocks.7.mlp.fc1.bias,False,foundation_backbone,False,False,False,0.0
3,foundation_x.backbone.layers_2.blocks.7.mlp.fc2.weight,False,foundation_backbone,False,False,False,0.0
3,foundation_x.backbone.layers_2.blocks.7.mlp.fc2.bias,False,foundation_backbone,False,False,False,0.0
3,foundation_x.backbone.layers_2.blocks.8.norm1.weight,False,foundation_backbone,False,False,False,0.0
3,foundation_x.backbone.layers_2.blocks.8.norm1.bias,False,foundation_backbone,False,False,False,0.0
3,foundation_x.backbone.layers_2.blocks.8.attn.relative_position_bias_table,False,foundation_backbone,False,False,False,0.0
3,foundation_x.backbone.layers_2.blocks.8.attn.qkv.weight,False,foundation_backbone,False,False,False,0.0
3,foundation_x.backbone.layers_2.blocks.8.attn.qkv.bias,False,foundation_backbone,False,False,False,0.0
3,foundation_x.backbone.layers_2.blocks.8.attn.proj.weight,False,foundation_backbone,False,False,False,0.0
3,foundation_x.backbone.layers_2.blocks.8.attn.proj.bias,False,foundation_backbone,False,False,False,0.0
3,foundation_x.backbone.layers_2.blocks.8.norm2.weight,False,foundation_backbone,False,False,False,0.0
3,foundation_x.backbone.layers_2.blocks.8.norm2.bias,False,foundation_backbone,False,False,False,0.0
3,foundation_x.backbone.layers_2.blocks.8.mlp.fc1.weight,False,foundation_backbone,False,False,False,0.0
3,foundation_x.backbone.layers_2.blocks.8.mlp.fc1.bias,False,foundation_backbone,False,False,False,0.0
3,foundation_x.backbone.layers_2.blocks.8.mlp.fc2.weight,False,foundation_backbone,False,False,False,0.0
3,foundation_x.backbone.layers_2.blocks.8.mlp.fc2.bias,False,foundation_backbone,False,False,False,0.0
3,foundation_x.backbone.layers_2.blocks.9.norm1.weight,False,foundation_backbone,False,False,False,0.0
3,foundation_x.backbone.layers_2.blocks.9.norm1.bias,False,foundation_backbone,False,False,False,0.0
3,foundation_x.backbone.layers_2.blocks.9.attn.relative_position_bias_table,False,foundation_backbone,False,False,False,0.0
3,foundation_x.backbone.layers_2.blocks.9.attn.qkv.weight,False,foundation_backbone,False,False,False,0.0
3,foundation_x.backbone.layers_2.blocks.9.attn.qkv.bias,False,foundation_backbone,False,False,False,0.0
3,foundation_x.backbone.layers_2.blocks.9.attn.proj.weight,False,foundation_backbone,False,False,False,0.0
3,foundation_x.backbone.layers_2.blocks.9.attn.proj.bias,False,foundation_backbone,False,False,False,0.0
3,foundation_x.backbone.layers_2.blocks.9.norm2.weight,False,foundation_backbone,False,False,False,0.0
3,foundation_x.backbone.layers_2.blocks.9.norm2.bias,False,foundation_backbone,False,False,False,0.0
3,foundation_x.backbone.layers_2.blocks.9.mlp.fc1.weight,False,foundation_backbone,False,False,False,0.0
3,foundation_x.backbone.layers_2.blocks.9.mlp.fc1.bias,False,foundation_backbone,False,False,False,0.0
3,foundation_x.backbone.layers_2.blocks.9.mlp.fc2.weight,False,foundation_backbone,False,False,False,0.0
3,foundation_x.backbone.layers_2.blocks.9.mlp.fc2.bias,False,foundation_backbone,False,False,False,0.0
3,foundation_x.backbone.layers_2.blocks.10.norm1.weight,False,foundation_backbone,False,False,False,0.0
3,foundation_x.backbone.layers_2.blocks.10.norm1.bias,False,foundation_backbone,False,False,False,0.0
3,foundation_x.backbone.layers_2.blocks.10.attn.relative_position_bias_table,False,foundation_backbone,False,False,False,0.0
3,foundation_x.backbone.layers_2.blocks.10.attn.qkv.weight,False,foundation_backbone,False,False,False,0.0
3,foundation_x.backbone.layers_2.blocks.10.attn.qkv.bias,False,foundation_backbone,False,False,False,0.0
3,foundation_x.backbone.layers_2.blocks.10.attn.proj.weight,False,foundation_backbone,False,False,False,0.0
3,foundation_x.backbone.layers_2.blocks.10.attn.proj.bias,False,foundation_backbone,False,False,False,0.0
3,foundation_x.backbone.layers_2.blocks.10.norm2.weight,False,foundation_backbone,False,False,False,0.0
3,foundation_x.backbone.layers_2.blocks.10.norm2.bias,False,foundation_backbone,False,False,False,0.0
3,foundation_x.backbone.layers_2.blocks.10.mlp.fc1.weight,False,foundation_backbone,False,False,False,0.0
3,foundation_x.backbone.layers_2.blocks.10.mlp.fc1.bias,False,foundation_backbone,False,False,False,0.0
3,foundation_x.backbone.layers_2.blocks.10.mlp.fc2.weight,False,foundation_backbone,False,False,False,0.0
3,foundation_x.backbone.layers_2.blocks.10.mlp.fc2.bias,False,foundation_backbone,False,False,False,0.0
3,foundation_x.backbone.layers_2.blocks.11.norm1.weight,False,foundation_backbone,False,False,False,0.0
3,foundation_x.backbone.layers_2.blocks.11.norm1.bias,False,foundation_backbone,False,False,False,0.0
3,foundation_x.backbone.layers_2.blocks.11.attn.relative_position_bias_table,False,foundation_backbone,False,False,False,0.0
3,foundation_x.backbone.layers_2.blocks.11.attn.qkv.weight,False,foundation_backbone,False,False,False,0.0
3,foundation_x.backbone.layers_2.blocks.11.attn.qkv.bias,False,foundation_backbone,False,False,False,0.0
3,foundation_x.backbone.layers_2.blocks.11.attn.proj.weight,False,foundation_backbone,False,False,False,0.0
3,foundation_x.backbone.layers_2.blocks.11.attn.proj.bias,False,foundation_backbone,False,False,False,0.0
3,foundation_x.backbone.layers_2.blocks.11.norm2.weight,False,foundation_backbone,False,False,False,0.0
3,foundation_x.backbone.layers_2.blocks.11.norm2.bias,False,foundation_backbone,False,False,False,0.0
3,foundation_x.backbone.layers_2.blocks.11.mlp.fc1.weight,False,foundation_backbone,False,False,False,0.0
3,foundation_x.backbone.layers_2.blocks.11.mlp.fc1.bias,False,foundation_backbone,False,False,False,0.0
3,foundation_x.backbone.layers_2.blocks.11.mlp.fc2.weight,False,foundation_backbone,False,False,False,0.0
3,foundation_x.backbone.layers_2.blocks.11.mlp.fc2.bias,False,foundation_backbone,False,False,False,0.0
3,foundation_x.backbone.layers_2.blocks.12.norm1.weight,False,foundation_backbone,False,False,False,0.0
3,foundation_x.backbone.layers_2.blocks.12.norm1.bias,False,foundation_backbone,False,False,False,0.0
3,foundation_x.backbone.layers_2.blocks.12.attn.relative_position_bias_table,False,foundation_backbone,False,False,False,0.0
3,foundation_x.backbone.layers_2.blocks.12.attn.qkv.weight,False,foundation_backbone,False,False,False,0.0
3,foundation_x.backbone.layers_2.blocks.12.attn.qkv.bias,False,foundation_backbone,False,False,False,0.0
3,foundation_x.backbone.layers_2.blocks.12.attn.proj.weight,False,foundation_backbone,False,False,False,0.0
3,foundation_x.backbone.layers_2.blocks.12.attn.proj.bias,False,foundation_backbone,False,False,False,0.0
3,foundation_x.backbone.layers_2.blocks.12.norm2.weight,False,foundation_backbone,False,False,False,0.0
3,foundation_x.backbone.layers_2.blocks.12.norm2.bias,False,foundation_backbone,False,False,False,0.0
3,foundation_x.backbone.layers_2.blocks.12.mlp.fc1.weight,False,foundation_backbone,False,False,False,0.0
3,foundation_x.backbone.layers_2.blocks.12.mlp.fc1.bias,False,foundation_backbone,False,False,False,0.0
3,foundation_x.backbone.layers_2.blocks.12.mlp.fc2.weight,False,foundation_backbone,False,False,False,0.0
3,foundation_x.backbone.layers_2.blocks.12.mlp.fc2.bias,False,foundation_backbone,False,False,False,0.0
3,foundation_x.backbone.layers_2.blocks.13.norm1.weight,False,foundation_backbone,False,False,False,0.0
3,foundation_x.backbone.layers_2.blocks.13.norm1.bias,False,foundation_backbone,False,False,False,0.0
3,foundation_x.backbone.layers_2.blocks.13.attn.relative_position_bias_table,False,foundation_backbone,False,False,False,0.0
3,foundation_x.backbone.layers_2.blocks.13.attn.qkv.weight,False,foundation_backbone,False,False,False,0.0
3,foundation_x.backbone.layers_2.blocks.13.attn.qkv.bias,False,foundation_backbone,False,False,False,0.0
3,foundation_x.backbone.layers_2.blocks.13.attn.proj.weight,False,foundation_backbone,False,False,False,0.0
3,foundation_x.backbone.layers_2.blocks.13.attn.proj.bias,False,foundation_backbone,False,False,False,0.0
3,foundation_x.backbone.layers_2.blocks.13.norm2.weight,False,foundation_backbone,False,False,False,0.0
3,foundation_x.backbone.layers_2.blocks.13.norm2.bias,False,foundation_backbone,False,False,False,0.0
3,foundation_x.backbone.layers_2.blocks.13.mlp.fc1.weight,False,foundation_backbone,False,False,False,0.0
3,foundation_x.backbone.layers_2.blocks.13.mlp.fc1.bias,False,foundation_backbone,False,False,False,0.0
3,foundation_x.backbone.layers_2.blocks.13.mlp.fc2.weight,False,foundation_backbone,False,False,False,0.0
3,foundation_x.backbone.layers_2.blocks.13.mlp.fc2.bias,False,foundation_backbone,False,False,False,0.0
3,foundation_x.backbone.layers_2.blocks.14.norm1.weight,False,foundation_backbone,False,False,False,0.0
3,foundation_x.backbone.layers_2.blocks.14.norm1.bias,False,foundation_backbone,False,False,False,0.0
3,foundation_x.backbone.layers_2.blocks.14.attn.relative_position_bias_table,False,foundation_backbone,False,False,False,0.0
3,foundation_x.backbone.layers_2.blocks.14.attn.qkv.weight,False,foundation_backbone,False,False,False,0.0
3,foundation_x.backbone.layers_2.blocks.14.attn.qkv.bias,False,foundation_backbone,False,False,False,0.0
3,foundation_x.backbone.layers_2.blocks.14.attn.proj.weight,False,foundation_backbone,False,False,False,0.0
3,foundation_x.backbone.layers_2.blocks.14.attn.proj.bias,False,foundation_backbone,False,False,False,0.0
3,foundation_x.backbone.layers_2.blocks.14.norm2.weight,False,foundation_backbone,False,False,False,0.0
3,foundation_x.backbone.layers_2.blocks.14.norm2.bias,False,foundation_backbone,False,False,False,0.0
3,foundation_x.backbone.layers_2.blocks.14.mlp.fc1.weight,False,foundation_backbone,False,False,False,0.0
3,foundation_x.backbone.layers_2.blocks.14.mlp.fc1.bias,False,foundation_backbone,False,False,False,0.0
3,foundation_x.backbone.layers_2.blocks.14.mlp.fc2.weight,False,foundation_backbone,False,False,False,0.0
3,foundation_x.backbone.layers_2.blocks.14.mlp.fc2.bias,False,foundation_backbone,False,False,False,0.0
3,foundation_x.backbone.layers_2.blocks.15.norm1.weight,False,foundation_backbone,False,False,False,0.0
3,foundation_x.backbone.layers_2.blocks.15.norm1.bias,False,foundation_backbone,False,False,False,0.0
3,foundation_x.backbone.layers_2.blocks.15.attn.relative_position_bias_table,False,foundation_backbone,False,False,False,0.0
3,foundation_x.backbone.layers_2.blocks.15.attn.qkv.weight,False,foundation_backbone,False,False,False,0.0
3,foundation_x.backbone.layers_2.blocks.15.attn.qkv.bias,False,foundation_backbone,False,False,False,0.0
3,foundation_x.backbone.layers_2.blocks.15.attn.proj.weight,False,foundation_backbone,False,False,False,0.0
3,foundation_x.backbone.layers_2.blocks.15.attn.proj.bias,False,foundation_backbone,False,False,False,0.0
3,foundation_x.backbone.layers_2.blocks.15.norm2.weight,False,foundation_backbone,False,False,False,0.0
3,foundation_x.backbone.layers_2.blocks.15.norm2.bias,False,foundation_backbone,False,False,False,0.0
3,foundation_x.backbone.layers_2.blocks.15.mlp.fc1.weight,False,foundation_backbone,False,False,False,0.0
3,foundation_x.backbone.layers_2.blocks.15.mlp.fc1.bias,False,foundation_backbone,False,False,False,0.0
3,foundation_x.backbone.layers_2.blocks.15.mlp.fc2.weight,False,foundation_backbone,False,False,False,0.0
3,foundation_x.backbone.layers_2.blocks.15.mlp.fc2.bias,False,foundation_backbone,False,False,False,0.0
3,foundation_x.backbone.layers_2.blocks.16.norm1.weight,False,foundation_backbone,False,False,False,0.0
3,foundation_x.backbone.layers_2.blocks.16.norm1.bias,False,foundation_backbone,False,False,False,0.0
3,foundation_x.backbone.layers_2.blocks.16.attn.relative_position_bias_table,False,foundation_backbone,False,False,False,0.0
3,foundation_x.backbone.layers_2.blocks.16.attn.qkv.weight,False,foundation_backbone,False,False,False,0.0
3,foundation_x.backbone.layers_2.blocks.16.attn.qkv.bias,False,foundation_backbone,False,False,False,0.0
3,foundation_x.backbone.layers_2.blocks.16.attn.proj.weight,False,foundation_backbone,False,False,False,0.0
3,foundation_x.backbone.layers_2.blocks.16.attn.proj.bias,False,foundation_backbone,False,False,False,0.0
3,foundation_x.backbone.layers_2.blocks.16.norm2.weight,False,foundation_backbone,False,False,False,0.0
3,foundation_x.backbone.layers_2.blocks.16.norm2.bias,False,foundation_backbone,False,False,False,0.0
3,foundation_x.backbone.layers_2.blocks.16.mlp.fc1.weight,False,foundation_backbone,False,False,False,0.0
3,foundation_x.backbone.layers_2.blocks.16.mlp.fc1.bias,False,foundation_backbone,False,False,False,0.0
3,foundation_x.backbone.layers_2.blocks.16.mlp.fc2.weight,False,foundation_backbone,False,False,False,0.0
3,foundation_x.backbone.layers_2.blocks.16.mlp.fc2.bias,False,foundation_backbone,False,False,False,0.0
3,foundation_x.backbone.layers_2.blocks.17.norm1.weight,False,foundation_backbone,False,False,False,0.0
3,foundation_x.backbone.layers_2.blocks.17.norm1.bias,False,foundation_backbone,False,False,False,0.0
3,foundation_x.backbone.layers_2.blocks.17.attn.relative_position_bias_table,False,foundation_backbone,False,False,False,0.0
3,foundation_x.backbone.layers_2.blocks.17.attn.qkv.weight,False,foundation_backbone,False,False,False,0.0
3,foundation_x.backbone.layers_2.blocks.17.attn.qkv.bias,False,foundation_backbone,False,False,False,0.0
3,foundation_x.backbone.layers_2.blocks.17.attn.proj.weight,False,foundation_backbone,False,False,False,0.0
3,foundation_x.backbone.layers_2.blocks.17.attn.proj.bias,False,foundation_backbone,False,False,False,0.0
3,foundation_x.backbone.layers_2.blocks.17.norm2.weight,False,foundation_backbone,False,False,False,0.0
3,foundation_x.backbone.layers_2.blocks.17.norm2.bias,False,foundation_backbone,False,False,False,0.0
3,foundation_x.backbone.layers_2.blocks.17.mlp.fc1.weight,False,foundation_backbone,False,False,False,0.0
3,foundation_x.backbone.layers_2.blocks.17.mlp.fc1.bias,False,foundation_backbone,False,False,False,0.0
3,foundation_x.backbone.layers_2.blocks.17.mlp.fc2.weight,False,foundation_backbone,False,False,False,0.0
3,foundation_x.backbone.layers_2.blocks.17.mlp.fc2.bias,False,foundation_backbone,False,False,False,0.0
3,foundation_x.backbone.layers_3.downsample.norm.weight,False,foundation_backbone,False,False,False,0.0
3,foundation_x.backbone.layers_3.downsample.norm.bias,False,foundation_backbone,False,False,False,0.0
3,foundation_x.backbone.layers_3.downsample.reduction.weight,False,foundation_backbone,False,False,False,0.0
3,foundation_x.backbone.layers_3.blocks.0.norm1.weight,False,foundation_backbone,False,False,False,0.0
3,foundation_x.backbone.layers_3.blocks.0.norm1.bias,False,foundation_backbone,False,False,False,0.0
3,foundation_x.backbone.layers_3.blocks.0.attn.relative_position_bias_table,False,foundation_backbone,False,False,False,0.0
3,foundation_x.backbone.layers_3.blocks.0.attn.qkv.weight,False,foundation_backbone,False,False,False,0.0
3,foundation_x.backbone.layers_3.blocks.0.attn.qkv.bias,False,foundation_backbone,False,False,False,0.0
3,foundation_x.backbone.layers_3.blocks.0.attn.proj.weight,False,foundation_backbone,False,False,False,0.0
3,foundation_x.backbone.layers_3.blocks.0.attn.proj.bias,False,foundation_backbone,False,False,False,0.0
3,foundation_x.backbone.layers_3.blocks.0.norm2.weight,False,foundation_backbone,False,False,False,0.0
3,foundation_x.backbone.layers_3.blocks.0.norm2.bias,False,foundation_backbone,False,False,False,0.0
3,foundation_x.backbone.layers_3.blocks.0.mlp.fc1.weight,False,foundation_backbone,False,False,False,0.0
3,foundation_x.backbone.layers_3.blocks.0.mlp.fc1.bias,False,foundation_backbone,False,False,False,0.0
3,foundation_x.backbone.layers_3.blocks.0.mlp.fc2.weight,False,foundation_backbone,False,False,False,0.0
3,foundation_x.backbone.layers_3.blocks.0.mlp.fc2.bias,False,foundation_backbone,False,False,False,0.0
3,foundation_x.backbone.layers_3.blocks.1.norm1.weight,False,foundation_backbone,False,False,False,0.0
3,foundation_x.backbone.layers_3.blocks.1.norm1.bias,False,foundation_backbone,False,False,False,0.0
3,foundation_x.backbone.layers_3.blocks.1.attn.relative_position_bias_table,False,foundation_backbone,False,False,False,0.0
3,foundation_x.backbone.layers_3.blocks.1.attn.qkv.weight,False,foundation_backbone,False,False,False,0.0
3,foundation_x.backbone.layers_3.blocks.1.attn.qkv.bias,False,foundation_backbone,False,False,False,0.0
3,foundation_x.backbone.layers_3.blocks.1.attn.proj.weight,False,foundation_backbone,False,False,False,0.0
3,foundation_x.backbone.layers_3.blocks.1.attn.proj.bias,False,foundation_backbone,False,False,False,0.0
3,foundation_x.backbone.layers_3.blocks.1.norm2.weight,False,foundation_backbone,False,False,False,0.0
3,foundation_x.backbone.layers_3.blocks.1.norm2.bias,False,foundation_backbone,False,False,False,0.0
3,foundation_x.backbone.layers_3.blocks.1.mlp.fc1.weight,False,foundation_backbone,False,False,False,0.0
3,foundation_x.backbone.layers_3.blocks.1.mlp.fc1.bias,False,foundation_backbone,False,False,False,0.0
3,foundation_x.backbone.layers_3.blocks.1.mlp.fc2.weight,False,foundation_backbone,False,False,False,0.0
3,foundation_x.backbone.layers_3.blocks.1.mlp.fc2.bias,False,foundation_backbone,False,False,False,0.0
3,enc1.block.0.weight,True,encoder_cnn,True,True,True,0.22801142930984497
3,enc1.block.1.weight,True,encoder_cnn,True,True,True,0.019012359902262688
3,enc1.block.1.bias,True,encoder_cnn,True,True,True,0.01574762538075447
3,enc1.block.3.weight,True,encoder_cnn,True,True,True,0.7149475812911987
3,enc1.block.4.weight,True,encoder_cnn,True,True,True,0.013339412398636341
3,enc1.block.4.bias,True,encoder_cnn,True,True,True,0.01277265977114439
3,enc2.block.0.weight,True,encoder_cnn,True,True,True,0.10916941612958908
3,enc2.block.1.weight,True,encoder_cnn,True,True,True,0.002147628925740719
3,enc2.block.1.bias,True,encoder_cnn,True,True,True,0.0017170282080769539
3,enc2.block.3.weight,True,encoder_cnn,True,True,True,0.12352477759122849
3,enc2.block.4.weight,True,encoder_cnn,True,True,True,0.0019796988926827908
3,enc2.block.4.bias,True,encoder_cnn,True,True,True,0.001647213357500732
3,enc3.block.0.weight,True,encoder_cnn,True,True,True,0.0194692499935627
3,enc3.block.1.weight,True,encoder_cnn,True,True,True,0.0002734856680035591
3,enc3.block.1.bias,True,encoder_cnn,True,True,True,0.0001912801672006026
3,enc3.block.3.weight,True,encoder_cnn,True,True,True,0.02484663762152195
3,enc3.block.4.weight,True,encoder_cnn,True,True,True,0.0002848408475983888
3,enc3.block.4.bias,True,encoder_cnn,True,True,True,0.00018942782480735332
3,enc4.block.0.weight,True,encoder_cnn,True,True,True,0.004037004895508289
3,enc4.block.1.weight,True,encoder_cnn,True,True,True,4.58202775917016e-05
3,enc4.block.1.bias,True,encoder_cnn,True,True,True,2.4417326130787842e-05
3,enc4.block.3.weight,True,encoder_cnn,True,True,True,0.005125417374074459
3,enc4.block.4.weight,True,encoder_cnn,True,True,True,4.3502233893377706e-05
3,enc4.block.4.bias,True,encoder_cnn,True,True,True,2.2930367777007632e-05
3,fusion_e3.conv.0.weight,True,adapter_fusion,True,True,True,0.010111330077052116
3,fusion_e3.conv.0.bias,True,adapter_fusion,True,True,True,1.1116505493902196e-09
3,fusion_e3.conv.1.weight,True,adapter_fusion,True,True,True,0.00026419549249112606
3,fusion_e3.conv.1.bias,True,adapter_fusion,True,True,True,0.00019115707254968584
3,fusion_e4.conv.0.weight,True,adapter_fusion,True,True,True,0.002544307615607977
3,fusion_e4.conv.0.bias,True,adapter_fusion,True,True,True,7.332218859845696e-11
3,fusion_e4.conv.1.weight,True,adapter_fusion,True,True,True,5.032434273744002e-05
3,fusion_e4.conv.1.bias,True,adapter_fusion,True,True,True,2.9065340640954673e-05
3,h16_unet_context.block.0.weight,True,other_trainable,True,True,True,0.00024514898541383445
3,h16_unet_context.block.1.weight,True,other_trainable,True,True,True,1.9242202142777387e-06
3,h16_unet_context.block.1.bias,True,other_trainable,True,True,True,1.4153134770822362e-06
3,h16_unet_context.block.3.weight,True,other_trainable,True,True,True,0.0003144776856061071
3,h16_unet_context.block.4.weight,True,other_trainable,True,True,True,2.000593212869717e-06
3,h16_unet_context.block.4.bias,True,other_trainable,True,True,True,1.307422053287155e-06
3,h16_fx_context.conv.0.weight,True,adapter_fusion,True,True,True,0.001009451225399971
3,h16_fx_context.conv.0.bias,True,adapter_fusion,True,True,True,2.2856584246805367e-12
3,h16_fx_context.conv.1.weight,True,adapter_fusion,True,True,True,1.1507304407132324e-05
3,h16_fx_context.conv.1.bias,True,adapter_fusion,True,True,True,1.0070194548461586e-05
3,h32_context_head.block.0.weight,True,adapter_fusion,True,True,True,0.0007302874582819641
3,h32_context_head.block.1.weight,True,adapter_fusion,True,True,True,3.866793576889904e-06
3,h32_context_head.block.1.bias,True,adapter_fusion,True,True,True,3.316499260108685e-06
3,h32_context_head.block.3.weight,True,adapter_fusion,True,True,True,0.0006251969607546926
3,h32_context_head.block.4.weight,True,adapter_fusion,True,True,True,4.258208718965761e-06
3,h32_context_head.block.4.bias,True,adapter_fusion,True,True,True,3.6621875096898293e-06
3,h32_to_h16.weight,True,adapter_fusion,True,True,True,0.00045945297461003065
3,h32_to_h16.bias,True,adapter_fusion,True,True,True,3.6010426356369862e-06
3,context_merge.block.0.weight,True,adapter_fusion,True,True,True,0.0028065028600394726
3,context_merge.block.1.weight,True,adapter_fusion,True,True,True,1.2117665391997434e-05
3,context_merge.block.1.bias,True,adapter_fusion,True,True,True,1.0559067050053272e-05
3,context_merge.block.3.weight,True,adapter_fusion,True,True,True,0.0019900640472769737
3,context_merge.block.4.weight,True,adapter_fusion,True,True,True,1.2897016858914867e-05
3,context_merge.block.4.bias,True,adapter_fusion,True,True,True,1.2997696103411727e-05
3,up4.weight,True,decoder_head,True,True,True,0.0010218910174444318
3,up4.bias,True,decoder_head,True,True,True,1.11027484308579e-05
3,dec4.block.0.weight,True,decoder_head,True,True,True,0.008130311034619808
3,dec4.block.1.weight,True,decoder_head,True,True,True,4.590016033034772e-05
3,dec4.block.1.bias,True,decoder_head,True,True,True,3.162817665725015e-05
3,dec4.block.3.weight,True,decoder_head,True,True,True,0.006063893903046846
3,dec4.block.4.weight,True,decoder_head,True,True,True,6.701676466036588e-05
3,dec4.block.4.bias,True,decoder_head,True,True,True,4.938542770105414e-05
3,up3.weight,True,decoder_head,True,True,True,0.0034312247298657894
3,up3.bias,True,decoder_head,True,True,True,4.291873483452946e-05
3,dec3.block.0.weight,True,decoder_head,True,True,True,0.03272419050335884
3,dec3.block.1.weight,True,decoder_head,True,True,True,0.0003680205554701388
3,dec3.block.1.bias,True,decoder_head,True,True,True,0.0002517697575967759
3,dec3.block.3.weight,True,decoder_head,True,True,True,0.027594026178121567
3,dec3.block.4.weight,True,decoder_head,True,True,True,0.00044630985939875245
3,dec3.block.4.bias,True,decoder_head,True,True,True,0.00037551074638031423
3,up2.weight,True,decoder_head,True,True,True,0.016566205769777298
3,up2.bias,True,decoder_head,True,True,True,0.00016795075498521328
3,dec2.block.0.weight,True,decoder_head,True,True,True,0.1628791093826294
3,dec2.block.1.weight,True,decoder_head,True,True,True,0.0023701093159615993
3,dec2.block.1.bias,True,decoder_head,True,True,True,0.0019569387659430504
3,dec2.block.3.weight,True,decoder_head,True,True,True,0.12906557321548462
3,dec2.block.4.weight,True,decoder_head,True,True,True,0.0031793341040611267
3,dec2.block.4.bias,True,decoder_head,True,True,True,0.0035659465938806534
3,up1.weight,True,decoder_head,True,True,True,0.07626029849052429
3,up1.bias,True,decoder_head,True,True,True,0.0005609440850093961
3,dec1.block.0.weight,True,decoder_head,True,True,True,0.7157317399978638
3,dec1.block.1.weight,True,decoder_head,True,True,True,0.01407993771135807
3,dec1.block.1.bias,True,decoder_head,True,True,True,0.012179885059595108
3,dec1.block.3.weight,True,decoder_head,True,True,True,0.5220885276794434
3,dec1.block.4.weight,True,decoder_head,True,True,True,0.08783792704343796
3,dec1.block.4.bias,True,decoder_head,True,True,True,0.14066269993782043
3,final.weight,True,decoder_head,True,True,True,1.315111517906189
3,final.bias,True,decoder_head,True,True,True,0.5461926460266113
4,foundation_x.backbone.patch_embed.proj.weight,False,foundation_backbone,False,False,False,0.0
4,foundation_x.backbone.patch_embed.proj.bias,False,foundation_backbone,False,False,False,0.0
4,foundation_x.backbone.patch_embed.norm.weight,False,foundation_backbone,False,False,False,0.0
4,foundation_x.backbone.patch_embed.norm.bias,False,foundation_backbone,False,False,False,0.0
4,foundation_x.backbone.layers_0.blocks.0.norm1.weight,False,foundation_backbone,False,False,False,0.0
4,foundation_x.backbone.layers_0.blocks.0.norm1.bias,False,foundation_backbone,False,False,False,0.0
4,foundation_x.backbone.layers_0.blocks.0.attn.relative_position_bias_table,False,foundation_backbone,False,False,False,0.0
4,foundation_x.backbone.layers_0.blocks.0.attn.qkv.weight,False,foundation_backbone,False,False,False,0.0
4,foundation_x.backbone.layers_0.blocks.0.attn.qkv.bias,False,foundation_backbone,False,False,False,0.0
4,foundation_x.backbone.layers_0.blocks.0.attn.proj.weight,False,foundation_backbone,False,False,False,0.0
4,foundation_x.backbone.layers_0.blocks.0.attn.proj.bias,False,foundation_backbone,False,False,False,0.0
4,foundation_x.backbone.layers_0.blocks.0.norm2.weight,False,foundation_backbone,False,False,False,0.0
4,foundation_x.backbone.layers_0.blocks.0.norm2.bias,False,foundation_backbone,False,False,False,0.0
4,foundation_x.backbone.layers_0.blocks.0.mlp.fc1.weight,False,foundation_backbone,False,False,False,0.0
4,foundation_x.backbone.layers_0.blocks.0.mlp.fc1.bias,False,foundation_backbone,False,False,False,0.0
4,foundation_x.backbone.layers_0.blocks.0.mlp.fc2.weight,False,foundation_backbone,False,False,False,0.0
4,foundation_x.backbone.layers_0.blocks.0.mlp.fc2.bias,False,foundation_backbone,False,False,False,0.0
4,foundation_x.backbone.layers_0.blocks.1.norm1.weight,False,foundation_backbone,False,False,False,0.0
4,foundation_x.backbone.layers_0.blocks.1.norm1.bias,False,foundation_backbone,False,False,False,0.0
4,foundation_x.backbone.layers_0.blocks.1.attn.relative_position_bias_table,False,foundation_backbone,False,False,False,0.0
4,foundation_x.backbone.layers_0.blocks.1.attn.qkv.weight,False,foundation_backbone,False,False,False,0.0
4,foundation_x.backbone.layers_0.blocks.1.attn.qkv.bias,False,foundation_backbone,False,False,False,0.0
4,foundation_x.backbone.layers_0.blocks.1.attn.proj.weight,False,foundation_backbone,False,False,False,0.0
4,foundation_x.backbone.layers_0.blocks.1.attn.proj.bias,False,foundation_backbone,False,False,False,0.0
4,foundation_x.backbone.layers_0.blocks.1.norm2.weight,False,foundation_backbone,False,False,False,0.0
4,foundation_x.backbone.layers_0.blocks.1.norm2.bias,False,foundation_backbone,False,False,False,0.0
4,foundation_x.backbone.layers_0.blocks.1.mlp.fc1.weight,False,foundation_backbone,False,False,False,0.0
4,foundation_x.backbone.layers_0.blocks.1.mlp.fc1.bias,False,foundation_backbone,False,False,False,0.0
4,foundation_x.backbone.layers_0.blocks.1.mlp.fc2.weight,False,foundation_backbone,False,False,False,0.0
4,foundation_x.backbone.layers_0.blocks.1.mlp.fc2.bias,False,foundation_backbone,False,False,False,0.0
4,foundation_x.backbone.layers_1.downsample.norm.weight,False,foundation_backbone,False,False,False,0.0
4,foundation_x.backbone.layers_1.downsample.norm.bias,False,foundation_backbone,False,False,False,0.0
4,foundation_x.backbone.layers_1.downsample.reduction.weight,False,foundation_backbone,False,False,False,0.0
4,foundation_x.backbone.layers_1.blocks.0.norm1.weight,False,foundation_backbone,False,False,False,0.0
4,foundation_x.backbone.layers_1.blocks.0.norm1.bias,False,foundation_backbone,False,False,False,0.0
4,foundation_x.backbone.layers_1.blocks.0.attn.relative_position_bias_table,False,foundation_backbone,False,False,False,0.0
4,foundation_x.backbone.layers_1.blocks.0.attn.qkv.weight,False,foundation_backbone,False,False,False,0.0
4,foundation_x.backbone.layers_1.blocks.0.attn.qkv.bias,False,foundation_backbone,False,False,False,0.0
4,foundation_x.backbone.layers_1.blocks.0.attn.proj.weight,False,foundation_backbone,False,False,False,0.0
4,foundation_x.backbone.layers_1.blocks.0.attn.proj.bias,False,foundation_backbone,False,False,False,0.0
4,foundation_x.backbone.layers_1.blocks.0.norm2.weight,False,foundation_backbone,False,False,False,0.0
4,foundation_x.backbone.layers_1.blocks.0.norm2.bias,False,foundation_backbone,False,False,False,0.0
4,foundation_x.backbone.layers_1.blocks.0.mlp.fc1.weight,False,foundation_backbone,False,False,False,0.0
4,foundation_x.backbone.layers_1.blocks.0.mlp.fc1.bias,False,foundation_backbone,False,False,False,0.0
4,foundation_x.backbone.layers_1.blocks.0.mlp.fc2.weight,False,foundation_backbone,False,False,False,0.0
4,foundation_x.backbone.layers_1.blocks.0.mlp.fc2.bias,False,foundation_backbone,False,False,False,0.0
4,foundation_x.backbone.layers_1.blocks.1.norm1.weight,False,foundation_backbone,False,False,False,0.0
4,foundation_x.backbone.layers_1.blocks.1.norm1.bias,False,foundation_backbone,False,False,False,0.0
4,foundation_x.backbone.layers_1.blocks.1.attn.relative_position_bias_table,False,foundation_backbone,False,False,False,0.0
4,foundation_x.backbone.layers_1.blocks.1.attn.qkv.weight,False,foundation_backbone,False,False,False,0.0
4,foundation_x.backbone.layers_1.blocks.1.attn.qkv.bias,False,foundation_backbone,False,False,False,0.0
4,foundation_x.backbone.layers_1.blocks.1.attn.proj.weight,False,foundation_backbone,False,False,False,0.0
4,foundation_x.backbone.layers_1.blocks.1.attn.proj.bias,False,foundation_backbone,False,False,False,0.0
4,foundation_x.backbone.layers_1.blocks.1.norm2.weight,False,foundation_backbone,False,False,False,0.0
4,foundation_x.backbone.layers_1.blocks.1.norm2.bias,False,foundation_backbone,False,False,False,0.0
4,foundation_x.backbone.layers_1.blocks.1.mlp.fc1.weight,False,foundation_backbone,False,False,False,0.0
4,foundation_x.backbone.layers_1.blocks.1.mlp.fc1.bias,False,foundation_backbone,False,False,False,0.0
4,foundation_x.backbone.layers_1.blocks.1.mlp.fc2.weight,False,foundation_backbone,False,False,False,0.0
4,foundation_x.backbone.layers_1.blocks.1.mlp.fc2.bias,False,foundation_backbone,False,False,False,0.0
4,foundation_x.backbone.layers_2.downsample.norm.weight,False,foundation_backbone,False,False,False,0.0
4,foundation_x.backbone.layers_2.downsample.norm.bias,False,foundation_backbone,False,False,False,0.0
4,foundation_x.backbone.layers_2.downsample.reduction.weight,False,foundation_backbone,False,False,False,0.0
4,foundation_x.backbone.layers_2.blocks.0.norm1.weight,False,foundation_backbone,False,False,False,0.0
4,foundation_x.backbone.layers_2.blocks.0.norm1.bias,False,foundation_backbone,False,False,False,0.0
4,foundation_x.backbone.layers_2.blocks.0.attn.relative_position_bias_table,False,foundation_backbone,False,False,False,0.0
4,foundation_x.backbone.layers_2.blocks.0.attn.qkv.weight,False,foundation_backbone,False,False,False,0.0
4,foundation_x.backbone.layers_2.blocks.0.attn.qkv.bias,False,foundation_backbone,False,False,False,0.0
4,foundation_x.backbone.layers_2.blocks.0.attn.proj.weight,False,foundation_backbone,False,False,False,0.0
4,foundation_x.backbone.layers_2.blocks.0.attn.proj.bias,False,foundation_backbone,False,False,False,0.0
4,foundation_x.backbone.layers_2.blocks.0.norm2.weight,False,foundation_backbone,False,False,False,0.0
4,foundation_x.backbone.layers_2.blocks.0.norm2.bias,False,foundation_backbone,False,False,False,0.0
4,foundation_x.backbone.layers_2.blocks.0.mlp.fc1.weight,False,foundation_backbone,False,False,False,0.0
4,foundation_x.backbone.layers_2.blocks.0.mlp.fc1.bias,False,foundation_backbone,False,False,False,0.0
4,foundation_x.backbone.layers_2.blocks.0.mlp.fc2.weight,False,foundation_backbone,False,False,False,0.0
4,foundation_x.backbone.layers_2.blocks.0.mlp.fc2.bias,False,foundation_backbone,False,False,False,0.0
4,foundation_x.backbone.layers_2.blocks.1.norm1.weight,False,foundation_backbone,False,False,False,0.0
4,foundation_x.backbone.layers_2.blocks.1.norm1.bias,False,foundation_backbone,False,False,False,0.0
4,foundation_x.backbone.layers_2.blocks.1.attn.relative_position_bias_table,False,foundation_backbone,False,False,False,0.0
4,foundation_x.backbone.layers_2.blocks.1.attn.qkv.weight,False,foundation_backbone,False,False,False,0.0
4,foundation_x.backbone.layers_2.blocks.1.attn.qkv.bias,False,foundation_backbone,False,False,False,0.0
4,foundation_x.backbone.layers_2.blocks.1.attn.proj.weight,False,foundation_backbone,False,False,False,0.0
4,foundation_x.backbone.layers_2.blocks.1.attn.proj.bias,False,foundation_backbone,False,False,False,0.0
4,foundation_x.backbone.layers_2.blocks.1.norm2.weight,False,foundation_backbone,False,False,False,0.0
4,foundation_x.backbone.layers_2.blocks.1.norm2.bias,False,foundation_backbone,False,False,False,0.0
4,foundation_x.backbone.layers_2.blocks.1.mlp.fc1.weight,False,foundation_backbone,False,False,False,0.0
4,foundation_x.backbone.layers_2.blocks.1.mlp.fc1.bias,False,foundation_backbone,False,False,False,0.0
4,foundation_x.backbone.layers_2.blocks.1.mlp.fc2.weight,False,foundation_backbone,False,False,False,0.0
4,foundation_x.backbone.layers_2.blocks.1.mlp.fc2.bias,False,foundation_backbone,False,False,False,0.0
4,foundation_x.backbone.layers_2.blocks.2.norm1.weight,False,foundation_backbone,False,False,False,0.0
4,foundation_x.backbone.layers_2.blocks.2.norm1.bias,False,foundation_backbone,False,False,False,0.0
4,foundation_x.backbone.layers_2.blocks.2.attn.relative_position_bias_table,False,foundation_backbone,False,False,False,0.0
4,foundation_x.backbone.layers_2.blocks.2.attn.qkv.weight,False,foundation_backbone,False,False,False,0.0
4,foundation_x.backbone.layers_2.blocks.2.attn.qkv.bias,False,foundation_backbone,False,False,False,0.0
4,foundation_x.backbone.layers_2.blocks.2.attn.proj.weight,False,foundation_backbone,False,False,False,0.0
4,foundation_x.backbone.layers_2.blocks.2.attn.proj.bias,False,foundation_backbone,False,False,False,0.0
4,foundation_x.backbone.layers_2.blocks.2.norm2.weight,False,foundation_backbone,False,False,False,0.0
4,foundation_x.backbone.layers_2.blocks.2.norm2.bias,False,foundation_backbone,False,False,False,0.0
4,foundation_x.backbone.layers_2.blocks.2.mlp.fc1.weight,False,foundation_backbone,False,False,False,0.0
4,foundation_x.backbone.layers_2.blocks.2.mlp.fc1.bias,False,foundation_backbone,False,False,False,0.0
4,foundation_x.backbone.layers_2.blocks.2.mlp.fc2.weight,False,foundation_backbone,False,False,False,0.0
4,foundation_x.backbone.layers_2.blocks.2.mlp.fc2.bias,False,foundation_backbone,False,False,False,0.0
4,foundation_x.backbone.layers_2.blocks.3.norm1.weight,False,foundation_backbone,False,False,False,0.0
4,foundation_x.backbone.layers_2.blocks.3.norm1.bias,False,foundation_backbone,False,False,False,0.0
4,foundation_x.backbone.layers_2.blocks.3.attn.relative_position_bias_table,False,foundation_backbone,False,False,False,0.0
4,foundation_x.backbone.layers_2.blocks.3.attn.qkv.weight,False,foundation_backbone,False,False,False,0.0
4,foundation_x.backbone.layers_2.blocks.3.attn.qkv.bias,False,foundation_backbone,False,False,False,0.0
4,foundation_x.backbone.layers_2.blocks.3.attn.proj.weight,False,foundation_backbone,False,False,False,0.0
4,foundation_x.backbone.layers_2.blocks.3.attn.proj.bias,False,foundation_backbone,False,False,False,0.0
4,foundation_x.backbone.layers_2.blocks.3.norm2.weight,False,foundation_backbone,False,False,False,0.0
4,foundation_x.backbone.layers_2.blocks.3.norm2.bias,False,foundation_backbone,False,False,False,0.0
4,foundation_x.backbone.layers_2.blocks.3.mlp.fc1.weight,False,foundation_backbone,False,False,False,0.0
4,foundation_x.backbone.layers_2.blocks.3.mlp.fc1.bias,False,foundation_backbone,False,False,False,0.0
4,foundation_x.backbone.layers_2.blocks.3.mlp.fc2.weight,False,foundation_backbone,False,False,False,0.0
4,foundation_x.backbone.layers_2.blocks.3.mlp.fc2.bias,False,foundation_backbone,False,False,False,0.0
4,foundation_x.backbone.layers_2.blocks.4.norm1.weight,False,foundation_backbone,False,False,False,0.0
4,foundation_x.backbone.layers_2.blocks.4.norm1.bias,False,foundation_backbone,False,False,False,0.0
4,foundation_x.backbone.layers_2.blocks.4.attn.relative_position_bias_table,False,foundation_backbone,False,False,False,0.0
4,foundation_x.backbone.layers_2.blocks.4.attn.qkv.weight,False,foundation_backbone,False,False,False,0.0
4,foundation_x.backbone.layers_2.blocks.4.attn.qkv.bias,False,foundation_backbone,False,False,False,0.0
4,foundation_x.backbone.layers_2.blocks.4.attn.proj.weight,False,foundation_backbone,False,False,False,0.0
4,foundation_x.backbone.layers_2.blocks.4.attn.proj.bias,False,foundation_backbone,False,False,False,0.0
4,foundation_x.backbone.layers_2.blocks.4.norm2.weight,False,foundation_backbone,False,False,False,0.0
4,foundation_x.backbone.layers_2.blocks.4.norm2.bias,False,foundation_backbone,False,False,False,0.0
4,foundation_x.backbone.layers_2.blocks.4.mlp.fc1.weight,False,foundation_backbone,False,False,False,0.0
4,foundation_x.backbone.layers_2.blocks.4.mlp.fc1.bias,False,foundation_backbone,False,False,False,0.0
4,foundation_x.backbone.layers_2.blocks.4.mlp.fc2.weight,False,foundation_backbone,False,False,False,0.0
4,foundation_x.backbone.layers_2.blocks.4.mlp.fc2.bias,False,foundation_backbone,False,False,False,0.0
4,foundation_x.backbone.layers_2.blocks.5.norm1.weight,False,foundation_backbone,False,False,False,0.0
4,foundation_x.backbone.layers_2.blocks.5.norm1.bias,False,foundation_backbone,False,False,False,0.0
4,foundation_x.backbone.layers_2.blocks.5.attn.relative_position_bias_table,False,foundation_backbone,False,False,False,0.0
4,foundation_x.backbone.layers_2.blocks.5.attn.qkv.weight,False,foundation_backbone,False,False,False,0.0
4,foundation_x.backbone.layers_2.blocks.5.attn.qkv.bias,False,foundation_backbone,False,False,False,0.0
4,foundation_x.backbone.layers_2.blocks.5.attn.proj.weight,False,foundation_backbone,False,False,False,0.0
4,foundation_x.backbone.layers_2.blocks.5.attn.proj.bias,False,foundation_backbone,False,False,False,0.0
4,foundation_x.backbone.layers_2.blocks.5.norm2.weight,False,foundation_backbone,False,False,False,0.0
4,foundation_x.backbone.layers_2.blocks.5.norm2.bias,False,foundation_backbone,False,False,False,0.0
4,foundation_x.backbone.layers_2.blocks.5.mlp.fc1.weight,False,foundation_backbone,False,False,False,0.0
4,foundation_x.backbone.layers_2.blocks.5.mlp.fc1.bias,False,foundation_backbone,False,False,False,0.0
4,foundation_x.backbone.layers_2.blocks.5.mlp.fc2.weight,False,foundation_backbone,False,False,False,0.0
4,foundation_x.backbone.layers_2.blocks.5.mlp.fc2.bias,False,foundation_backbone,False,False,False,0.0
4,foundation_x.backbone.layers_2.blocks.6.norm1.weight,False,foundation_backbone,False,False,False,0.0
4,foundation_x.backbone.layers_2.blocks.6.norm1.bias,False,foundation_backbone,False,False,False,0.0
4,foundation_x.backbone.layers_2.blocks.6.attn.relative_position_bias_table,False,foundation_backbone,False,False,False,0.0
4,foundation_x.backbone.layers_2.blocks.6.attn.qkv.weight,False,foundation_backbone,False,False,False,0.0
4,foundation_x.backbone.layers_2.blocks.6.attn.qkv.bias,False,foundation_backbone,False,False,False,0.0
4,foundation_x.backbone.layers_2.blocks.6.attn.proj.weight,False,foundation_backbone,False,False,False,0.0
4,foundation_x.backbone.layers_2.blocks.6.attn.proj.bias,False,foundation_backbone,False,False,False,0.0
4,foundation_x.backbone.layers_2.blocks.6.norm2.weight,False,foundation_backbone,False,False,False,0.0
4,foundation_x.backbone.layers_2.blocks.6.norm2.bias,False,foundation_backbone,False,False,False,0.0
4,foundation_x.backbone.layers_2.blocks.6.mlp.fc1.weight,False,foundation_backbone,False,False,False,0.0
4,foundation_x.backbone.layers_2.blocks.6.mlp.fc1.bias,False,foundation_backbone,False,False,False,0.0
4,foundation_x.backbone.layers_2.blocks.6.mlp.fc2.weight,False,foundation_backbone,False,False,False,0.0
4,foundation_x.backbone.layers_2.blocks.6.mlp.fc2.bias,False,foundation_backbone,False,False,False,0.0
4,foundation_x.backbone.layers_2.blocks.7.norm1.weight,False,foundation_backbone,False,False,False,0.0
4,foundation_x.backbone.layers_2.blocks.7.norm1.bias,False,foundation_backbone,False,False,False,0.0
4,foundation_x.backbone.layers_2.blocks.7.attn.relative_position_bias_table,False,foundation_backbone,False,False,False,0.0
4,foundation_x.backbone.layers_2.blocks.7.attn.qkv.weight,False,foundation_backbone,False,False,False,0.0
4,foundation_x.backbone.layers_2.blocks.7.attn.qkv.bias,False,foundation_backbone,False,False,False,0.0
4,foundation_x.backbone.layers_2.blocks.7.attn.proj.weight,False,foundation_backbone,False,False,False,0.0
4,foundation_x.backbone.layers_2.blocks.7.attn.proj.bias,False,foundation_backbone,False,False,False,0.0
4,foundation_x.backbone.layers_2.blocks.7.norm2.weight,False,foundation_backbone,False,False,False,0.0
4,foundation_x.backbone.layers_2.blocks.7.norm2.bias,False,foundation_backbone,False,False,False,0.0
4,foundation_x.backbone.layers_2.blocks.7.mlp.fc1.weight,False,foundation_backbone,False,False,False,0.0
4,foundation_x.backbone.layers_2.blocks.7.mlp.fc1.bias,False,foundation_backbone,False,False,False,0.0
4,foundation_x.backbone.layers_2.blocks.7.mlp.fc2.weight,False,foundation_backbone,False,False,False,0.0
4,foundation_x.backbone.layers_2.blocks.7.mlp.fc2.bias,False,foundation_backbone,False,False,False,0.0
4,foundation_x.backbone.layers_2.blocks.8.norm1.weight,False,foundation_backbone,False,False,False,0.0
4,foundation_x.backbone.layers_2.blocks.8.norm1.bias,False,foundation_backbone,False,False,False,0.0
4,foundation_x.backbone.layers_2.blocks.8.attn.relative_position_bias_table,False,foundation_backbone,False,False,False,0.0
4,foundation_x.backbone.layers_2.blocks.8.attn.qkv.weight,False,foundation_backbone,False,False,False,0.0
4,foundation_x.backbone.layers_2.blocks.8.attn.qkv.bias,False,foundation_backbone,False,False,False,0.0
4,foundation_x.backbone.layers_2.blocks.8.attn.proj.weight,False,foundation_backbone,False,False,False,0.0
4,foundation_x.backbone.layers_2.blocks.8.attn.proj.bias,False,foundation_backbone,False,False,False,0.0
4,foundation_x.backbone.layers_2.blocks.8.norm2.weight,False,foundation_backbone,False,False,False,0.0
4,foundation_x.backbone.layers_2.blocks.8.norm2.bias,False,foundation_backbone,False,False,False,0.0
4,foundation_x.backbone.layers_2.blocks.8.mlp.fc1.weight,False,foundation_backbone,False,False,False,0.0
4,foundation_x.backbone.layers_2.blocks.8.mlp.fc1.bias,False,foundation_backbone,False,False,False,0.0
4,foundation_x.backbone.layers_2.blocks.8.mlp.fc2.weight,False,foundation_backbone,False,False,False,0.0
4,foundation_x.backbone.layers_2.blocks.8.mlp.fc2.bias,False,foundation_backbone,False,False,False,0.0
4,foundation_x.backbone.layers_2.blocks.9.norm1.weight,False,foundation_backbone,False,False,False,0.0
4,foundation_x.backbone.layers_2.blocks.9.norm1.bias,False,foundation_backbone,False,False,False,0.0
4,foundation_x.backbone.layers_2.blocks.9.attn.relative_position_bias_table,False,foundation_backbone,False,False,False,0.0
4,foundation_x.backbone.layers_2.blocks.9.attn.qkv.weight,False,foundation_backbone,False,False,False,0.0
4,foundation_x.backbone.layers_2.blocks.9.attn.qkv.bias,False,foundation_backbone,False,False,False,0.0
4,foundation_x.backbone.layers_2.blocks.9.attn.proj.weight,False,foundation_backbone,False,False,False,0.0
4,foundation_x.backbone.layers_2.blocks.9.attn.proj.bias,False,foundation_backbone,False,False,False,0.0
4,foundation_x.backbone.layers_2.blocks.9.norm2.weight,False,foundation_backbone,False,False,False,0.0
4,foundation_x.backbone.layers_2.blocks.9.norm2.bias,False,foundation_backbone,False,False,False,0.0
4,foundation_x.backbone.layers_2.blocks.9.mlp.fc1.weight,False,foundation_backbone,False,False,False,0.0
4,foundation_x.backbone.layers_2.blocks.9.mlp.fc1.bias,False,foundation_backbone,False,False,False,0.0
4,foundation_x.backbone.layers_2.blocks.9.mlp.fc2.weight,False,foundation_backbone,False,False,False,0.0
4,foundation_x.backbone.layers_2.blocks.9.mlp.fc2.bias,False,foundation_backbone,False,False,False,0.0
4,foundation_x.backbone.layers_2.blocks.10.norm1.weight,False,foundation_backbone,False,False,False,0.0
4,foundation_x.backbone.layers_2.blocks.10.norm1.bias,False,foundation_backbone,False,False,False,0.0
4,foundation_x.backbone.layers_2.blocks.10.attn.relative_position_bias_table,False,foundation_backbone,False,False,False,0.0
4,foundation_x.backbone.layers_2.blocks.10.attn.qkv.weight,False,foundation_backbone,False,False,False,0.0
4,foundation_x.backbone.layers_2.blocks.10.attn.qkv.bias,False,foundation_backbone,False,False,False,0.0
4,foundation_x.backbone.layers_2.blocks.10.attn.proj.weight,False,foundation_backbone,False,False,False,0.0
4,foundation_x.backbone.layers_2.blocks.10.attn.proj.bias,False,foundation_backbone,False,False,False,0.0
4,foundation_x.backbone.layers_2.blocks.10.norm2.weight,False,foundation_backbone,False,False,False,0.0
4,foundation_x.backbone.layers_2.blocks.10.norm2.bias,False,foundation_backbone,False,False,False,0.0
4,foundation_x.backbone.layers_2.blocks.10.mlp.fc1.weight,False,foundation_backbone,False,False,False,0.0
4,foundation_x.backbone.layers_2.blocks.10.mlp.fc1.bias,False,foundation_backbone,False,False,False,0.0
4,foundation_x.backbone.layers_2.blocks.10.mlp.fc2.weight,False,foundation_backbone,False,False,False,0.0
4,foundation_x.backbone.layers_2.blocks.10.mlp.fc2.bias,False,foundation_backbone,False,False,False,0.0
4,foundation_x.backbone.layers_2.blocks.11.norm1.weight,False,foundation_backbone,False,False,False,0.0
4,foundation_x.backbone.layers_2.blocks.11.norm1.bias,False,foundation_backbone,False,False,False,0.0
4,foundation_x.backbone.layers_2.blocks.11.attn.relative_position_bias_table,False,foundation_backbone,False,False,False,0.0
4,foundation_x.backbone.layers_2.blocks.11.attn.qkv.weight,False,foundation_backbone,False,False,False,0.0
4,foundation_x.backbone.layers_2.blocks.11.attn.qkv.bias,False,foundation_backbone,False,False,False,0.0
4,foundation_x.backbone.layers_2.blocks.11.attn.proj.weight,False,foundation_backbone,False,False,False,0.0
4,foundation_x.backbone.layers_2.blocks.11.attn.proj.bias,False,foundation_backbone,False,False,False,0.0
4,foundation_x.backbone.layers_2.blocks.11.norm2.weight,False,foundation_backbone,False,False,False,0.0
4,foundation_x.backbone.layers_2.blocks.11.norm2.bias,False,foundation_backbone,False,False,False,0.0
4,foundation_x.backbone.layers_2.blocks.11.mlp.fc1.weight,False,foundation_backbone,False,False,False,0.0
4,foundation_x.backbone.layers_2.blocks.11.mlp.fc1.bias,False,foundation_backbone,False,False,False,0.0
4,foundation_x.backbone.layers_2.blocks.11.mlp.fc2.weight,False,foundation_backbone,False,False,False,0.0
4,foundation_x.backbone.layers_2.blocks.11.mlp.fc2.bias,False,foundation_backbone,False,False,False,0.0
4,foundation_x.backbone.layers_2.blocks.12.norm1.weight,False,foundation_backbone,False,False,False,0.0
4,foundation_x.backbone.layers_2.blocks.12.norm1.bias,False,foundation_backbone,False,False,False,0.0
4,foundation_x.backbone.layers_2.blocks.12.attn.relative_position_bias_table,False,foundation_backbone,False,False,False,0.0
4,foundation_x.backbone.layers_2.blocks.12.attn.qkv.weight,False,foundation_backbone,False,False,False,0.0
4,foundation_x.backbone.layers_2.blocks.12.attn.qkv.bias,False,foundation_backbone,False,False,False,0.0
4,foundation_x.backbone.layers_2.blocks.12.attn.proj.weight,False,foundation_backbone,False,False,False,0.0
4,foundation_x.backbone.layers_2.blocks.12.attn.proj.bias,False,foundation_backbone,False,False,False,0.0
4,foundation_x.backbone.layers_2.blocks.12.norm2.weight,False,foundation_backbone,False,False,False,0.0
4,foundation_x.backbone.layers_2.blocks.12.norm2.bias,False,foundation_backbone,False,False,False,0.0
4,foundation_x.backbone.layers_2.blocks.12.mlp.fc1.weight,False,foundation_backbone,False,False,False,0.0
4,foundation_x.backbone.layers_2.blocks.12.mlp.fc1.bias,False,foundation_backbone,False,False,False,0.0
4,foundation_x.backbone.layers_2.blocks.12.mlp.fc2.weight,False,foundation_backbone,False,False,False,0.0
4,foundation_x.backbone.layers_2.blocks.12.mlp.fc2.bias,False,foundation_backbone,False,False,False,0.0
4,foundation_x.backbone.layers_2.blocks.13.norm1.weight,False,foundation_backbone,False,False,False,0.0
4,foundation_x.backbone.layers_2.blocks.13.norm1.bias,False,foundation_backbone,False,False,False,0.0
4,foundation_x.backbone.layers_2.blocks.13.attn.relative_position_bias_table,False,foundation_backbone,False,False,False,0.0
4,foundation_x.backbone.layers_2.blocks.13.attn.qkv.weight,False,foundation_backbone,False,False,False,0.0
4,foundation_x.backbone.layers_2.blocks.13.attn.qkv.bias,False,foundation_backbone,False,False,False,0.0
4,foundation_x.backbone.layers_2.blocks.13.attn.proj.weight,False,foundation_backbone,False,False,False,0.0
4,foundation_x.backbone.layers_2.blocks.13.attn.proj.bias,False,foundation_backbone,False,False,False,0.0
4,foundation_x.backbone.layers_2.blocks.13.norm2.weight,False,foundation_backbone,False,False,False,0.0
4,foundation_x.backbone.layers_2.blocks.13.norm2.bias,False,foundation_backbone,False,False,False,0.0
4,foundation_x.backbone.layers_2.blocks.13.mlp.fc1.weight,False,foundation_backbone,False,False,False,0.0
4,foundation_x.backbone.layers_2.blocks.13.mlp.fc1.bias,False,foundation_backbone,False,False,False,0.0
4,foundation_x.backbone.layers_2.blocks.13.mlp.fc2.weight,False,foundation_backbone,False,False,False,0.0
4,foundation_x.backbone.layers_2.blocks.13.mlp.fc2.bias,False,foundation_backbone,False,False,False,0.0
4,foundation_x.backbone.layers_2.blocks.14.norm1.weight,False,foundation_backbone,False,False,False,0.0
4,foundation_x.backbone.layers_2.blocks.14.norm1.bias,False,foundation_backbone,False,False,False,0.0
4,foundation_x.backbone.layers_2.blocks.14.attn.relative_position_bias_table,False,foundation_backbone,False,False,False,0.0
4,foundation_x.backbone.layers_2.blocks.14.attn.qkv.weight,False,foundation_backbone,False,False,False,0.0
4,foundation_x.backbone.layers_2.blocks.14.attn.qkv.bias,False,foundation_backbone,False,False,False,0.0
4,foundation_x.backbone.layers_2.blocks.14.attn.proj.weight,False,foundation_backbone,False,False,False,0.0
4,foundation_x.backbone.layers_2.blocks.14.attn.proj.bias,False,foundation_backbone,False,False,False,0.0
4,foundation_x.backbone.layers_2.blocks.14.norm2.weight,False,foundation_backbone,False,False,False,0.0
4,foundation_x.backbone.layers_2.blocks.14.norm2.bias,False,foundation_backbone,False,False,False,0.0
4,foundation_x.backbone.layers_2.blocks.14.mlp.fc1.weight,False,foundation_backbone,False,False,False,0.0
4,foundation_x.backbone.layers_2.blocks.14.mlp.fc1.bias,False,foundation_backbone,False,False,False,0.0
4,foundation_x.backbone.layers_2.blocks.14.mlp.fc2.weight,False,foundation_backbone,False,False,False,0.0
4,foundation_x.backbone.layers_2.blocks.14.mlp.fc2.bias,False,foundation_backbone,False,False,False,0.0
4,foundation_x.backbone.layers_2.blocks.15.norm1.weight,False,foundation_backbone,False,False,False,0.0
4,foundation_x.backbone.layers_2.blocks.15.norm1.bias,False,foundation_backbone,False,False,False,0.0
4,foundation_x.backbone.layers_2.blocks.15.attn.relative_position_bias_table,False,foundation_backbone,False,False,False,0.0
4,foundation_x.backbone.layers_2.blocks.15.attn.qkv.weight,False,foundation_backbone,False,False,False,0.0
4,foundation_x.backbone.layers_2.blocks.15.attn.qkv.bias,False,foundation_backbone,False,False,False,0.0
4,foundation_x.backbone.layers_2.blocks.15.attn.proj.weight,False,foundation_backbone,False,False,False,0.0
4,foundation_x.backbone.layers_2.blocks.15.attn.proj.bias,False,foundation_backbone,False,False,False,0.0
4,foundation_x.backbone.layers_2.blocks.15.norm2.weight,False,foundation_backbone,False,False,False,0.0
4,foundation_x.backbone.layers_2.blocks.15.norm2.bias,False,foundation_backbone,False,False,False,0.0
4,foundation_x.backbone.layers_2.blocks.15.mlp.fc1.weight,False,foundation_backbone,False,False,False,0.0
4,foundation_x.backbone.layers_2.blocks.15.mlp.fc1.bias,False,foundation_backbone,False,False,False,0.0
4,foundation_x.backbone.layers_2.blocks.15.mlp.fc2.weight,False,foundation_backbone,False,False,False,0.0
4,foundation_x.backbone.layers_2.blocks.15.mlp.fc2.bias,False,foundation_backbone,False,False,False,0.0
4,foundation_x.backbone.layers_2.blocks.16.norm1.weight,False,foundation_backbone,False,False,False,0.0
4,foundation_x.backbone.layers_2.blocks.16.norm1.bias,False,foundation_backbone,False,False,False,0.0
4,foundation_x.backbone.layers_2.blocks.16.attn.relative_position_bias_table,False,foundation_backbone,False,False,False,0.0
4,foundation_x.backbone.layers_2.blocks.16.attn.qkv.weight,False,foundation_backbone,False,False,False,0.0
4,foundation_x.backbone.layers_2.blocks.16.attn.qkv.bias,False,foundation_backbone,False,False,False,0.0
4,foundation_x.backbone.layers_2.blocks.16.attn.proj.weight,False,foundation_backbone,False,False,False,0.0
4,foundation_x.backbone.layers_2.blocks.16.attn.proj.bias,False,foundation_backbone,False,False,False,0.0
4,foundation_x.backbone.layers_2.blocks.16.norm2.weight,False,foundation_backbone,False,False,False,0.0
4,foundation_x.backbone.layers_2.blocks.16.norm2.bias,False,foundation_backbone,False,False,False,0.0
4,foundation_x.backbone.layers_2.blocks.16.mlp.fc1.weight,False,foundation_backbone,False,False,False,0.0
4,foundation_x.backbone.layers_2.blocks.16.mlp.fc1.bias,False,foundation_backbone,False,False,False,0.0
4,foundation_x.backbone.layers_2.blocks.16.mlp.fc2.weight,False,foundation_backbone,False,False,False,0.0
4,foundation_x.backbone.layers_2.blocks.16.mlp.fc2.bias,False,foundation_backbone,False,False,False,0.0
4,foundation_x.backbone.layers_2.blocks.17.norm1.weight,False,foundation_backbone,False,False,False,0.0
4,foundation_x.backbone.layers_2.blocks.17.norm1.bias,False,foundation_backbone,False,False,False,0.0
4,foundation_x.backbone.layers_2.blocks.17.attn.relative_position_bias_table,False,foundation_backbone,False,False,False,0.0
4,foundation_x.backbone.layers_2.blocks.17.attn.qkv.weight,False,foundation_backbone,False,False,False,0.0
4,foundation_x.backbone.layers_2.blocks.17.attn.qkv.bias,False,foundation_backbone,False,False,False,0.0
4,foundation_x.backbone.layers_2.blocks.17.attn.proj.weight,False,foundation_backbone,False,False,False,0.0
4,foundation_x.backbone.layers_2.blocks.17.attn.proj.bias,False,foundation_backbone,False,False,False,0.0
4,foundation_x.backbone.layers_2.blocks.17.norm2.weight,False,foundation_backbone,False,False,False,0.0
4,foundation_x.backbone.layers_2.blocks.17.norm2.bias,False,foundation_backbone,False,False,False,0.0
4,foundation_x.backbone.layers_2.blocks.17.mlp.fc1.weight,False,foundation_backbone,False,False,False,0.0
4,foundation_x.backbone.layers_2.blocks.17.mlp.fc1.bias,False,foundation_backbone,False,False,False,0.0
4,foundation_x.backbone.layers_2.blocks.17.mlp.fc2.weight,False,foundation_backbone,False,False,False,0.0
4,foundation_x.backbone.layers_2.blocks.17.mlp.fc2.bias,False,foundation_backbone,False,False,False,0.0
4,foundation_x.backbone.layers_3.downsample.norm.weight,False,foundation_backbone,False,False,False,0.0
4,foundation_x.backbone.layers_3.downsample.norm.bias,False,foundation_backbone,False,False,False,0.0
4,foundation_x.backbone.layers_3.downsample.reduction.weight,False,foundation_backbone,False,False,False,0.0
4,foundation_x.backbone.layers_3.blocks.0.norm1.weight,False,foundation_backbone,False,False,False,0.0
4,foundation_x.backbone.layers_3.blocks.0.norm1.bias,False,foundation_backbone,False,False,False,0.0
4,foundation_x.backbone.layers_3.blocks.0.attn.relative_position_bias_table,False,foundation_backbone,False,False,False,0.0
4,foundation_x.backbone.layers_3.blocks.0.attn.qkv.weight,False,foundation_backbone,False,False,False,0.0
4,foundation_x.backbone.layers_3.blocks.0.attn.qkv.bias,False,foundation_backbone,False,False,False,0.0
4,foundation_x.backbone.layers_3.blocks.0.attn.proj.weight,False,foundation_backbone,False,False,False,0.0
4,foundation_x.backbone.layers_3.blocks.0.attn.proj.bias,False,foundation_backbone,False,False,False,0.0
4,foundation_x.backbone.layers_3.blocks.0.norm2.weight,False,foundation_backbone,False,False,False,0.0
4,foundation_x.backbone.layers_3.blocks.0.norm2.bias,False,foundation_backbone,False,False,False,0.0
4,foundation_x.backbone.layers_3.blocks.0.mlp.fc1.weight,False,foundation_backbone,False,False,False,0.0
4,foundation_x.backbone.layers_3.blocks.0.mlp.fc1.bias,False,foundation_backbone,False,False,False,0.0
4,foundation_x.backbone.layers_3.blocks.0.mlp.fc2.weight,False,foundation_backbone,False,False,False,0.0
4,foundation_x.backbone.layers_3.blocks.0.mlp.fc2.bias,False,foundation_backbone,False,False,False,0.0
4,foundation_x.backbone.layers_3.blocks.1.norm1.weight,False,foundation_backbone,False,False,False,0.0
4,foundation_x.backbone.layers_3.blocks.1.norm1.bias,False,foundation_backbone,False,False,False,0.0
4,foundation_x.backbone.layers_3.blocks.1.attn.relative_position_bias_table,False,foundation_backbone,False,False,False,0.0
4,foundation_x.backbone.layers_3.blocks.1.attn.qkv.weight,False,foundation_backbone,False,False,False,0.0
4,foundation_x.backbone.layers_3.blocks.1.attn.qkv.bias,False,foundation_backbone,False,False,False,0.0
4,foundation_x.backbone.layers_3.blocks.1.attn.proj.weight,False,foundation_backbone,False,False,False,0.0
4,foundation_x.backbone.layers_3.blocks.1.attn.proj.bias,False,foundation_backbone,False,False,False,0.0
4,foundation_x.backbone.layers_3.blocks.1.norm2.weight,False,foundation_backbone,False,False,False,0.0
4,foundation_x.backbone.layers_3.blocks.1.norm2.bias,False,foundation_backbone,False,False,False,0.0
4,foundation_x.backbone.layers_3.blocks.1.mlp.fc1.weight,False,foundation_backbone,False,False,False,0.0
4,foundation_x.backbone.layers_3.blocks.1.mlp.fc1.bias,False,foundation_backbone,False,False,False,0.0
4,foundation_x.backbone.layers_3.blocks.1.mlp.fc2.weight,False,foundation_backbone,False,False,False,0.0
4,foundation_x.backbone.layers_3.blocks.1.mlp.fc2.bias,False,foundation_backbone,False,False,False,0.0
4,enc1.block.0.weight,True,encoder_cnn,True,True,True,0.19362202286720276
4,enc1.block.1.weight,True,encoder_cnn,True,True,True,0.020227503031492233
4,enc1.block.1.bias,True,encoder_cnn,True,True,True,0.01851319894194603
4,enc1.block.3.weight,True,encoder_cnn,True,True,True,0.6529092788696289
4,enc1.block.4.weight,True,encoder_cnn,True,True,True,0.011554648168385029
4,enc1.block.4.bias,True,encoder_cnn,True,True,True,0.010792355984449387
4,enc2.block.0.weight,True,encoder_cnn,True,True,True,0.11628644913434982
4,enc2.block.1.weight,True,encoder_cnn,True,True,True,0.0023954452481120825
4,enc2.block.1.bias,True,encoder_cnn,True,True,True,0.001885075937025249
4,enc2.block.3.weight,True,encoder_cnn,True,True,True,0.13076964020729065
4,enc2.block.4.weight,True,encoder_cnn,True,True,True,0.0020599167328327894
4,enc2.block.4.bias,True,encoder_cnn,True,True,True,0.0017150095663964748
4,enc3.block.0.weight,True,encoder_cnn,True,True,True,0.01905195228755474
4,enc3.block.1.weight,True,encoder_cnn,True,True,True,0.0002697145682759583
4,enc3.block.1.bias,True,encoder_cnn,True,True,True,0.000195554195670411
4,enc3.block.3.weight,True,encoder_cnn,True,True,True,0.022681865841150284
4,enc3.block.4.weight,True,encoder_cnn,True,True,True,0.0002854426857084036
4,enc3.block.4.bias,True,encoder_cnn,True,True,True,0.00019025348592549562
4,enc4.block.0.weight,True,encoder_cnn,True,True,True,0.003912549931555986
4,enc4.block.1.weight,True,encoder_cnn,True,True,True,4.3713425839086995e-05
4,enc4.block.1.bias,True,encoder_cnn,True,True,True,2.1588575691566803e-05
4,enc4.block.3.weight,True,encoder_cnn,True,True,True,0.005036661867052317
4,enc4.block.4.weight,True,encoder_cnn,True,True,True,4.804017225978896e-05
4,enc4.block.4.bias,True,encoder_cnn,True,True,True,2.023031993303448e-05
4,fusion_e3.conv.0.weight,True,adapter_fusion,True,True,True,0.010926502756774426
4,fusion_e3.conv.0.bias,True,adapter_fusion,True,True,True,7.87207410368751e-10
4,fusion_e3.conv.1.weight,True,adapter_fusion,True,True,True,0.0003136520099360496
4,fusion_e3.conv.1.bias,True,adapter_fusion,True,True,True,0.0002113888185704127
4,fusion_e4.conv.0.weight,True,adapter_fusion,True,True,True,0.0025036223232746124
4,fusion_e4.conv.0.bias,True,adapter_fusion,True,True,True,7.14396042322818e-11
4,fusion_e4.conv.1.weight,True,adapter_fusion,True,True,True,5.1862694817828014e-05
4,fusion_e4.conv.1.bias,True,adapter_fusion,True,True,True,3.052045940421522e-05
4,h16_unet_context.block.0.weight,True,other_trainable,True,True,True,0.00019529533165041357
4,h16_unet_context.block.1.weight,True,other_trainable,True,True,True,1.524487402093655e-06
4,h16_unet_context.block.1.bias,True,other_trainable,True,True,True,1.017712634165946e-06
4,h16_unet_context.block.3.weight,True,other_trainable,True,True,True,0.0002570059150457382
4,h16_unet_context.block.4.weight,True,other_trainable,True,True,True,1.8813022961694514e-06
4,h16_unet_context.block.4.bias,True,other_trainable,True,True,True,9.706467380965478e-07
4,h16_fx_context.conv.0.weight,True,adapter_fusion,True,True,True,0.0007220341358333826
4,h16_fx_context.conv.0.bias,True,adapter_fusion,True,True,True,1.730857319449941e-12
4,h16_fx_context.conv.1.weight,True,adapter_fusion,True,True,True,8.167708074324764e-06
4,h16_fx_context.conv.1.bias,True,adapter_fusion,True,True,True,7.1197600846062414e-06
4,h32_context_head.block.0.weight,True,adapter_fusion,True,True,True,0.000503314717207104
4,h32_context_head.block.1.weight,True,adapter_fusion,True,True,True,2.606255065984442e-06
4,h32_context_head.block.1.bias,True,adapter_fusion,True,True,True,2.205611963290721e-06
4,h32_context_head.block.3.weight,True,adapter_fusion,True,True,True,0.00042500480776652694
4,h32_context_head.block.4.weight,True,adapter_fusion,True,True,True,2.8746292173309484e-06
4,h32_context_head.block.4.bias,True,adapter_fusion,True,True,True,2.719580379562103e-06
4,h32_to_h16.weight,True,adapter_fusion,True,True,True,0.0003110783582087606
4,h32_to_h16.bias,True,adapter_fusion,True,True,True,3.2516047667741077e-06
4,context_merge.block.0.weight,True,adapter_fusion,True,True,True,0.00202730274759233
4,context_merge.block.1.weight,True,adapter_fusion,True,True,True,9.099817361857276e-06
4,context_merge.block.1.bias,True,adapter_fusion,True,True,True,8.25995175546268e-06
4,context_merge.block.3.weight,True,adapter_fusion,True,True,True,0.0015053567476570606
4,context_merge.block.4.weight,True,adapter_fusion,True,True,True,1.0814766937983222e-05
4,context_merge.block.4.bias,True,adapter_fusion,True,True,True,1.0614310667733662e-05
4,up4.weight,True,decoder_head,True,True,True,0.0008186533232219517
4,up4.bias,True,decoder_head,True,True,True,1.3412397493084427e-05
4,dec4.block.0.weight,True,decoder_head,True,True,True,0.007892677560448647
4,dec4.block.1.weight,True,decoder_head,True,True,True,5.971995778963901e-05
4,dec4.block.1.bias,True,decoder_head,True,True,True,3.331222978886217e-05
4,dec4.block.3.weight,True,decoder_head,True,True,True,0.006170954555273056
4,dec4.block.4.weight,True,decoder_head,True,True,True,6.853474042145535e-05
4,dec4.block.4.bias,True,decoder_head,True,True,True,4.8765388783067465e-05
4,up3.weight,True,decoder_head,True,True,True,0.0034872465766966343
4,up3.bias,True,decoder_head,True,True,True,4.9400026910007e-05
4,dec3.block.0.weight,True,decoder_head,True,True,True,0.034909479320049286
4,dec3.block.1.weight,True,decoder_head,True,True,True,0.0004258074623066932
4,dec3.block.1.bias,True,decoder_head,True,True,True,0.0002850868331734091
4,dec3.block.3.weight,True,decoder_head,True,True,True,0.03053363785147667
4,dec3.block.4.weight,True,decoder_head,True,True,True,0.0004967213608324528
4,dec3.block.4.bias,True,decoder_head,True,True,True,0.0004369788512121886
4,up2.weight,True,decoder_head,True,True,True,0.018159503117203712
4,up2.bias,True,decoder_head,True,True,True,0.00021829431352671236
4,dec2.block.0.weight,True,decoder_head,True,True,True,0.1655128449201584
4,dec2.block.1.weight,True,decoder_head,True,True,True,0.0023703882470726967
4,dec2.block.1.bias,True,decoder_head,True,True,True,0.0016688394825905561
4,dec2.block.3.weight,True,decoder_head,True,True,True,0.1273861825466156
4,dec2.block.4.weight,True,decoder_head,True,True,True,0.0031670338939875364
4,dec2.block.4.bias,True,decoder_head,True,True,True,0.0031768635381013155
4,up1.weight,True,decoder_head,True,True,True,0.07756038755178452
4,up1.bias,True,decoder_head,True,True,True,0.0006272545433603227
4,dec1.block.0.weight,True,decoder_head,True,True,True,0.6199267506599426
4,dec1.block.1.weight,True,decoder_head,True,True,True,0.012021864764392376
4,dec1.block.1.bias,True,decoder_head,True,True,True,0.01149512454867363
4,dec1.block.3.weight,True,decoder_head,True,True,True,0.45059317350387573
4,dec1.block.4.weight,True,decoder_head,True,True,True,0.09460019320249557
4,dec1.block.4.bias,True,decoder_head,True,True,True,0.14010952413082123
4,final.weight,True,decoder_head,True,True,True,1.4160809516906738
4,final.bias,True,decoder_head,True,True,True,0.5398863554000854
