step,param_name,requires_grad,group,grad_present,grad_finite,grad_nonzero,grad_norm_l2
1,foundation_x.backbone.patch_embed.proj.weight,False,foundation_backbone,False,False,False,0.0
1,foundation_x.backbone.patch_embed.proj.bias,False,foundation_backbone,False,False,False,0.0
1,foundation_x.backbone.patch_embed.norm.weight,False,foundation_backbone,False,False,False,0.0
1,foundation_x.backbone.patch_embed.norm.bias,False,foundation_backbone,False,False,False,0.0
1,foundation_x.backbone.layers_0.blocks.0.norm1.weight,False,foundation_backbone,False,False,False,0.0
1,foundation_x.backbone.layers_0.blocks.0.norm1.bias,False,foundation_backbone,False,False,False,0.0
1,foundation_x.backbone.layers_0.blocks.0.attn.relative_position_bias_table,False,foundation_backbone,False,False,False,0.0
1,foundation_x.backbone.layers_0.blocks.0.attn.qkv.weight,False,foundation_backbone,False,False,False,0.0
1,foundation_x.backbone.layers_0.blocks.0.attn.qkv.bias,False,foundation_backbone,False,False,False,0.0
1,foundation_x.backbone.layers_0.blocks.0.attn.proj.weight,False,foundation_backbone,False,False,False,0.0
1,foundation_x.backbone.layers_0.blocks.0.attn.proj.bias,False,foundation_backbone,False,False,False,0.0
1,foundation_x.backbone.layers_0.blocks.0.norm2.weight,False,foundation_backbone,False,False,False,0.0
1,foundation_x.backbone.layers_0.blocks.0.norm2.bias,False,foundation_backbone,False,False,False,0.0
1,foundation_x.backbone.layers_0.blocks.0.mlp.fc1.weight,False,foundation_backbone,False,False,False,0.0
1,foundation_x.backbone.layers_0.blocks.0.mlp.fc1.bias,False,foundation_backbone,False,False,False,0.0
1,foundation_x.backbone.layers_0.blocks.0.mlp.fc2.weight,False,foundation_backbone,False,False,False,0.0
1,foundation_x.backbone.layers_0.blocks.0.mlp.fc2.bias,False,foundation_backbone,False,False,False,0.0
1,foundation_x.backbone.layers_0.blocks.1.norm1.weight,False,foundation_backbone,False,False,False,0.0
1,foundation_x.backbone.layers_0.blocks.1.norm1.bias,False,foundation_backbone,False,False,False,0.0
1,foundation_x.backbone.layers_0.blocks.1.attn.relative_position_bias_table,False,foundation_backbone,False,False,False,0.0
1,foundation_x.backbone.layers_0.blocks.1.attn.qkv.weight,False,foundation_backbone,False,False,False,0.0
1,foundation_x.backbone.layers_0.blocks.1.attn.qkv.bias,False,foundation_backbone,False,False,False,0.0
1,foundation_x.backbone.layers_0.blocks.1.attn.proj.weight,False,foundation_backbone,False,False,False,0.0
1,foundation_x.backbone.layers_0.blocks.1.attn.proj.bias,False,foundation_backbone,False,False,False,0.0
1,foundation_x.backbone.layers_0.blocks.1.norm2.weight,False,foundation_backbone,False,False,False,0.0
1,foundation_x.backbone.layers_0.blocks.1.norm2.bias,False,foundation_backbone,False,False,False,0.0
1,foundation_x.backbone.layers_0.blocks.1.mlp.fc1.weight,False,foundation_backbone,False,False,False,0.0
1,foundation_x.backbone.layers_0.blocks.1.mlp.fc1.bias,False,foundation_backbone,False,False,False,0.0
1,foundation_x.backbone.layers_0.blocks.1.mlp.fc2.weight,False,foundation_backbone,False,False,False,0.0
1,foundation_x.backbone.layers_0.blocks.1.mlp.fc2.bias,False,foundation_backbone,False,False,False,0.0
1,foundation_x.backbone.layers_1.downsample.norm.weight,False,foundation_backbone,False,False,False,0.0
1,foundation_x.backbone.layers_1.downsample.norm.bias,False,foundation_backbone,False,False,False,0.0
1,foundation_x.backbone.layers_1.downsample.reduction.weight,False,foundation_backbone,False,False,False,0.0
1,foundation_x.backbone.layers_1.blocks.0.norm1.weight,False,foundation_backbone,False,False,False,0.0
1,foundation_x.backbone.layers_1.blocks.0.norm1.bias,False,foundation_backbone,False,False,False,0.0
1,foundation_x.backbone.layers_1.blocks.0.attn.relative_position_bias_table,False,foundation_backbone,False,False,False,0.0
1,foundation_x.backbone.layers_1.blocks.0.attn.qkv.weight,False,foundation_backbone,False,False,False,0.0
1,foundation_x.backbone.layers_1.blocks.0.attn.qkv.bias,False,foundation_backbone,False,False,False,0.0
1,foundation_x.backbone.layers_1.blocks.0.attn.proj.weight,False,foundation_backbone,False,False,False,0.0
1,foundation_x.backbone.layers_1.blocks.0.attn.proj.bias,False,foundation_backbone,False,False,False,0.0
1,foundation_x.backbone.layers_1.blocks.0.norm2.weight,False,foundation_backbone,False,False,False,0.0
1,foundation_x.backbone.layers_1.blocks.0.norm2.bias,False,foundation_backbone,False,False,False,0.0
1,foundation_x.backbone.layers_1.blocks.0.mlp.fc1.weight,False,foundation_backbone,False,False,False,0.0
1,foundation_x.backbone.layers_1.blocks.0.mlp.fc1.bias,False,foundation_backbone,False,False,False,0.0
1,foundation_x.backbone.layers_1.blocks.0.mlp.fc2.weight,False,foundation_backbone,False,False,False,0.0
1,foundation_x.backbone.layers_1.blocks.0.mlp.fc2.bias,False,foundation_backbone,False,False,False,0.0
1,foundation_x.backbone.layers_1.blocks.1.norm1.weight,False,foundation_backbone,False,False,False,0.0
1,foundation_x.backbone.layers_1.blocks.1.norm1.bias,False,foundation_backbone,False,False,False,0.0
1,foundation_x.backbone.layers_1.blocks.1.attn.relative_position_bias_table,False,foundation_backbone,False,False,False,0.0
1,foundation_x.backbone.layers_1.blocks.1.attn.qkv.weight,False,foundation_backbone,False,False,False,0.0
1,foundation_x.backbone.layers_1.blocks.1.attn.qkv.bias,False,foundation_backbone,False,False,False,0.0
1,foundation_x.backbone.layers_1.blocks.1.attn.proj.weight,False,foundation_backbone,False,False,False,0.0
1,foundation_x.backbone.layers_1.blocks.1.attn.proj.bias,False,foundation_backbone,False,False,False,0.0
1,foundation_x.backbone.layers_1.blocks.1.norm2.weight,False,foundation_backbone,False,False,False,0.0
1,foundation_x.backbone.layers_1.blocks.1.norm2.bias,False,foundation_backbone,False,False,False,0.0
1,foundation_x.backbone.layers_1.blocks.1.mlp.fc1.weight,False,foundation_backbone,False,False,False,0.0
1,foundation_x.backbone.layers_1.blocks.1.mlp.fc1.bias,False,foundation_backbone,False,False,False,0.0
1,foundation_x.backbone.layers_1.blocks.1.mlp.fc2.weight,False,foundation_backbone,False,False,False,0.0
1,foundation_x.backbone.layers_1.blocks.1.mlp.fc2.bias,False,foundation_backbone,False,False,False,0.0
1,foundation_x.backbone.layers_2.downsample.norm.weight,False,foundation_backbone,False,False,False,0.0
1,foundation_x.backbone.layers_2.downsample.norm.bias,False,foundation_backbone,False,False,False,0.0
1,foundation_x.backbone.layers_2.downsample.reduction.weight,False,foundation_backbone,False,False,False,0.0
1,foundation_x.backbone.layers_2.blocks.0.norm1.weight,False,foundation_backbone,False,False,False,0.0
1,foundation_x.backbone.layers_2.blocks.0.norm1.bias,False,foundation_backbone,False,False,False,0.0
1,foundation_x.backbone.layers_2.blocks.0.attn.relative_position_bias_table,False,foundation_backbone,False,False,False,0.0
1,foundation_x.backbone.layers_2.blocks.0.attn.qkv.weight,False,foundation_backbone,False,False,False,0.0
1,foundation_x.backbone.layers_2.blocks.0.attn.qkv.bias,False,foundation_backbone,False,False,False,0.0
1,foundation_x.backbone.layers_2.blocks.0.attn.proj.weight,False,foundation_backbone,False,False,False,0.0
1,foundation_x.backbone.layers_2.blocks.0.attn.proj.bias,False,foundation_backbone,False,False,False,0.0
1,foundation_x.backbone.layers_2.blocks.0.norm2.weight,False,foundation_backbone,False,False,False,0.0
1,foundation_x.backbone.layers_2.blocks.0.norm2.bias,False,foundation_backbone,False,False,False,0.0
1,foundation_x.backbone.layers_2.blocks.0.mlp.fc1.weight,False,foundation_backbone,False,False,False,0.0
1,foundation_x.backbone.layers_2.blocks.0.mlp.fc1.bias,False,foundation_backbone,False,False,False,0.0
1,foundation_x.backbone.layers_2.blocks.0.mlp.fc2.weight,False,foundation_backbone,False,False,False,0.0
1,foundation_x.backbone.layers_2.blocks.0.mlp.fc2.bias,False,foundation_backbone,False,False,False,0.0
1,foundation_x.backbone.layers_2.blocks.1.norm1.weight,False,foundation_backbone,False,False,False,0.0
1,foundation_x.backbone.layers_2.blocks.1.norm1.bias,False,foundation_backbone,False,False,False,0.0
1,foundation_x.backbone.layers_2.blocks.1.attn.relative_position_bias_table,False,foundation_backbone,False,False,False,0.0
1,foundation_x.backbone.layers_2.blocks.1.attn.qkv.weight,False,foundation_backbone,False,False,False,0.0
1,foundation_x.backbone.layers_2.blocks.1.attn.qkv.bias,False,foundation_backbone,False,False,False,0.0
1,foundation_x.backbone.layers_2.blocks.1.attn.proj.weight,False,foundation_backbone,False,False,False,0.0
1,foundation_x.backbone.layers_2.blocks.1.attn.proj.bias,False,foundation_backbone,False,False,False,0.0
1,foundation_x.backbone.layers_2.blocks.1.norm2.weight,False,foundation_backbone,False,False,False,0.0
1,foundation_x.backbone.layers_2.blocks.1.norm2.bias,False,foundation_backbone,False,False,False,0.0
1,foundation_x.backbone.layers_2.blocks.1.mlp.fc1.weight,False,foundation_backbone,False,False,False,0.0
1,foundation_x.backbone.layers_2.blocks.1.mlp.fc1.bias,False,foundation_backbone,False,False,False,0.0
1,foundation_x.backbone.layers_2.blocks.1.mlp.fc2.weight,False,foundation_backbone,False,False,False,0.0
1,foundation_x.backbone.layers_2.blocks.1.mlp.fc2.bias,False,foundation_backbone,False,False,False,0.0
1,foundation_x.backbone.layers_2.blocks.2.norm1.weight,False,foundation_backbone,False,False,False,0.0
1,foundation_x.backbone.layers_2.blocks.2.norm1.bias,False,foundation_backbone,False,False,False,0.0
1,foundation_x.backbone.layers_2.blocks.2.attn.relative_position_bias_table,False,foundation_backbone,False,False,False,0.0
1,foundation_x.backbone.layers_2.blocks.2.attn.qkv.weight,False,foundation_backbone,False,False,False,0.0
1,foundation_x.backbone.layers_2.blocks.2.attn.qkv.bias,False,foundation_backbone,False,False,False,0.0
1,foundation_x.backbone.layers_2.blocks.2.attn.proj.weight,False,foundation_backbone,False,False,False,0.0
1,foundation_x.backbone.layers_2.blocks.2.attn.proj.bias,False,foundation_backbone,False,False,False,0.0
1,foundation_x.backbone.layers_2.blocks.2.norm2.weight,False,foundation_backbone,False,False,False,0.0
1,foundation_x.backbone.layers_2.blocks.2.norm2.bias,False,foundation_backbone,False,False,False,0.0
1,foundation_x.backbone.layers_2.blocks.2.mlp.fc1.weight,False,foundation_backbone,False,False,False,0.0
1,foundation_x.backbone.layers_2.blocks.2.mlp.fc1.bias,False,foundation_backbone,False,False,False,0.0
1,foundation_x.backbone.layers_2.blocks.2.mlp.fc2.weight,False,foundation_backbone,False,False,False,0.0
1,foundation_x.backbone.layers_2.blocks.2.mlp.fc2.bias,False,foundation_backbone,False,False,False,0.0
1,foundation_x.backbone.layers_2.blocks.3.norm1.weight,False,foundation_backbone,False,False,False,0.0
1,foundation_x.backbone.layers_2.blocks.3.norm1.bias,False,foundation_backbone,False,False,False,0.0
1,foundation_x.backbone.layers_2.blocks.3.attn.relative_position_bias_table,False,foundation_backbone,False,False,False,0.0
1,foundation_x.backbone.layers_2.blocks.3.attn.qkv.weight,False,foundation_backbone,False,False,False,0.0
1,foundation_x.backbone.layers_2.blocks.3.attn.qkv.bias,False,foundation_backbone,False,False,False,0.0
1,foundation_x.backbone.layers_2.blocks.3.attn.proj.weight,False,foundation_backbone,False,False,False,0.0
1,foundation_x.backbone.layers_2.blocks.3.attn.proj.bias,False,foundation_backbone,False,False,False,0.0
1,foundation_x.backbone.layers_2.blocks.3.norm2.weight,False,foundation_backbone,False,False,False,0.0
1,foundation_x.backbone.layers_2.blocks.3.norm2.bias,False,foundation_backbone,False,False,False,0.0
1,foundation_x.backbone.layers_2.blocks.3.mlp.fc1.weight,False,foundation_backbone,False,False,False,0.0
1,foundation_x.backbone.layers_2.blocks.3.mlp.fc1.bias,False,foundation_backbone,False,False,False,0.0
1,foundation_x.backbone.layers_2.blocks.3.mlp.fc2.weight,False,foundation_backbone,False,False,False,0.0
1,foundation_x.backbone.layers_2.blocks.3.mlp.fc2.bias,False,foundation_backbone,False,False,False,0.0
1,foundation_x.backbone.layers_2.blocks.4.norm1.weight,False,foundation_backbone,False,False,False,0.0
1,foundation_x.backbone.layers_2.blocks.4.norm1.bias,False,foundation_backbone,False,False,False,0.0
1,foundation_x.backbone.layers_2.blocks.4.attn.relative_position_bias_table,False,foundation_backbone,False,False,False,0.0
1,foundation_x.backbone.layers_2.blocks.4.attn.qkv.weight,False,foundation_backbone,False,False,False,0.0
1,foundation_x.backbone.layers_2.blocks.4.attn.qkv.bias,False,foundation_backbone,False,False,False,0.0
1,foundation_x.backbone.layers_2.blocks.4.attn.proj.weight,False,foundation_backbone,False,False,False,0.0
1,foundation_x.backbone.layers_2.blocks.4.attn.proj.bias,False,foundation_backbone,False,False,False,0.0
1,foundation_x.backbone.layers_2.blocks.4.norm2.weight,False,foundation_backbone,False,False,False,0.0
1,foundation_x.backbone.layers_2.blocks.4.norm2.bias,False,foundation_backbone,False,False,False,0.0
1,foundation_x.backbone.layers_2.blocks.4.mlp.fc1.weight,False,foundation_backbone,False,False,False,0.0
1,foundation_x.backbone.layers_2.blocks.4.mlp.fc1.bias,False,foundation_backbone,False,False,False,0.0
1,foundation_x.backbone.layers_2.blocks.4.mlp.fc2.weight,False,foundation_backbone,False,False,False,0.0
1,foundation_x.backbone.layers_2.blocks.4.mlp.fc2.bias,False,foundation_backbone,False,False,False,0.0
1,foundation_x.backbone.layers_2.blocks.5.norm1.weight,False,foundation_backbone,False,False,False,0.0
1,foundation_x.backbone.layers_2.blocks.5.norm1.bias,False,foundation_backbone,False,False,False,0.0
1,foundation_x.backbone.layers_2.blocks.5.attn.relative_position_bias_table,False,foundation_backbone,False,False,False,0.0
1,foundation_x.backbone.layers_2.blocks.5.attn.qkv.weight,False,foundation_backbone,False,False,False,0.0
1,foundation_x.backbone.layers_2.blocks.5.attn.qkv.bias,False,foundation_backbone,False,False,False,0.0
1,foundation_x.backbone.layers_2.blocks.5.attn.proj.weight,False,foundation_backbone,False,False,False,0.0
1,foundation_x.backbone.layers_2.blocks.5.attn.proj.bias,False,foundation_backbone,False,False,False,0.0
1,foundation_x.backbone.layers_2.blocks.5.norm2.weight,False,foundation_backbone,False,False,False,0.0
1,foundation_x.backbone.layers_2.blocks.5.norm2.bias,False,foundation_backbone,False,False,False,0.0
1,foundation_x.backbone.layers_2.blocks.5.mlp.fc1.weight,False,foundation_backbone,False,False,False,0.0
1,foundation_x.backbone.layers_2.blocks.5.mlp.fc1.bias,False,foundation_backbone,False,False,False,0.0
1,foundation_x.backbone.layers_2.blocks.5.mlp.fc2.weight,False,foundation_backbone,False,False,False,0.0
1,foundation_x.backbone.layers_2.blocks.5.mlp.fc2.bias,False,foundation_backbone,False,False,False,0.0
1,foundation_x.backbone.layers_2.blocks.6.norm1.weight,False,foundation_backbone,False,False,False,0.0
1,foundation_x.backbone.layers_2.blocks.6.norm1.bias,False,foundation_backbone,False,False,False,0.0
1,foundation_x.backbone.layers_2.blocks.6.attn.relative_position_bias_table,False,foundation_backbone,False,False,False,0.0
1,foundation_x.backbone.layers_2.blocks.6.attn.qkv.weight,False,foundation_backbone,False,False,False,0.0
1,foundation_x.backbone.layers_2.blocks.6.attn.qkv.bias,False,foundation_backbone,False,False,False,0.0
1,foundation_x.backbone.layers_2.blocks.6.attn.proj.weight,False,foundation_backbone,False,False,False,0.0
1,foundation_x.backbone.layers_2.blocks.6.attn.proj.bias,False,foundation_backbone,False,False,False,0.0
1,foundation_x.backbone.layers_2.blocks.6.norm2.weight,False,foundation_backbone,False,False,False,0.0
1,foundation_x.backbone.layers_2.blocks.6.norm2.bias,False,foundation_backbone,False,False,False,0.0
1,foundation_x.backbone.layers_2.blocks.6.mlp.fc1.weight,False,foundation_backbone,False,False,False,0.0
1,foundation_x.backbone.layers_2.blocks.6.mlp.fc1.bias,False,foundation_backbone,False,False,False,0.0
1,foundation_x.backbone.layers_2.blocks.6.mlp.fc2.weight,False,foundation_backbone,False,False,False,0.0
1,foundation_x.backbone.layers_2.blocks.6.mlp.fc2.bias,False,foundation_backbone,False,False,False,0.0
1,foundation_x.backbone.layers_2.blocks.7.norm1.weight,False,foundation_backbone,False,False,False,0.0
1,foundation_x.backbone.layers_2.blocks.7.norm1.bias,False,foundation_backbone,False,False,False,0.0
1,foundation_x.backbone.layers_2.blocks.7.attn.relative_position_bias_table,False,foundation_backbone,False,False,False,0.0
1,foundation_x.backbone.layers_2.blocks.7.attn.qkv.weight,False,foundation_backbone,False,False,False,0.0
1,foundation_x.backbone.layers_2.blocks.7.attn.qkv.bias,False,foundation_backbone,False,False,False,0.0
1,foundation_x.backbone.layers_2.blocks.7.attn.proj.weight,False,foundation_backbone,False,False,False,0.0
1,foundation_x.backbone.layers_2.blocks.7.attn.proj.bias,False,foundation_backbone,False,False,False,0.0
1,foundation_x.backbone.layers_2.blocks.7.norm2.weight,False,foundation_backbone,False,False,False,0.0
1,foundation_x.backbone.layers_2.blocks.7.norm2.bias,False,foundation_backbone,False,False,False,0.0
1,foundation_x.backbone.layers_2.blocks.7.mlp.fc1.weight,False,foundation_backbone,False,False,False,0.0
1,foundation_x.backbone.layers_2.blocks.7.mlp.fc1.bias,False,foundation_backbone,False,False,False,0.0
1,foundation_x.backbone.layers_2.blocks.7.mlp.fc2.weight,False,foundation_backbone,False,False,False,0.0
1,foundation_x.backbone.layers_2.blocks.7.mlp.fc2.bias,False,foundation_backbone,False,False,False,0.0
1,foundation_x.backbone.layers_2.blocks.8.norm1.weight,False,foundation_backbone,False,False,False,0.0
1,foundation_x.backbone.layers_2.blocks.8.norm1.bias,False,foundation_backbone,False,False,False,0.0
1,foundation_x.backbone.layers_2.blocks.8.attn.relative_position_bias_table,False,foundation_backbone,False,False,False,0.0
1,foundation_x.backbone.layers_2.blocks.8.attn.qkv.weight,False,foundation_backbone,False,False,False,0.0
1,foundation_x.backbone.layers_2.blocks.8.attn.qkv.bias,False,foundation_backbone,False,False,False,0.0
1,foundation_x.backbone.layers_2.blocks.8.attn.proj.weight,False,foundation_backbone,False,False,False,0.0
1,foundation_x.backbone.layers_2.blocks.8.attn.proj.bias,False,foundation_backbone,False,False,False,0.0
1,foundation_x.backbone.layers_2.blocks.8.norm2.weight,False,foundation_backbone,False,False,False,0.0
1,foundation_x.backbone.layers_2.blocks.8.norm2.bias,False,foundation_backbone,False,False,False,0.0
1,foundation_x.backbone.layers_2.blocks.8.mlp.fc1.weight,False,foundation_backbone,False,False,False,0.0
1,foundation_x.backbone.layers_2.blocks.8.mlp.fc1.bias,False,foundation_backbone,False,False,False,0.0
1,foundation_x.backbone.layers_2.blocks.8.mlp.fc2.weight,False,foundation_backbone,False,False,False,0.0
1,foundation_x.backbone.layers_2.blocks.8.mlp.fc2.bias,False,foundation_backbone,False,False,False,0.0
1,foundation_x.backbone.layers_2.blocks.9.norm1.weight,False,foundation_backbone,False,False,False,0.0
1,foundation_x.backbone.layers_2.blocks.9.norm1.bias,False,foundation_backbone,False,False,False,0.0
1,foundation_x.backbone.layers_2.blocks.9.attn.relative_position_bias_table,False,foundation_backbone,False,False,False,0.0
1,foundation_x.backbone.layers_2.blocks.9.attn.qkv.weight,False,foundation_backbone,False,False,False,0.0
1,foundation_x.backbone.layers_2.blocks.9.attn.qkv.bias,False,foundation_backbone,False,False,False,0.0
1,foundation_x.backbone.layers_2.blocks.9.attn.proj.weight,False,foundation_backbone,False,False,False,0.0
1,foundation_x.backbone.layers_2.blocks.9.attn.proj.bias,False,foundation_backbone,False,False,False,0.0
1,foundation_x.backbone.layers_2.blocks.9.norm2.weight,False,foundation_backbone,False,False,False,0.0
1,foundation_x.backbone.layers_2.blocks.9.norm2.bias,False,foundation_backbone,False,False,False,0.0
1,foundation_x.backbone.layers_2.blocks.9.mlp.fc1.weight,False,foundation_backbone,False,False,False,0.0
1,foundation_x.backbone.layers_2.blocks.9.mlp.fc1.bias,False,foundation_backbone,False,False,False,0.0
1,foundation_x.backbone.layers_2.blocks.9.mlp.fc2.weight,False,foundation_backbone,False,False,False,0.0
1,foundation_x.backbone.layers_2.blocks.9.mlp.fc2.bias,False,foundation_backbone,False,False,False,0.0
1,foundation_x.backbone.layers_2.blocks.10.norm1.weight,False,foundation_backbone,False,False,False,0.0
1,foundation_x.backbone.layers_2.blocks.10.norm1.bias,False,foundation_backbone,False,False,False,0.0
1,foundation_x.backbone.layers_2.blocks.10.attn.relative_position_bias_table,False,foundation_backbone,False,False,False,0.0
1,foundation_x.backbone.layers_2.blocks.10.attn.qkv.weight,False,foundation_backbone,False,False,False,0.0
1,foundation_x.backbone.layers_2.blocks.10.attn.qkv.bias,False,foundation_backbone,False,False,False,0.0
1,foundation_x.backbone.layers_2.blocks.10.attn.proj.weight,False,foundation_backbone,False,False,False,0.0
1,foundation_x.backbone.layers_2.blocks.10.attn.proj.bias,False,foundation_backbone,False,False,False,0.0
1,foundation_x.backbone.layers_2.blocks.10.norm2.weight,False,foundation_backbone,False,False,False,0.0
1,foundation_x.backbone.layers_2.blocks.10.norm2.bias,False,foundation_backbone,False,False,False,0.0
1,foundation_x.backbone.layers_2.blocks.10.mlp.fc1.weight,False,foundation_backbone,False,False,False,0.0
1,foundation_x.backbone.layers_2.blocks.10.mlp.fc1.bias,False,foundation_backbone,False,False,False,0.0
1,foundation_x.backbone.layers_2.blocks.10.mlp.fc2.weight,False,foundation_backbone,False,False,False,0.0
1,foundation_x.backbone.layers_2.blocks.10.mlp.fc2.bias,False,foundation_backbone,False,False,False,0.0
1,foundation_x.backbone.layers_2.blocks.11.norm1.weight,False,foundation_backbone,False,False,False,0.0
1,foundation_x.backbone.layers_2.blocks.11.norm1.bias,False,foundation_backbone,False,False,False,0.0
1,foundation_x.backbone.layers_2.blocks.11.attn.relative_position_bias_table,False,foundation_backbone,False,False,False,0.0
1,foundation_x.backbone.layers_2.blocks.11.attn.qkv.weight,False,foundation_backbone,False,False,False,0.0
1,foundation_x.backbone.layers_2.blocks.11.attn.qkv.bias,False,foundation_backbone,False,False,False,0.0
1,foundation_x.backbone.layers_2.blocks.11.attn.proj.weight,False,foundation_backbone,False,False,False,0.0
1,foundation_x.backbone.layers_2.blocks.11.attn.proj.bias,False,foundation_backbone,False,False,False,0.0
1,foundation_x.backbone.layers_2.blocks.11.norm2.weight,False,foundation_backbone,False,False,False,0.0
1,foundation_x.backbone.layers_2.blocks.11.norm2.bias,False,foundation_backbone,False,False,False,0.0
1,foundation_x.backbone.layers_2.blocks.11.mlp.fc1.weight,False,foundation_backbone,False,False,False,0.0
1,foundation_x.backbone.layers_2.blocks.11.mlp.fc1.bias,False,foundation_backbone,False,False,False,0.0
1,foundation_x.backbone.layers_2.blocks.11.mlp.fc2.weight,False,foundation_backbone,False,False,False,0.0
1,foundation_x.backbone.layers_2.blocks.11.mlp.fc2.bias,False,foundation_backbone,False,False,False,0.0
1,foundation_x.backbone.layers_2.blocks.12.norm1.weight,False,foundation_backbone,False,False,False,0.0
1,foundation_x.backbone.layers_2.blocks.12.norm1.bias,False,foundation_backbone,False,False,False,0.0
1,foundation_x.backbone.layers_2.blocks.12.attn.relative_position_bias_table,False,foundation_backbone,False,False,False,0.0
1,foundation_x.backbone.layers_2.blocks.12.attn.qkv.weight,False,foundation_backbone,False,False,False,0.0
1,foundation_x.backbone.layers_2.blocks.12.attn.qkv.bias,False,foundation_backbone,False,False,False,0.0
1,foundation_x.backbone.layers_2.blocks.12.attn.proj.weight,False,foundation_backbone,False,False,False,0.0
1,foundation_x.backbone.layers_2.blocks.12.attn.proj.bias,False,foundation_backbone,False,False,False,0.0
1,foundation_x.backbone.layers_2.blocks.12.norm2.weight,False,foundation_backbone,False,False,False,0.0
1,foundation_x.backbone.layers_2.blocks.12.norm2.bias,False,foundation_backbone,False,False,False,0.0
1,foundation_x.backbone.layers_2.blocks.12.mlp.fc1.weight,False,foundation_backbone,False,False,False,0.0
1,foundation_x.backbone.layers_2.blocks.12.mlp.fc1.bias,False,foundation_backbone,False,False,False,0.0
1,foundation_x.backbone.layers_2.blocks.12.mlp.fc2.weight,False,foundation_backbone,False,False,False,0.0
1,foundation_x.backbone.layers_2.blocks.12.mlp.fc2.bias,False,foundation_backbone,False,False,False,0.0
1,foundation_x.backbone.layers_2.blocks.13.norm1.weight,False,foundation_backbone,False,False,False,0.0
1,foundation_x.backbone.layers_2.blocks.13.norm1.bias,False,foundation_backbone,False,False,False,0.0
1,foundation_x.backbone.layers_2.blocks.13.attn.relative_position_bias_table,False,foundation_backbone,False,False,False,0.0
1,foundation_x.backbone.layers_2.blocks.13.attn.qkv.weight,False,foundation_backbone,False,False,False,0.0
1,foundation_x.backbone.layers_2.blocks.13.attn.qkv.bias,False,foundation_backbone,False,False,False,0.0
1,foundation_x.backbone.layers_2.blocks.13.attn.proj.weight,False,foundation_backbone,False,False,False,0.0
1,foundation_x.backbone.layers_2.blocks.13.attn.proj.bias,False,foundation_backbone,False,False,False,0.0
1,foundation_x.backbone.layers_2.blocks.13.norm2.weight,False,foundation_backbone,False,False,False,0.0
1,foundation_x.backbone.layers_2.blocks.13.norm2.bias,False,foundation_backbone,False,False,False,0.0
1,foundation_x.backbone.layers_2.blocks.13.mlp.fc1.weight,False,foundation_backbone,False,False,False,0.0
1,foundation_x.backbone.layers_2.blocks.13.mlp.fc1.bias,False,foundation_backbone,False,False,False,0.0
1,foundation_x.backbone.layers_2.blocks.13.mlp.fc2.weight,False,foundation_backbone,False,False,False,0.0
1,foundation_x.backbone.layers_2.blocks.13.mlp.fc2.bias,False,foundation_backbone,False,False,False,0.0
1,foundation_x.backbone.layers_2.blocks.14.norm1.weight,False,foundation_backbone,False,False,False,0.0
1,foundation_x.backbone.layers_2.blocks.14.norm1.bias,False,foundation_backbone,False,False,False,0.0
1,foundation_x.backbone.layers_2.blocks.14.attn.relative_position_bias_table,False,foundation_backbone,False,False,False,0.0
1,foundation_x.backbone.layers_2.blocks.14.attn.qkv.weight,False,foundation_backbone,False,False,False,0.0
1,foundation_x.backbone.layers_2.blocks.14.attn.qkv.bias,False,foundation_backbone,False,False,False,0.0
1,foundation_x.backbone.layers_2.blocks.14.attn.proj.weight,False,foundation_backbone,False,False,False,0.0
1,foundation_x.backbone.layers_2.blocks.14.attn.proj.bias,False,foundation_backbone,False,False,False,0.0
1,foundation_x.backbone.layers_2.blocks.14.norm2.weight,False,foundation_backbone,False,False,False,0.0
1,foundation_x.backbone.layers_2.blocks.14.norm2.bias,False,foundation_backbone,False,False,False,0.0
1,foundation_x.backbone.layers_2.blocks.14.mlp.fc1.weight,False,foundation_backbone,False,False,False,0.0
1,foundation_x.backbone.layers_2.blocks.14.mlp.fc1.bias,False,foundation_backbone,False,False,False,0.0
1,foundation_x.backbone.layers_2.blocks.14.mlp.fc2.weight,False,foundation_backbone,False,False,False,0.0
1,foundation_x.backbone.layers_2.blocks.14.mlp.fc2.bias,False,foundation_backbone,False,False,False,0.0
1,foundation_x.backbone.layers_2.blocks.15.norm1.weight,False,foundation_backbone,False,False,False,0.0
1,foundation_x.backbone.layers_2.blocks.15.norm1.bias,False,foundation_backbone,False,False,False,0.0
1,foundation_x.backbone.layers_2.blocks.15.attn.relative_position_bias_table,False,foundation_backbone,False,False,False,0.0
1,foundation_x.backbone.layers_2.blocks.15.attn.qkv.weight,False,foundation_backbone,False,False,False,0.0
1,foundation_x.backbone.layers_2.blocks.15.attn.qkv.bias,False,foundation_backbone,False,False,False,0.0
1,foundation_x.backbone.layers_2.blocks.15.attn.proj.weight,False,foundation_backbone,False,False,False,0.0
1,foundation_x.backbone.layers_2.blocks.15.attn.proj.bias,False,foundation_backbone,False,False,False,0.0
1,foundation_x.backbone.layers_2.blocks.15.norm2.weight,False,foundation_backbone,False,False,False,0.0
1,foundation_x.backbone.layers_2.blocks.15.norm2.bias,False,foundation_backbone,False,False,False,0.0
1,foundation_x.backbone.layers_2.blocks.15.mlp.fc1.weight,False,foundation_backbone,False,False,False,0.0
1,foundation_x.backbone.layers_2.blocks.15.mlp.fc1.bias,False,foundation_backbone,False,False,False,0.0
1,foundation_x.backbone.layers_2.blocks.15.mlp.fc2.weight,False,foundation_backbone,False,False,False,0.0
1,foundation_x.backbone.layers_2.blocks.15.mlp.fc2.bias,False,foundation_backbone,False,False,False,0.0
1,foundation_x.backbone.layers_2.blocks.16.norm1.weight,False,foundation_backbone,False,False,False,0.0
1,foundation_x.backbone.layers_2.blocks.16.norm1.bias,False,foundation_backbone,False,False,False,0.0
1,foundation_x.backbone.layers_2.blocks.16.attn.relative_position_bias_table,False,foundation_backbone,False,False,False,0.0
1,foundation_x.backbone.layers_2.blocks.16.attn.qkv.weight,False,foundation_backbone,False,False,False,0.0
1,foundation_x.backbone.layers_2.blocks.16.attn.qkv.bias,False,foundation_backbone,False,False,False,0.0
1,foundation_x.backbone.layers_2.blocks.16.attn.proj.weight,False,foundation_backbone,False,False,False,0.0
1,foundation_x.backbone.layers_2.blocks.16.attn.proj.bias,False,foundation_backbone,False,False,False,0.0
1,foundation_x.backbone.layers_2.blocks.16.norm2.weight,False,foundation_backbone,False,False,False,0.0
1,foundation_x.backbone.layers_2.blocks.16.norm2.bias,False,foundation_backbone,False,False,False,0.0
1,foundation_x.backbone.layers_2.blocks.16.mlp.fc1.weight,False,foundation_backbone,False,False,False,0.0
1,foundation_x.backbone.layers_2.blocks.16.mlp.fc1.bias,False,foundation_backbone,False,False,False,0.0
1,foundation_x.backbone.layers_2.blocks.16.mlp.fc2.weight,False,foundation_backbone,False,False,False,0.0
1,foundation_x.backbone.layers_2.blocks.16.mlp.fc2.bias,False,foundation_backbone,False,False,False,0.0
1,foundation_x.backbone.layers_2.blocks.17.norm1.weight,False,foundation_backbone,False,False,False,0.0
1,foundation_x.backbone.layers_2.blocks.17.norm1.bias,False,foundation_backbone,False,False,False,0.0
1,foundation_x.backbone.layers_2.blocks.17.attn.relative_position_bias_table,False,foundation_backbone,False,False,False,0.0
1,foundation_x.backbone.layers_2.blocks.17.attn.qkv.weight,False,foundation_backbone,False,False,False,0.0
1,foundation_x.backbone.layers_2.blocks.17.attn.qkv.bias,False,foundation_backbone,False,False,False,0.0
1,foundation_x.backbone.layers_2.blocks.17.attn.proj.weight,False,foundation_backbone,False,False,False,0.0
1,foundation_x.backbone.layers_2.blocks.17.attn.proj.bias,False,foundation_backbone,False,False,False,0.0
1,foundation_x.backbone.layers_2.blocks.17.norm2.weight,False,foundation_backbone,False,False,False,0.0
1,foundation_x.backbone.layers_2.blocks.17.norm2.bias,False,foundation_backbone,False,False,False,0.0
1,foundation_x.backbone.layers_2.blocks.17.mlp.fc1.weight,False,foundation_backbone,False,False,False,0.0
1,foundation_x.backbone.layers_2.blocks.17.mlp.fc1.bias,False,foundation_backbone,False,False,False,0.0
1,foundation_x.backbone.layers_2.blocks.17.mlp.fc2.weight,False,foundation_backbone,False,False,False,0.0
1,foundation_x.backbone.layers_2.blocks.17.mlp.fc2.bias,False,foundation_backbone,False,False,False,0.0
1,foundation_x.backbone.layers_3.downsample.norm.weight,False,foundation_backbone,False,False,False,0.0
1,foundation_x.backbone.layers_3.downsample.norm.bias,False,foundation_backbone,False,False,False,0.0
1,foundation_x.backbone.layers_3.downsample.reduction.weight,False,foundation_backbone,False,False,False,0.0
1,foundation_x.backbone.layers_3.blocks.0.norm1.weight,False,foundation_backbone,False,False,False,0.0
1,foundation_x.backbone.layers_3.blocks.0.norm1.bias,False,foundation_backbone,False,False,False,0.0
1,foundation_x.backbone.layers_3.blocks.0.attn.relative_position_bias_table,False,foundation_backbone,False,False,False,0.0
1,foundation_x.backbone.layers_3.blocks.0.attn.qkv.weight,False,foundation_backbone,False,False,False,0.0
1,foundation_x.backbone.layers_3.blocks.0.attn.qkv.bias,False,foundation_backbone,False,False,False,0.0
1,foundation_x.backbone.layers_3.blocks.0.attn.proj.weight,False,foundation_backbone,False,False,False,0.0
1,foundation_x.backbone.layers_3.blocks.0.attn.proj.bias,False,foundation_backbone,False,False,False,0.0
1,foundation_x.backbone.layers_3.blocks.0.norm2.weight,False,foundation_backbone,False,False,False,0.0
1,foundation_x.backbone.layers_3.blocks.0.norm2.bias,False,foundation_backbone,False,False,False,0.0
1,foundation_x.backbone.layers_3.blocks.0.mlp.fc1.weight,False,foundation_backbone,False,False,False,0.0
1,foundation_x.backbone.layers_3.blocks.0.mlp.fc1.bias,False,foundation_backbone,False,False,False,0.0
1,foundation_x.backbone.layers_3.blocks.0.mlp.fc2.weight,False,foundation_backbone,False,False,False,0.0
1,foundation_x.backbone.layers_3.blocks.0.mlp.fc2.bias,False,foundation_backbone,False,False,False,0.0
1,foundation_x.backbone.layers_3.blocks.1.norm1.weight,False,foundation_backbone,False,False,False,0.0
1,foundation_x.backbone.layers_3.blocks.1.norm1.bias,False,foundation_backbone,False,False,False,0.0
1,foundation_x.backbone.layers_3.blocks.1.attn.relative_position_bias_table,False,foundation_backbone,False,False,False,0.0
1,foundation_x.backbone.layers_3.blocks.1.attn.qkv.weight,False,foundation_backbone,False,False,False,0.0
1,foundation_x.backbone.layers_3.blocks.1.attn.qkv.bias,False,foundation_backbone,False,False,False,0.0
1,foundation_x.backbone.layers_3.blocks.1.attn.proj.weight,False,foundation_backbone,False,False,False,0.0
1,foundation_x.backbone.layers_3.blocks.1.attn.proj.bias,False,foundation_backbone,False,False,False,0.0
1,foundation_x.backbone.layers_3.blocks.1.norm2.weight,False,foundation_backbone,False,False,False,0.0
1,foundation_x.backbone.layers_3.blocks.1.norm2.bias,False,foundation_backbone,False,False,False,0.0
1,foundation_x.backbone.layers_3.blocks.1.mlp.fc1.weight,False,foundation_backbone,False,False,False,0.0
1,foundation_x.backbone.layers_3.blocks.1.mlp.fc1.bias,False,foundation_backbone,False,False,False,0.0
1,foundation_x.backbone.layers_3.blocks.1.mlp.fc2.weight,False,foundation_backbone,False,False,False,0.0
1,foundation_x.backbone.layers_3.blocks.1.mlp.fc2.bias,False,foundation_backbone,False,False,False,0.0
1,enc1.block.0.weight,True,encoder_cnn,True,True,True,0.2513112723827362
1,enc1.block.1.weight,True,encoder_cnn,True,True,True,0.022221149876713753
1,enc1.block.1.bias,True,encoder_cnn,True,True,True,0.013539927080273628
1,enc1.block.3.weight,True,encoder_cnn,True,True,True,0.8579171895980835
1,enc1.block.4.weight,True,encoder_cnn,True,True,True,0.01754193753004074
1,enc1.block.4.bias,True,encoder_cnn,True,True,True,0.01485821045935154
1,enc2.block.0.weight,True,encoder_cnn,True,True,True,0.14148621261119843
1,enc2.block.1.weight,True,encoder_cnn,True,True,True,0.002760403323918581
1,enc2.block.1.bias,True,encoder_cnn,True,True,True,0.002098910976201296
1,enc2.block.3.weight,True,encoder_cnn,True,True,True,0.16223753988742828
1,enc2.block.4.weight,True,encoder_cnn,True,True,True,0.0024002601858228445
1,enc2.block.4.bias,True,encoder_cnn,True,True,True,0.0018325896235182881
1,enc3.block.0.weight,True,encoder_cnn,True,True,True,0.024521350860595703
1,enc3.block.1.weight,True,encoder_cnn,True,True,True,0.0003589363186620176
1,enc3.block.1.bias,True,encoder_cnn,True,True,True,0.00027083500754088163
1,enc3.block.3.weight,True,encoder_cnn,True,True,True,0.03143623471260071
1,enc3.block.4.weight,True,encoder_cnn,True,True,True,0.0003247728745918721
1,enc3.block.4.bias,True,encoder_cnn,True,True,True,0.000230659861699678
1,enc4.block.0.weight,True,encoder_cnn,True,True,True,0.008283594623208046
1,enc4.block.1.weight,True,encoder_cnn,True,True,True,8.216386049753055e-05
1,enc4.block.1.bias,True,encoder_cnn,True,True,True,7.061137148411945e-05
1,enc4.block.3.weight,True,encoder_cnn,True,True,True,0.009972011670470238
1,enc4.block.4.weight,True,encoder_cnn,True,True,True,7.504424138460308e-05
1,enc4.block.4.bias,True,encoder_cnn,True,True,True,6.13105803495273e-05
1,fusion_e3.conv.0.weight,True,adapter_fusion,True,True,True,0.016581058502197266
1,fusion_e3.conv.0.bias,True,adapter_fusion,True,True,True,6.675976993442134e-10
1,fusion_e3.conv.1.weight,True,adapter_fusion,True,True,True,0.0004666102468036115
1,fusion_e3.conv.1.bias,True,adapter_fusion,True,True,True,0.0003365243610460311
1,fusion_e4.conv.0.weight,True,adapter_fusion,True,True,True,0.0060027181170880795
1,fusion_e4.conv.0.bias,True,adapter_fusion,True,True,True,1.001053129279228e-10
1,fusion_e4.conv.1.weight,True,adapter_fusion,True,True,True,0.00010435244621476158
1,fusion_e4.conv.1.bias,True,adapter_fusion,True,True,True,8.918350795283914e-05
1,h16_unet_context.block.0.weight,True,other_trainable,True,True,True,0.0012962212786078453
1,h16_unet_context.block.1.weight,True,other_trainable,True,True,True,9.197466170007829e-06
1,h16_unet_context.block.1.bias,True,other_trainable,True,True,True,8.075477126112673e-06
1,h16_unet_context.block.3.weight,True,other_trainable,True,True,True,0.0015376483788713813
1,h16_unet_context.block.4.weight,True,other_trainable,True,True,True,7.696394277445506e-06
1,h16_unet_context.block.4.bias,True,other_trainable,True,True,True,6.691697763017146e-06
1,h16_fx_context.conv.0.weight,True,adapter_fusion,True,True,True,0.004789545200765133
1,h16_fx_context.conv.0.bias,True,adapter_fusion,True,True,True,5.6485883678791815e-12
1,h16_fx_context.conv.1.weight,True,adapter_fusion,True,True,True,5.471067925100215e-05
1,h16_fx_context.conv.1.bias,True,adapter_fusion,True,True,True,4.653192445402965e-05
1,h32_context_head.block.0.weight,True,adapter_fusion,True,True,True,0.004316199105232954
1,h32_context_head.block.1.weight,True,adapter_fusion,True,True,True,1.9801826056209393e-05
1,h32_context_head.block.1.bias,True,adapter_fusion,True,True,True,1.770766539266333e-05
1,h32_context_head.block.3.weight,True,adapter_fusion,True,True,True,0.0033452818170189857
1,h32_context_head.block.4.weight,True,adapter_fusion,True,True,True,1.870665255410131e-05
1,h32_context_head.block.4.bias,True,adapter_fusion,True,True,True,1.7881289750221185e-05
1,h32_to_h16.weight,True,adapter_fusion,True,True,True,0.002126110717654228
1,h32_to_h16.bias,True,adapter_fusion,True,True,True,2.0153060177108273e-05
1,context_merge.block.0.weight,True,adapter_fusion,True,True,True,0.013715839013457298
1,context_merge.block.1.weight,True,adapter_fusion,True,True,True,5.035265348851681e-05
1,context_merge.block.1.bias,True,adapter_fusion,True,True,True,4.191099287709221e-05
1,context_merge.block.3.weight,True,adapter_fusion,True,True,True,0.008212476968765259
1,context_merge.block.4.weight,True,adapter_fusion,True,True,True,4.5773482270305976e-05
1,context_merge.block.4.bias,True,adapter_fusion,True,True,True,4.431584966368973e-05
1,up4.weight,True,decoder_head,True,True,True,0.0036388752050697803
1,up4.bias,True,decoder_head,True,True,True,3.360776827321388e-05
1,dec4.block.0.weight,True,decoder_head,True,True,True,0.01913321390748024
1,dec4.block.1.weight,True,decoder_head,True,True,True,0.0001024267912725918
1,dec4.block.1.bias,True,decoder_head,True,True,True,8.820518996799365e-05
1,dec4.block.3.weight,True,decoder_head,True,True,True,0.011723723262548447
1,dec4.block.4.weight,True,decoder_head,True,True,True,9.86860177363269e-05
1,dec4.block.4.bias,True,decoder_head,True,True,True,9.415235399501398e-05
1,up3.weight,True,decoder_head,True,True,True,0.005624312441796064
1,up3.bias,True,decoder_head,True,True,True,0.0001136775899794884
1,dec3.block.0.weight,True,decoder_head,True,True,True,0.05335443094372749
1,dec3.block.1.weight,True,decoder_head,True,True,True,0.00042371792369522154
1,dec3.block.1.bias,True,decoder_head,True,True,True,0.0003364074509590864
1,dec3.block.3.weight,True,decoder_head,True,True,True,0.03603162616491318
1,dec3.block.4.weight,True,decoder_head,True,True,True,0.0005142617737874389
1,dec3.block.4.bias,True,decoder_head,True,True,True,0.00046517926966771483
1,up2.weight,True,decoder_head,True,True,True,0.019744403660297394
1,up2.bias,True,decoder_head,True,True,True,0.0003751769836526364
1,dec2.block.0.weight,True,decoder_head,True,True,True,0.20535096526145935
1,dec2.block.1.weight,True,decoder_head,True,True,True,0.0021980146411806345
1,dec2.block.1.bias,True,decoder_head,True,True,True,0.0018448478076606989
1,dec2.block.3.weight,True,decoder_head,True,True,True,0.1393229365348816
1,dec2.block.4.weight,True,decoder_head,True,True,True,0.0027436050586402416
1,dec2.block.4.bias,True,decoder_head,True,True,True,0.0030268949922174215
1,up1.weight,True,decoder_head,True,True,True,0.07376071810722351
1,up1.bias,True,decoder_head,True,True,True,0.0008611736702732742
1,dec1.block.0.weight,True,decoder_head,True,True,True,0.9647103548049927
1,dec1.block.1.weight,True,decoder_head,True,True,True,0.012508601881563663
1,dec1.block.1.bias,True,decoder_head,True,True,True,0.01145795825868845
1,dec1.block.3.weight,True,decoder_head,True,True,True,0.584894061088562
1,dec1.block.4.weight,True,decoder_head,True,True,True,0.11229923367500305
1,dec1.block.4.bias,True,decoder_head,True,True,True,0.1553109586238861
1,final.weight,True,decoder_head,True,True,True,1.7241753339767456
1,final.bias,True,decoder_head,True,True,True,0.5954661965370178
2,foundation_x.backbone.patch_embed.proj.weight,False,foundation_backbone,False,False,False,0.0
2,foundation_x.backbone.patch_embed.proj.bias,False,foundation_backbone,False,False,False,0.0
2,foundation_x.backbone.patch_embed.norm.weight,False,foundation_backbone,False,False,False,0.0
2,foundation_x.backbone.patch_embed.norm.bias,False,foundation_backbone,False,False,False,0.0
2,foundation_x.backbone.layers_0.blocks.0.norm1.weight,False,foundation_backbone,False,False,False,0.0
2,foundation_x.backbone.layers_0.blocks.0.norm1.bias,False,foundation_backbone,False,False,False,0.0
2,foundation_x.backbone.layers_0.blocks.0.attn.relative_position_bias_table,False,foundation_backbone,False,False,False,0.0
2,foundation_x.backbone.layers_0.blocks.0.attn.qkv.weight,False,foundation_backbone,False,False,False,0.0
2,foundation_x.backbone.layers_0.blocks.0.attn.qkv.bias,False,foundation_backbone,False,False,False,0.0
2,foundation_x.backbone.layers_0.blocks.0.attn.proj.weight,False,foundation_backbone,False,False,False,0.0
2,foundation_x.backbone.layers_0.blocks.0.attn.proj.bias,False,foundation_backbone,False,False,False,0.0
2,foundation_x.backbone.layers_0.blocks.0.norm2.weight,False,foundation_backbone,False,False,False,0.0
2,foundation_x.backbone.layers_0.blocks.0.norm2.bias,False,foundation_backbone,False,False,False,0.0
2,foundation_x.backbone.layers_0.blocks.0.mlp.fc1.weight,False,foundation_backbone,False,False,False,0.0
2,foundation_x.backbone.layers_0.blocks.0.mlp.fc1.bias,False,foundation_backbone,False,False,False,0.0
2,foundation_x.backbone.layers_0.blocks.0.mlp.fc2.weight,False,foundation_backbone,False,False,False,0.0
2,foundation_x.backbone.layers_0.blocks.0.mlp.fc2.bias,False,foundation_backbone,False,False,False,0.0
2,foundation_x.backbone.layers_0.blocks.1.norm1.weight,False,foundation_backbone,False,False,False,0.0
2,foundation_x.backbone.layers_0.blocks.1.norm1.bias,False,foundation_backbone,False,False,False,0.0
2,foundation_x.backbone.layers_0.blocks.1.attn.relative_position_bias_table,False,foundation_backbone,False,False,False,0.0
2,foundation_x.backbone.layers_0.blocks.1.attn.qkv.weight,False,foundation_backbone,False,False,False,0.0
2,foundation_x.backbone.layers_0.blocks.1.attn.qkv.bias,False,foundation_backbone,False,False,False,0.0
2,foundation_x.backbone.layers_0.blocks.1.attn.proj.weight,False,foundation_backbone,False,False,False,0.0
2,foundation_x.backbone.layers_0.blocks.1.attn.proj.bias,False,foundation_backbone,False,False,False,0.0
2,foundation_x.backbone.layers_0.blocks.1.norm2.weight,False,foundation_backbone,False,False,False,0.0
2,foundation_x.backbone.layers_0.blocks.1.norm2.bias,False,foundation_backbone,False,False,False,0.0
2,foundation_x.backbone.layers_0.blocks.1.mlp.fc1.weight,False,foundation_backbone,False,False,False,0.0
2,foundation_x.backbone.layers_0.blocks.1.mlp.fc1.bias,False,foundation_backbone,False,False,False,0.0
2,foundation_x.backbone.layers_0.blocks.1.mlp.fc2.weight,False,foundation_backbone,False,False,False,0.0
2,foundation_x.backbone.layers_0.blocks.1.mlp.fc2.bias,False,foundation_backbone,False,False,False,0.0
2,foundation_x.backbone.layers_1.downsample.norm.weight,False,foundation_backbone,False,False,False,0.0
2,foundation_x.backbone.layers_1.downsample.norm.bias,False,foundation_backbone,False,False,False,0.0
2,foundation_x.backbone.layers_1.downsample.reduction.weight,False,foundation_backbone,False,False,False,0.0
2,foundation_x.backbone.layers_1.blocks.0.norm1.weight,False,foundation_backbone,False,False,False,0.0
2,foundation_x.backbone.layers_1.blocks.0.norm1.bias,False,foundation_backbone,False,False,False,0.0
2,foundation_x.backbone.layers_1.blocks.0.attn.relative_position_bias_table,False,foundation_backbone,False,False,False,0.0
2,foundation_x.backbone.layers_1.blocks.0.attn.qkv.weight,False,foundation_backbone,False,False,False,0.0
2,foundation_x.backbone.layers_1.blocks.0.attn.qkv.bias,False,foundation_backbone,False,False,False,0.0
2,foundation_x.backbone.layers_1.blocks.0.attn.proj.weight,False,foundation_backbone,False,False,False,0.0
2,foundation_x.backbone.layers_1.blocks.0.attn.proj.bias,False,foundation_backbone,False,False,False,0.0
2,foundation_x.backbone.layers_1.blocks.0.norm2.weight,False,foundation_backbone,False,False,False,0.0
2,foundation_x.backbone.layers_1.blocks.0.norm2.bias,False,foundation_backbone,False,False,False,0.0
2,foundation_x.backbone.layers_1.blocks.0.mlp.fc1.weight,False,foundation_backbone,False,False,False,0.0
2,foundation_x.backbone.layers_1.blocks.0.mlp.fc1.bias,False,foundation_backbone,False,False,False,0.0
2,foundation_x.backbone.layers_1.blocks.0.mlp.fc2.weight,False,foundation_backbone,False,False,False,0.0
2,foundation_x.backbone.layers_1.blocks.0.mlp.fc2.bias,False,foundation_backbone,False,False,False,0.0
2,foundation_x.backbone.layers_1.blocks.1.norm1.weight,False,foundation_backbone,False,False,False,0.0
2,foundation_x.backbone.layers_1.blocks.1.norm1.bias,False,foundation_backbone,False,False,False,0.0
2,foundation_x.backbone.layers_1.blocks.1.attn.relative_position_bias_table,False,foundation_backbone,False,False,False,0.0
2,foundation_x.backbone.layers_1.blocks.1.attn.qkv.weight,False,foundation_backbone,False,False,False,0.0
2,foundation_x.backbone.layers_1.blocks.1.attn.qkv.bias,False,foundation_backbone,False,False,False,0.0
2,foundation_x.backbone.layers_1.blocks.1.attn.proj.weight,False,foundation_backbone,False,False,False,0.0
2,foundation_x.backbone.layers_1.blocks.1.attn.proj.bias,False,foundation_backbone,False,False,False,0.0
2,foundation_x.backbone.layers_1.blocks.1.norm2.weight,False,foundation_backbone,False,False,False,0.0
2,foundation_x.backbone.layers_1.blocks.1.norm2.bias,False,foundation_backbone,False,False,False,0.0
2,foundation_x.backbone.layers_1.blocks.1.mlp.fc1.weight,False,foundation_backbone,False,False,False,0.0
2,foundation_x.backbone.layers_1.blocks.1.mlp.fc1.bias,False,foundation_backbone,False,False,False,0.0
2,foundation_x.backbone.layers_1.blocks.1.mlp.fc2.weight,False,foundation_backbone,False,False,False,0.0
2,foundation_x.backbone.layers_1.blocks.1.mlp.fc2.bias,False,foundation_backbone,False,False,False,0.0
2,foundation_x.backbone.layers_2.downsample.norm.weight,False,foundation_backbone,False,False,False,0.0
2,foundation_x.backbone.layers_2.downsample.norm.bias,False,foundation_backbone,False,False,False,0.0
2,foundation_x.backbone.layers_2.downsample.reduction.weight,False,foundation_backbone,False,False,False,0.0
2,foundation_x.backbone.layers_2.blocks.0.norm1.weight,False,foundation_backbone,False,False,False,0.0
2,foundation_x.backbone.layers_2.blocks.0.norm1.bias,False,foundation_backbone,False,False,False,0.0
2,foundation_x.backbone.layers_2.blocks.0.attn.relative_position_bias_table,False,foundation_backbone,False,False,False,0.0
2,foundation_x.backbone.layers_2.blocks.0.attn.qkv.weight,False,foundation_backbone,False,False,False,0.0
2,foundation_x.backbone.layers_2.blocks.0.attn.qkv.bias,False,foundation_backbone,False,False,False,0.0
2,foundation_x.backbone.layers_2.blocks.0.attn.proj.weight,False,foundation_backbone,False,False,False,0.0
2,foundation_x.backbone.layers_2.blocks.0.attn.proj.bias,False,foundation_backbone,False,False,False,0.0
2,foundation_x.backbone.layers_2.blocks.0.norm2.weight,False,foundation_backbone,False,False,False,0.0
2,foundation_x.backbone.layers_2.blocks.0.norm2.bias,False,foundation_backbone,False,False,False,0.0
2,foundation_x.backbone.layers_2.blocks.0.mlp.fc1.weight,False,foundation_backbone,False,False,False,0.0
2,foundation_x.backbone.layers_2.blocks.0.mlp.fc1.bias,False,foundation_backbone,False,False,False,0.0
2,foundation_x.backbone.layers_2.blocks.0.mlp.fc2.weight,False,foundation_backbone,False,False,False,0.0
2,foundation_x.backbone.layers_2.blocks.0.mlp.fc2.bias,False,foundation_backbone,False,False,False,0.0
2,foundation_x.backbone.layers_2.blocks.1.norm1.weight,False,foundation_backbone,False,False,False,0.0
2,foundation_x.backbone.layers_2.blocks.1.norm1.bias,False,foundation_backbone,False,False,False,0.0
2,foundation_x.backbone.layers_2.blocks.1.attn.relative_position_bias_table,False,foundation_backbone,False,False,False,0.0
2,foundation_x.backbone.layers_2.blocks.1.attn.qkv.weight,False,foundation_backbone,False,False,False,0.0
2,foundation_x.backbone.layers_2.blocks.1.attn.qkv.bias,False,foundation_backbone,False,False,False,0.0
2,foundation_x.backbone.layers_2.blocks.1.attn.proj.weight,False,foundation_backbone,False,False,False,0.0
2,foundation_x.backbone.layers_2.blocks.1.attn.proj.bias,False,foundation_backbone,False,False,False,0.0
2,foundation_x.backbone.layers_2.blocks.1.norm2.weight,False,foundation_backbone,False,False,False,0.0
2,foundation_x.backbone.layers_2.blocks.1.norm2.bias,False,foundation_backbone,False,False,False,0.0
2,foundation_x.backbone.layers_2.blocks.1.mlp.fc1.weight,False,foundation_backbone,False,False,False,0.0
2,foundation_x.backbone.layers_2.blocks.1.mlp.fc1.bias,False,foundation_backbone,False,False,False,0.0
2,foundation_x.backbone.layers_2.blocks.1.mlp.fc2.weight,False,foundation_backbone,False,False,False,0.0
2,foundation_x.backbone.layers_2.blocks.1.mlp.fc2.bias,False,foundation_backbone,False,False,False,0.0
2,foundation_x.backbone.layers_2.blocks.2.norm1.weight,False,foundation_backbone,False,False,False,0.0
2,foundation_x.backbone.layers_2.blocks.2.norm1.bias,False,foundation_backbone,False,False,False,0.0
2,foundation_x.backbone.layers_2.blocks.2.attn.relative_position_bias_table,False,foundation_backbone,False,False,False,0.0
2,foundation_x.backbone.layers_2.blocks.2.attn.qkv.weight,False,foundation_backbone,False,False,False,0.0
2,foundation_x.backbone.layers_2.blocks.2.attn.qkv.bias,False,foundation_backbone,False,False,False,0.0
2,foundation_x.backbone.layers_2.blocks.2.attn.proj.weight,False,foundation_backbone,False,False,False,0.0
2,foundation_x.backbone.layers_2.blocks.2.attn.proj.bias,False,foundation_backbone,False,False,False,0.0
2,foundation_x.backbone.layers_2.blocks.2.norm2.weight,False,foundation_backbone,False,False,False,0.0
2,foundation_x.backbone.layers_2.blocks.2.norm2.bias,False,foundation_backbone,False,False,False,0.0
2,foundation_x.backbone.layers_2.blocks.2.mlp.fc1.weight,False,foundation_backbone,False,False,False,0.0
2,foundation_x.backbone.layers_2.blocks.2.mlp.fc1.bias,False,foundation_backbone,False,False,False,0.0
2,foundation_x.backbone.layers_2.blocks.2.mlp.fc2.weight,False,foundation_backbone,False,False,False,0.0
2,foundation_x.backbone.layers_2.blocks.2.mlp.fc2.bias,False,foundation_backbone,False,False,False,0.0
2,foundation_x.backbone.layers_2.blocks.3.norm1.weight,False,foundation_backbone,False,False,False,0.0
2,foundation_x.backbone.layers_2.blocks.3.norm1.bias,False,foundation_backbone,False,False,False,0.0
2,foundation_x.backbone.layers_2.blocks.3.attn.relative_position_bias_table,False,foundation_backbone,False,False,False,0.0
2,foundation_x.backbone.layers_2.blocks.3.attn.qkv.weight,False,foundation_backbone,False,False,False,0.0
2,foundation_x.backbone.layers_2.blocks.3.attn.qkv.bias,False,foundation_backbone,False,False,False,0.0
2,foundation_x.backbone.layers_2.blocks.3.attn.proj.weight,False,foundation_backbone,False,False,False,0.0
2,foundation_x.backbone.layers_2.blocks.3.attn.proj.bias,False,foundation_backbone,False,False,False,0.0
2,foundation_x.backbone.layers_2.blocks.3.norm2.weight,False,foundation_backbone,False,False,False,0.0
2,foundation_x.backbone.layers_2.blocks.3.norm2.bias,False,foundation_backbone,False,False,False,0.0
2,foundation_x.backbone.layers_2.blocks.3.mlp.fc1.weight,False,foundation_backbone,False,False,False,0.0
2,foundation_x.backbone.layers_2.blocks.3.mlp.fc1.bias,False,foundation_backbone,False,False,False,0.0
2,foundation_x.backbone.layers_2.blocks.3.mlp.fc2.weight,False,foundation_backbone,False,False,False,0.0
2,foundation_x.backbone.layers_2.blocks.3.mlp.fc2.bias,False,foundation_backbone,False,False,False,0.0
2,foundation_x.backbone.layers_2.blocks.4.norm1.weight,False,foundation_backbone,False,False,False,0.0
2,foundation_x.backbone.layers_2.blocks.4.norm1.bias,False,foundation_backbone,False,False,False,0.0
2,foundation_x.backbone.layers_2.blocks.4.attn.relative_position_bias_table,False,foundation_backbone,False,False,False,0.0
2,foundation_x.backbone.layers_2.blocks.4.attn.qkv.weight,False,foundation_backbone,False,False,False,0.0
2,foundation_x.backbone.layers_2.blocks.4.attn.qkv.bias,False,foundation_backbone,False,False,False,0.0
2,foundation_x.backbone.layers_2.blocks.4.attn.proj.weight,False,foundation_backbone,False,False,False,0.0
2,foundation_x.backbone.layers_2.blocks.4.attn.proj.bias,False,foundation_backbone,False,False,False,0.0
2,foundation_x.backbone.layers_2.blocks.4.norm2.weight,False,foundation_backbone,False,False,False,0.0
2,foundation_x.backbone.layers_2.blocks.4.norm2.bias,False,foundation_backbone,False,False,False,0.0
2,foundation_x.backbone.layers_2.blocks.4.mlp.fc1.weight,False,foundation_backbone,False,False,False,0.0
2,foundation_x.backbone.layers_2.blocks.4.mlp.fc1.bias,False,foundation_backbone,False,False,False,0.0
2,foundation_x.backbone.layers_2.blocks.4.mlp.fc2.weight,False,foundation_backbone,False,False,False,0.0
2,foundation_x.backbone.layers_2.blocks.4.mlp.fc2.bias,False,foundation_backbone,False,False,False,0.0
2,foundation_x.backbone.layers_2.blocks.5.norm1.weight,False,foundation_backbone,False,False,False,0.0
2,foundation_x.backbone.layers_2.blocks.5.norm1.bias,False,foundation_backbone,False,False,False,0.0
2,foundation_x.backbone.layers_2.blocks.5.attn.relative_position_bias_table,False,foundation_backbone,False,False,False,0.0
2,foundation_x.backbone.layers_2.blocks.5.attn.qkv.weight,False,foundation_backbone,False,False,False,0.0
2,foundation_x.backbone.layers_2.blocks.5.attn.qkv.bias,False,foundation_backbone,False,False,False,0.0
2,foundation_x.backbone.layers_2.blocks.5.attn.proj.weight,False,foundation_backbone,False,False,False,0.0
2,foundation_x.backbone.layers_2.blocks.5.attn.proj.bias,False,foundation_backbone,False,False,False,0.0
2,foundation_x.backbone.layers_2.blocks.5.norm2.weight,False,foundation_backbone,False,False,False,0.0
2,foundation_x.backbone.layers_2.blocks.5.norm2.bias,False,foundation_backbone,False,False,False,0.0
2,foundation_x.backbone.layers_2.blocks.5.mlp.fc1.weight,False,foundation_backbone,False,False,False,0.0
2,foundation_x.backbone.layers_2.blocks.5.mlp.fc1.bias,False,foundation_backbone,False,False,False,0.0
2,foundation_x.backbone.layers_2.blocks.5.mlp.fc2.weight,False,foundation_backbone,False,False,False,0.0
2,foundation_x.backbone.layers_2.blocks.5.mlp.fc2.bias,False,foundation_backbone,False,False,False,0.0
2,foundation_x.backbone.layers_2.blocks.6.norm1.weight,False,foundation_backbone,False,False,False,0.0
2,foundation_x.backbone.layers_2.blocks.6.norm1.bias,False,foundation_backbone,False,False,False,0.0
2,foundation_x.backbone.layers_2.blocks.6.attn.relative_position_bias_table,False,foundation_backbone,False,False,False,0.0
2,foundation_x.backbone.layers_2.blocks.6.attn.qkv.weight,False,foundation_backbone,False,False,False,0.0
2,foundation_x.backbone.layers_2.blocks.6.attn.qkv.bias,False,foundation_backbone,False,False,False,0.0
2,foundation_x.backbone.layers_2.blocks.6.attn.proj.weight,False,foundation_backbone,False,False,False,0.0
2,foundation_x.backbone.layers_2.blocks.6.attn.proj.bias,False,foundation_backbone,False,False,False,0.0
2,foundation_x.backbone.layers_2.blocks.6.norm2.weight,False,foundation_backbone,False,False,False,0.0
2,foundation_x.backbone.layers_2.blocks.6.norm2.bias,False,foundation_backbone,False,False,False,0.0
2,foundation_x.backbone.layers_2.blocks.6.mlp.fc1.weight,False,foundation_backbone,False,False,False,0.0
2,foundation_x.backbone.layers_2.blocks.6.mlp.fc1.bias,False,foundation_backbone,False,False,False,0.0
2,foundation_x.backbone.layers_2.blocks.6.mlp.fc2.weight,False,foundation_backbone,False,False,False,0.0
2,foundation_x.backbone.layers_2.blocks.6.mlp.fc2.bias,False,foundation_backbone,False,False,False,0.0
2,foundation_x.backbone.layers_2.blocks.7.norm1.weight,False,foundation_backbone,False,False,False,0.0
2,foundation_x.backbone.layers_2.blocks.7.norm1.bias,False,foundation_backbone,False,False,False,0.0
2,foundation_x.backbone.layers_2.blocks.7.attn.relative_position_bias_table,False,foundation_backbone,False,False,False,0.0
2,foundation_x.backbone.layers_2.blocks.7.attn.qkv.weight,False,foundation_backbone,False,False,False,0.0
2,foundation_x.backbone.layers_2.blocks.7.attn.qkv.bias,False,foundation_backbone,False,False,False,0.0
2,foundation_x.backbone.layers_2.blocks.7.attn.proj.weight,False,foundation_backbone,False,False,False,0.0
2,foundation_x.backbone.layers_2.blocks.7.attn.proj.bias,False,foundation_backbone,False,False,False,0.0
2,foundation_x.backbone.layers_2.blocks.7.norm2.weight,False,foundation_backbone,False,False,False,0.0
2,foundation_x.backbone.layers_2.blocks.7.norm2.bias,False,foundation_backbone,False,False,False,0.0
2,foundation_x.backbone.layers_2.blocks.7.mlp.fc1.weight,False,foundation_backbone,False,False,False,0.0
2,foundation_x.backbone.layers_2.blocks.7.mlp.fc1.bias,False,foundation_backbone,False,False,False,0.0
2,foundation_x.backbone.layers_2.blocks.7.mlp.fc2.weight,False,foundation_backbone,False,False,False,0.0
2,foundation_x.backbone.layers_2.blocks.7.mlp.fc2.bias,False,foundation_backbone,False,False,False,0.0
2,foundation_x.backbone.layers_2.blocks.8.norm1.weight,False,foundation_backbone,False,False,False,0.0
2,foundation_x.backbone.layers_2.blocks.8.norm1.bias,False,foundation_backbone,False,False,False,0.0
2,foundation_x.backbone.layers_2.blocks.8.attn.relative_position_bias_table,False,foundation_backbone,False,False,False,0.0
2,foundation_x.backbone.layers_2.blocks.8.attn.qkv.weight,False,foundation_backbone,False,False,False,0.0
2,foundation_x.backbone.layers_2.blocks.8.attn.qkv.bias,False,foundation_backbone,False,False,False,0.0
2,foundation_x.backbone.layers_2.blocks.8.attn.proj.weight,False,foundation_backbone,False,False,False,0.0
2,foundation_x.backbone.layers_2.blocks.8.attn.proj.bias,False,foundation_backbone,False,False,False,0.0
2,foundation_x.backbone.layers_2.blocks.8.norm2.weight,False,foundation_backbone,False,False,False,0.0
2,foundation_x.backbone.layers_2.blocks.8.norm2.bias,False,foundation_backbone,False,False,False,0.0
2,foundation_x.backbone.layers_2.blocks.8.mlp.fc1.weight,False,foundation_backbone,False,False,False,0.0
2,foundation_x.backbone.layers_2.blocks.8.mlp.fc1.bias,False,foundation_backbone,False,False,False,0.0
2,foundation_x.backbone.layers_2.blocks.8.mlp.fc2.weight,False,foundation_backbone,False,False,False,0.0
2,foundation_x.backbone.layers_2.blocks.8.mlp.fc2.bias,False,foundation_backbone,False,False,False,0.0
2,foundation_x.backbone.layers_2.blocks.9.norm1.weight,False,foundation_backbone,False,False,False,0.0
2,foundation_x.backbone.layers_2.blocks.9.norm1.bias,False,foundation_backbone,False,False,False,0.0
2,foundation_x.backbone.layers_2.blocks.9.attn.relative_position_bias_table,False,foundation_backbone,False,False,False,0.0
2,foundation_x.backbone.layers_2.blocks.9.attn.qkv.weight,False,foundation_backbone,False,False,False,0.0
2,foundation_x.backbone.layers_2.blocks.9.attn.qkv.bias,False,foundation_backbone,False,False,False,0.0
2,foundation_x.backbone.layers_2.blocks.9.attn.proj.weight,False,foundation_backbone,False,False,False,0.0
2,foundation_x.backbone.layers_2.blocks.9.attn.proj.bias,False,foundation_backbone,False,False,False,0.0
2,foundation_x.backbone.layers_2.blocks.9.norm2.weight,False,foundation_backbone,False,False,False,0.0
2,foundation_x.backbone.layers_2.blocks.9.norm2.bias,False,foundation_backbone,False,False,False,0.0
2,foundation_x.backbone.layers_2.blocks.9.mlp.fc1.weight,False,foundation_backbone,False,False,False,0.0
2,foundation_x.backbone.layers_2.blocks.9.mlp.fc1.bias,False,foundation_backbone,False,False,False,0.0
2,foundation_x.backbone.layers_2.blocks.9.mlp.fc2.weight,False,foundation_backbone,False,False,False,0.0
2,foundation_x.backbone.layers_2.blocks.9.mlp.fc2.bias,False,foundation_backbone,False,False,False,0.0
2,foundation_x.backbone.layers_2.blocks.10.norm1.weight,False,foundation_backbone,False,False,False,0.0
2,foundation_x.backbone.layers_2.blocks.10.norm1.bias,False,foundation_backbone,False,False,False,0.0
2,foundation_x.backbone.layers_2.blocks.10.attn.relative_position_bias_table,False,foundation_backbone,False,False,False,0.0
2,foundation_x.backbone.layers_2.blocks.10.attn.qkv.weight,False,foundation_backbone,False,False,False,0.0
2,foundation_x.backbone.layers_2.blocks.10.attn.qkv.bias,False,foundation_backbone,False,False,False,0.0
2,foundation_x.backbone.layers_2.blocks.10.attn.proj.weight,False,foundation_backbone,False,False,False,0.0
2,foundation_x.backbone.layers_2.blocks.10.attn.proj.bias,False,foundation_backbone,False,False,False,0.0
2,foundation_x.backbone.layers_2.blocks.10.norm2.weight,False,foundation_backbone,False,False,False,0.0
2,foundation_x.backbone.layers_2.blocks.10.norm2.bias,False,foundation_backbone,False,False,False,0.0
2,foundation_x.backbone.layers_2.blocks.10.mlp.fc1.weight,False,foundation_backbone,False,False,False,0.0
2,foundation_x.backbone.layers_2.blocks.10.mlp.fc1.bias,False,foundation_backbone,False,False,False,0.0
2,foundation_x.backbone.layers_2.blocks.10.mlp.fc2.weight,False,foundation_backbone,False,False,False,0.0
2,foundation_x.backbone.layers_2.blocks.10.mlp.fc2.bias,False,foundation_backbone,False,False,False,0.0
2,foundation_x.backbone.layers_2.blocks.11.norm1.weight,False,foundation_backbone,False,False,False,0.0
2,foundation_x.backbone.layers_2.blocks.11.norm1.bias,False,foundation_backbone,False,False,False,0.0
2,foundation_x.backbone.layers_2.blocks.11.attn.relative_position_bias_table,False,foundation_backbone,False,False,False,0.0
2,foundation_x.backbone.layers_2.blocks.11.attn.qkv.weight,False,foundation_backbone,False,False,False,0.0
2,foundation_x.backbone.layers_2.blocks.11.attn.qkv.bias,False,foundation_backbone,False,False,False,0.0
2,foundation_x.backbone.layers_2.blocks.11.attn.proj.weight,False,foundation_backbone,False,False,False,0.0
2,foundation_x.backbone.layers_2.blocks.11.attn.proj.bias,False,foundation_backbone,False,False,False,0.0
2,foundation_x.backbone.layers_2.blocks.11.norm2.weight,False,foundation_backbone,False,False,False,0.0
2,foundation_x.backbone.layers_2.blocks.11.norm2.bias,False,foundation_backbone,False,False,False,0.0
2,foundation_x.backbone.layers_2.blocks.11.mlp.fc1.weight,False,foundation_backbone,False,False,False,0.0
2,foundation_x.backbone.layers_2.blocks.11.mlp.fc1.bias,False,foundation_backbone,False,False,False,0.0
2,foundation_x.backbone.layers_2.blocks.11.mlp.fc2.weight,False,foundation_backbone,False,False,False,0.0
2,foundation_x.backbone.layers_2.blocks.11.mlp.fc2.bias,False,foundation_backbone,False,False,False,0.0
2,foundation_x.backbone.layers_2.blocks.12.norm1.weight,False,foundation_backbone,False,False,False,0.0
2,foundation_x.backbone.layers_2.blocks.12.norm1.bias,False,foundation_backbone,False,False,False,0.0
2,foundation_x.backbone.layers_2.blocks.12.attn.relative_position_bias_table,False,foundation_backbone,False,False,False,0.0
2,foundation_x.backbone.layers_2.blocks.12.attn.qkv.weight,False,foundation_backbone,False,False,False,0.0
2,foundation_x.backbone.layers_2.blocks.12.attn.qkv.bias,False,foundation_backbone,False,False,False,0.0
2,foundation_x.backbone.layers_2.blocks.12.attn.proj.weight,False,foundation_backbone,False,False,False,0.0
2,foundation_x.backbone.layers_2.blocks.12.attn.proj.bias,False,foundation_backbone,False,False,False,0.0
2,foundation_x.backbone.layers_2.blocks.12.norm2.weight,False,foundation_backbone,False,False,False,0.0
2,foundation_x.backbone.layers_2.blocks.12.norm2.bias,False,foundation_backbone,False,False,False,0.0
2,foundation_x.backbone.layers_2.blocks.12.mlp.fc1.weight,False,foundation_backbone,False,False,False,0.0
2,foundation_x.backbone.layers_2.blocks.12.mlp.fc1.bias,False,foundation_backbone,False,False,False,0.0
2,foundation_x.backbone.layers_2.blocks.12.mlp.fc2.weight,False,foundation_backbone,False,False,False,0.0
2,foundation_x.backbone.layers_2.blocks.12.mlp.fc2.bias,False,foundation_backbone,False,False,False,0.0
2,foundation_x.backbone.layers_2.blocks.13.norm1.weight,False,foundation_backbone,False,False,False,0.0
2,foundation_x.backbone.layers_2.blocks.13.norm1.bias,False,foundation_backbone,False,False,False,0.0
2,foundation_x.backbone.layers_2.blocks.13.attn.relative_position_bias_table,False,foundation_backbone,False,False,False,0.0
2,foundation_x.backbone.layers_2.blocks.13.attn.qkv.weight,False,foundation_backbone,False,False,False,0.0
2,foundation_x.backbone.layers_2.blocks.13.attn.qkv.bias,False,foundation_backbone,False,False,False,0.0
2,foundation_x.backbone.layers_2.blocks.13.attn.proj.weight,False,foundation_backbone,False,False,False,0.0
2,foundation_x.backbone.layers_2.blocks.13.attn.proj.bias,False,foundation_backbone,False,False,False,0.0
2,foundation_x.backbone.layers_2.blocks.13.norm2.weight,False,foundation_backbone,False,False,False,0.0
2,foundation_x.backbone.layers_2.blocks.13.norm2.bias,False,foundation_backbone,False,False,False,0.0
2,foundation_x.backbone.layers_2.blocks.13.mlp.fc1.weight,False,foundation_backbone,False,False,False,0.0
2,foundation_x.backbone.layers_2.blocks.13.mlp.fc1.bias,False,foundation_backbone,False,False,False,0.0
2,foundation_x.backbone.layers_2.blocks.13.mlp.fc2.weight,False,foundation_backbone,False,False,False,0.0
2,foundation_x.backbone.layers_2.blocks.13.mlp.fc2.bias,False,foundation_backbone,False,False,False,0.0
2,foundation_x.backbone.layers_2.blocks.14.norm1.weight,False,foundation_backbone,False,False,False,0.0
2,foundation_x.backbone.layers_2.blocks.14.norm1.bias,False,foundation_backbone,False,False,False,0.0
2,foundation_x.backbone.layers_2.blocks.14.attn.relative_position_bias_table,False,foundation_backbone,False,False,False,0.0
2,foundation_x.backbone.layers_2.blocks.14.attn.qkv.weight,False,foundation_backbone,False,False,False,0.0
2,foundation_x.backbone.layers_2.blocks.14.attn.qkv.bias,False,foundation_backbone,False,False,False,0.0
2,foundation_x.backbone.layers_2.blocks.14.attn.proj.weight,False,foundation_backbone,False,False,False,0.0
2,foundation_x.backbone.layers_2.blocks.14.attn.proj.bias,False,foundation_backbone,False,False,False,0.0
2,foundation_x.backbone.layers_2.blocks.14.norm2.weight,False,foundation_backbone,False,False,False,0.0
2,foundation_x.backbone.layers_2.blocks.14.norm2.bias,False,foundation_backbone,False,False,False,0.0
2,foundation_x.backbone.layers_2.blocks.14.mlp.fc1.weight,False,foundation_backbone,False,False,False,0.0
2,foundation_x.backbone.layers_2.blocks.14.mlp.fc1.bias,False,foundation_backbone,False,False,False,0.0
2,foundation_x.backbone.layers_2.blocks.14.mlp.fc2.weight,False,foundation_backbone,False,False,False,0.0
2,foundation_x.backbone.layers_2.blocks.14.mlp.fc2.bias,False,foundation_backbone,False,False,False,0.0
2,foundation_x.backbone.layers_2.blocks.15.norm1.weight,False,foundation_backbone,False,False,False,0.0
2,foundation_x.backbone.layers_2.blocks.15.norm1.bias,False,foundation_backbone,False,False,False,0.0
2,foundation_x.backbone.layers_2.blocks.15.attn.relative_position_bias_table,False,foundation_backbone,False,False,False,0.0
2,foundation_x.backbone.layers_2.blocks.15.attn.qkv.weight,False,foundation_backbone,False,False,False,0.0
2,foundation_x.backbone.layers_2.blocks.15.attn.qkv.bias,False,foundation_backbone,False,False,False,0.0
2,foundation_x.backbone.layers_2.blocks.15.attn.proj.weight,False,foundation_backbone,False,False,False,0.0
2,foundation_x.backbone.layers_2.blocks.15.attn.proj.bias,False,foundation_backbone,False,False,False,0.0
2,foundation_x.backbone.layers_2.blocks.15.norm2.weight,False,foundation_backbone,False,False,False,0.0
2,foundation_x.backbone.layers_2.blocks.15.norm2.bias,False,foundation_backbone,False,False,False,0.0
2,foundation_x.backbone.layers_2.blocks.15.mlp.fc1.weight,False,foundation_backbone,False,False,False,0.0
2,foundation_x.backbone.layers_2.blocks.15.mlp.fc1.bias,False,foundation_backbone,False,False,False,0.0
2,foundation_x.backbone.layers_2.blocks.15.mlp.fc2.weight,False,foundation_backbone,False,False,False,0.0
2,foundation_x.backbone.layers_2.blocks.15.mlp.fc2.bias,False,foundation_backbone,False,False,False,0.0
2,foundation_x.backbone.layers_2.blocks.16.norm1.weight,False,foundation_backbone,False,False,False,0.0
2,foundation_x.backbone.layers_2.blocks.16.norm1.bias,False,foundation_backbone,False,False,False,0.0
2,foundation_x.backbone.layers_2.blocks.16.attn.relative_position_bias_table,False,foundation_backbone,False,False,False,0.0
2,foundation_x.backbone.layers_2.blocks.16.attn.qkv.weight,False,foundation_backbone,False,False,False,0.0
2,foundation_x.backbone.layers_2.blocks.16.attn.qkv.bias,False,foundation_backbone,False,False,False,0.0
2,foundation_x.backbone.layers_2.blocks.16.attn.proj.weight,False,foundation_backbone,False,False,False,0.0
2,foundation_x.backbone.layers_2.blocks.16.attn.proj.bias,False,foundation_backbone,False,False,False,0.0
2,foundation_x.backbone.layers_2.blocks.16.norm2.weight,False,foundation_backbone,False,False,False,0.0
2,foundation_x.backbone.layers_2.blocks.16.norm2.bias,False,foundation_backbone,False,False,False,0.0
2,foundation_x.backbone.layers_2.blocks.16.mlp.fc1.weight,False,foundation_backbone,False,False,False,0.0
2,foundation_x.backbone.layers_2.blocks.16.mlp.fc1.bias,False,foundation_backbone,False,False,False,0.0
2,foundation_x.backbone.layers_2.blocks.16.mlp.fc2.weight,False,foundation_backbone,False,False,False,0.0
2,foundation_x.backbone.layers_2.blocks.16.mlp.fc2.bias,False,foundation_backbone,False,False,False,0.0
2,foundation_x.backbone.layers_2.blocks.17.norm1.weight,False,foundation_backbone,False,False,False,0.0
2,foundation_x.backbone.layers_2.blocks.17.norm1.bias,False,foundation_backbone,False,False,False,0.0
2,foundation_x.backbone.layers_2.blocks.17.attn.relative_position_bias_table,False,foundation_backbone,False,False,False,0.0
2,foundation_x.backbone.layers_2.blocks.17.attn.qkv.weight,False,foundation_backbone,False,False,False,0.0
2,foundation_x.backbone.layers_2.blocks.17.attn.qkv.bias,False,foundation_backbone,False,False,False,0.0
2,foundation_x.backbone.layers_2.blocks.17.attn.proj.weight,False,foundation_backbone,False,False,False,0.0
2,foundation_x.backbone.layers_2.blocks.17.attn.proj.bias,False,foundation_backbone,False,False,False,0.0
2,foundation_x.backbone.layers_2.blocks.17.norm2.weight,False,foundation_backbone,False,False,False,0.0
2,foundation_x.backbone.layers_2.blocks.17.norm2.bias,False,foundation_backbone,False,False,False,0.0
2,foundation_x.backbone.layers_2.blocks.17.mlp.fc1.weight,False,foundation_backbone,False,False,False,0.0
2,foundation_x.backbone.layers_2.blocks.17.mlp.fc1.bias,False,foundation_backbone,False,False,False,0.0
2,foundation_x.backbone.layers_2.blocks.17.mlp.fc2.weight,False,foundation_backbone,False,False,False,0.0
2,foundation_x.backbone.layers_2.blocks.17.mlp.fc2.bias,False,foundation_backbone,False,False,False,0.0
2,foundation_x.backbone.layers_3.downsample.norm.weight,False,foundation_backbone,False,False,False,0.0
2,foundation_x.backbone.layers_3.downsample.norm.bias,False,foundation_backbone,False,False,False,0.0
2,foundation_x.backbone.layers_3.downsample.reduction.weight,False,foundation_backbone,False,False,False,0.0
2,foundation_x.backbone.layers_3.blocks.0.norm1.weight,False,foundation_backbone,False,False,False,0.0
2,foundation_x.backbone.layers_3.blocks.0.norm1.bias,False,foundation_backbone,False,False,False,0.0
2,foundation_x.backbone.layers_3.blocks.0.attn.relative_position_bias_table,False,foundation_backbone,False,False,False,0.0
2,foundation_x.backbone.layers_3.blocks.0.attn.qkv.weight,False,foundation_backbone,False,False,False,0.0
2,foundation_x.backbone.layers_3.blocks.0.attn.qkv.bias,False,foundation_backbone,False,False,False,0.0
2,foundation_x.backbone.layers_3.blocks.0.attn.proj.weight,False,foundation_backbone,False,False,False,0.0
2,foundation_x.backbone.layers_3.blocks.0.attn.proj.bias,False,foundation_backbone,False,False,False,0.0
2,foundation_x.backbone.layers_3.blocks.0.norm2.weight,False,foundation_backbone,False,False,False,0.0
2,foundation_x.backbone.layers_3.blocks.0.norm2.bias,False,foundation_backbone,False,False,False,0.0
2,foundation_x.backbone.layers_3.blocks.0.mlp.fc1.weight,False,foundation_backbone,False,False,False,0.0
2,foundation_x.backbone.layers_3.blocks.0.mlp.fc1.bias,False,foundation_backbone,False,False,False,0.0
2,foundation_x.backbone.layers_3.blocks.0.mlp.fc2.weight,False,foundation_backbone,False,False,False,0.0
2,foundation_x.backbone.layers_3.blocks.0.mlp.fc2.bias,False,foundation_backbone,False,False,False,0.0
2,foundation_x.backbone.layers_3.blocks.1.norm1.weight,False,foundation_backbone,False,False,False,0.0
2,foundation_x.backbone.layers_3.blocks.1.norm1.bias,False,foundation_backbone,False,False,False,0.0
2,foundation_x.backbone.layers_3.blocks.1.attn.relative_position_bias_table,False,foundation_backbone,False,False,False,0.0
2,foundation_x.backbone.layers_3.blocks.1.attn.qkv.weight,False,foundation_backbone,False,False,False,0.0
2,foundation_x.backbone.layers_3.blocks.1.attn.qkv.bias,False,foundation_backbone,False,False,False,0.0
2,foundation_x.backbone.layers_3.blocks.1.attn.proj.weight,False,foundation_backbone,False,False,False,0.0
2,foundation_x.backbone.layers_3.blocks.1.attn.proj.bias,False,foundation_backbone,False,False,False,0.0
2,foundation_x.backbone.layers_3.blocks.1.norm2.weight,False,foundation_backbone,False,False,False,0.0
2,foundation_x.backbone.layers_3.blocks.1.norm2.bias,False,foundation_backbone,False,False,False,0.0
2,foundation_x.backbone.layers_3.blocks.1.mlp.fc1.weight,False,foundation_backbone,False,False,False,0.0
2,foundation_x.backbone.layers_3.blocks.1.mlp.fc1.bias,False,foundation_backbone,False,False,False,0.0
2,foundation_x.backbone.layers_3.blocks.1.mlp.fc2.weight,False,foundation_backbone,False,False,False,0.0
2,foundation_x.backbone.layers_3.blocks.1.mlp.fc2.bias,False,foundation_backbone,False,False,False,0.0
2,enc1.block.0.weight,True,encoder_cnn,True,True,True,0.1837739646434784
2,enc1.block.1.weight,True,encoder_cnn,True,True,True,0.015335256233811378
2,enc1.block.1.bias,True,encoder_cnn,True,True,True,0.014046751894056797
2,enc1.block.3.weight,True,encoder_cnn,True,True,True,0.6465379595756531
2,enc1.block.4.weight,True,encoder_cnn,True,True,True,0.013381282798945904
2,enc1.block.4.bias,True,encoder_cnn,True,True,True,0.013278194703161716
2,enc2.block.0.weight,True,encoder_cnn,True,True,True,0.12030033022165298
2,enc2.block.1.weight,True,encoder_cnn,True,True,True,0.0022777458652853966
2,enc2.block.1.bias,True,encoder_cnn,True,True,True,0.0021047317422926426
2,enc2.block.3.weight,True,encoder_cnn,True,True,True,0.14338217675685883
2,enc2.block.4.weight,True,encoder_cnn,True,True,True,0.0022459556348621845
2,enc2.block.4.bias,True,encoder_cnn,True,True,True,0.001846198458224535
2,enc3.block.0.weight,True,encoder_cnn,True,True,True,0.025863751769065857
2,enc3.block.1.weight,True,encoder_cnn,True,True,True,0.00039629373350180686
2,enc3.block.1.bias,True,encoder_cnn,True,True,True,0.00025432874099351466
2,enc3.block.3.weight,True,encoder_cnn,True,True,True,0.032026760280132294
2,enc3.block.4.weight,True,encoder_cnn,True,True,True,0.0003377430548425764
2,enc3.block.4.bias,True,encoder_cnn,True,True,True,0.00022857535805087537
2,enc4.block.0.weight,True,encoder_cnn,True,True,True,0.007822294719517231
2,enc4.block.1.weight,True,encoder_cnn,True,True,True,7.820969040039927e-05
2,enc4.block.1.bias,True,encoder_cnn,True,True,True,6.306820432655513e-05
2,enc4.block.3.weight,True,encoder_cnn,True,True,True,0.009552409872412682
2,enc4.block.4.weight,True,encoder_cnn,True,True,True,6.915299309184775e-05
2,enc4.block.4.bias,True,encoder_cnn,True,True,True,4.925738539895974e-05
2,fusion_e3.conv.0.weight,True,adapter_fusion,True,True,True,0.016023313626646996
2,fusion_e3.conv.0.bias,True,adapter_fusion,True,True,True,7.131839563356834e-10
2,fusion_e3.conv.1.weight,True,adapter_fusion,True,True,True,0.0004018354811705649
2,fusion_e3.conv.1.bias,True,adapter_fusion,True,True,True,0.00034456365392543375
2,fusion_e4.conv.0.weight,True,adapter_fusion,True,True,True,0.005285580176860094
2,fusion_e4.conv.0.bias,True,adapter_fusion,True,True,True,8.949844337857726e-11
2,fusion_e4.conv.1.weight,True,adapter_fusion,True,True,True,8.848808647599071e-05
2,fusion_e4.conv.1.bias,True,adapter_fusion,True,True,True,7.700667629251257e-05
2,h16_unet_context.block.0.weight,True,other_trainable,True,True,True,0.001085630850866437
2,h16_unet_context.block.1.weight,True,other_trainable,True,True,True,7.840357284294441e-06
2,h16_unet_context.block.1.bias,True,other_trainable,True,True,True,6.688090252282564e-06
2,h16_unet_context.block.3.weight,True,other_trainable,True,True,True,0.0012925725895911455
2,h16_unet_context.block.4.weight,True,other_trainable,True,True,True,6.5240205913141835e-06
2,h16_unet_context.block.4.bias,True,other_trainable,True,True,True,5.531533133762423e-06
2,h16_fx_context.conv.0.weight,True,adapter_fusion,True,True,True,0.004070554859936237
2,h16_fx_context.conv.0.bias,True,adapter_fusion,True,True,True,4.693316915660439e-12
2,h16_fx_context.conv.1.weight,True,adapter_fusion,True,True,True,4.511760926106945e-05
2,h16_fx_context.conv.1.bias,True,adapter_fusion,True,True,True,3.88949629268609e-05
2,h32_context_head.block.0.weight,True,adapter_fusion,True,True,True,0.003349232254549861
2,h32_context_head.block.1.weight,True,adapter_fusion,True,True,True,1.56590231199516e-05
2,h32_context_head.block.1.bias,True,adapter_fusion,True,True,True,1.4198527424014173e-05
2,h32_context_head.block.3.weight,True,adapter_fusion,True,True,True,0.0026741146575659513
2,h32_context_head.block.4.weight,True,adapter_fusion,True,True,True,1.538525066280272e-05
2,h32_context_head.block.4.bias,True,adapter_fusion,True,True,True,1.5075743249326479e-05
2,h32_to_h16.weight,True,adapter_fusion,True,True,True,0.0016909274272620678
2,h32_to_h16.bias,True,adapter_fusion,True,True,True,1.8769120288197882e-05
2,context_merge.block.0.weight,True,adapter_fusion,True,True,True,0.010997680015861988
2,context_merge.block.1.weight,True,adapter_fusion,True,True,True,4.1955197957577184e-05
2,context_merge.block.1.bias,True,adapter_fusion,True,True,True,3.55462652805727e-05
2,context_merge.block.3.weight,True,adapter_fusion,True,True,True,0.006663861684501171
2,context_merge.block.4.weight,True,adapter_fusion,True,True,True,3.802758874371648e-05
2,context_merge.block.4.bias,True,adapter_fusion,True,True,True,3.8524227420566604e-05
2,up4.weight,True,decoder_head,True,True,True,0.0030489361379295588
2,up4.bias,True,decoder_head,True,True,True,3.3980551961576566e-05
2,dec4.block.0.weight,True,decoder_head,True,True,True,0.016875380650162697
2,dec4.block.1.weight,True,decoder_head,True,True,True,8.942326530814171e-05
2,dec4.block.1.bias,True,decoder_head,True,True,True,7.386125798802823e-05
2,dec4.block.3.weight,True,decoder_head,True,True,True,0.010611078701913357
2,dec4.block.4.weight,True,decoder_head,True,True,True,9.260013757739216e-05
2,dec4.block.4.bias,True,decoder_head,True,True,True,8.648599759908393e-05
2,up3.weight,True,decoder_head,True,True,True,0.005173531360924244
2,up3.bias,True,decoder_head,True,True,True,0.00011639210424618796
2,dec3.block.0.weight,True,decoder_head,True,True,True,0.049173761159181595
2,dec3.block.1.weight,True,decoder_head,True,True,True,0.00039693102007731795
2,dec3.block.1.bias,True,decoder_head,True,True,True,0.00030771925230510533
2,dec3.block.3.weight,True,decoder_head,True,True,True,0.03225015476346016
2,dec3.block.4.weight,True,decoder_head,True,True,True,0.0004537078202702105
2,dec3.block.4.bias,True,decoder_head,True,True,True,0.00041373242856934667
2,up2.weight,True,decoder_head,True,True,True,0.01698060892522335
2,up2.bias,True,decoder_head,True,True,True,0.0003711215977091342
2,dec2.block.0.weight,True,decoder_head,True,True,True,0.184174582362175
2,dec2.block.1.weight,True,decoder_head,True,True,True,0.0019108508713543415
2,dec2.block.1.bias,True,decoder_head,True,True,True,0.0017124491278082132
2,dec2.block.3.weight,True,decoder_head,True,True,True,0.12610042095184326
2,dec2.block.4.weight,True,decoder_head,True,True,True,0.002666536020115018
2,dec2.block.4.bias,True,decoder_head,True,True,True,0.0032461821101605892
2,up1.weight,True,decoder_head,True,True,True,0.07321672886610031
2,up1.bias,True,decoder_head,True,True,True,0.0009679711074568331
2,dec1.block.0.weight,True,decoder_head,True,True,True,0.7121305465698242
2,dec1.block.1.weight,True,decoder_head,True,True,True,0.010326320305466652
2,dec1.block.1.bias,True,decoder_head,True,True,True,0.009583198465406895
2,dec1.block.3.weight,True,decoder_head,True,True,True,0.4874442219734192
2,dec1.block.4.weight,True,decoder_head,True,True,True,0.10744407773017883
2,dec1.block.4.bias,True,decoder_head,True,True,True,0.153946653008461
2,final.weight,True,decoder_head,True,True,True,1.6432114839553833
2,final.bias,True,decoder_head,True,True,True,0.5982127785682678
3,foundation_x.backbone.patch_embed.proj.weight,False,foundation_backbone,False,False,False,0.0
3,foundation_x.backbone.patch_embed.proj.bias,False,foundation_backbone,False,False,False,0.0
3,foundation_x.backbone.patch_embed.norm.weight,False,foundation_backbone,False,False,False,0.0
3,foundation_x.backbone.patch_embed.norm.bias,False,foundation_backbone,False,False,False,0.0
3,foundation_x.backbone.layers_0.blocks.0.norm1.weight,False,foundation_backbone,False,False,False,0.0
3,foundation_x.backbone.layers_0.blocks.0.norm1.bias,False,foundation_backbone,False,False,False,0.0
3,foundation_x.backbone.layers_0.blocks.0.attn.relative_position_bias_table,False,foundation_backbone,False,False,False,0.0
3,foundation_x.backbone.layers_0.blocks.0.attn.qkv.weight,False,foundation_backbone,False,False,False,0.0
3,foundation_x.backbone.layers_0.blocks.0.attn.qkv.bias,False,foundation_backbone,False,False,False,0.0
3,foundation_x.backbone.layers_0.blocks.0.attn.proj.weight,False,foundation_backbone,False,False,False,0.0
3,foundation_x.backbone.layers_0.blocks.0.attn.proj.bias,False,foundation_backbone,False,False,False,0.0
3,foundation_x.backbone.layers_0.blocks.0.norm2.weight,False,foundation_backbone,False,False,False,0.0
3,foundation_x.backbone.layers_0.blocks.0.norm2.bias,False,foundation_backbone,False,False,False,0.0
3,foundation_x.backbone.layers_0.blocks.0.mlp.fc1.weight,False,foundation_backbone,False,False,False,0.0
3,foundation_x.backbone.layers_0.blocks.0.mlp.fc1.bias,False,foundation_backbone,False,False,False,0.0
3,foundation_x.backbone.layers_0.blocks.0.mlp.fc2.weight,False,foundation_backbone,False,False,False,0.0
3,foundation_x.backbone.layers_0.blocks.0.mlp.fc2.bias,False,foundation_backbone,False,False,False,0.0
3,foundation_x.backbone.layers_0.blocks.1.norm1.weight,False,foundation_backbone,False,False,False,0.0
3,foundation_x.backbone.layers_0.blocks.1.norm1.bias,False,foundation_backbone,False,False,False,0.0
3,foundation_x.backbone.layers_0.blocks.1.attn.relative_position_bias_table,False,foundation_backbone,False,False,False,0.0
3,foundation_x.backbone.layers_0.blocks.1.attn.qkv.weight,False,foundation_backbone,False,False,False,0.0
3,foundation_x.backbone.layers_0.blocks.1.attn.qkv.bias,False,foundation_backbone,False,False,False,0.0
3,foundation_x.backbone.layers_0.blocks.1.attn.proj.weight,False,foundation_backbone,False,False,False,0.0
3,foundation_x.backbone.layers_0.blocks.1.attn.proj.bias,False,foundation_backbone,False,False,False,0.0
3,foundation_x.backbone.layers_0.blocks.1.norm2.weight,False,foundation_backbone,False,False,False,0.0
3,foundation_x.backbone.layers_0.blocks.1.norm2.bias,False,foundation_backbone,False,False,False,0.0
3,foundation_x.backbone.layers_0.blocks.1.mlp.fc1.weight,False,foundation_backbone,False,False,False,0.0
3,foundation_x.backbone.layers_0.blocks.1.mlp.fc1.bias,False,foundation_backbone,False,False,False,0.0
3,foundation_x.backbone.layers_0.blocks.1.mlp.fc2.weight,False,foundation_backbone,False,False,False,0.0
3,foundation_x.backbone.layers_0.blocks.1.mlp.fc2.bias,False,foundation_backbone,False,False,False,0.0
3,foundation_x.backbone.layers_1.downsample.norm.weight,False,foundation_backbone,False,False,False,0.0
3,foundation_x.backbone.layers_1.downsample.norm.bias,False,foundation_backbone,False,False,False,0.0
3,foundation_x.backbone.layers_1.downsample.reduction.weight,False,foundation_backbone,False,False,False,0.0
3,foundation_x.backbone.layers_1.blocks.0.norm1.weight,False,foundation_backbone,False,False,False,0.0
3,foundation_x.backbone.layers_1.blocks.0.norm1.bias,False,foundation_backbone,False,False,False,0.0
3,foundation_x.backbone.layers_1.blocks.0.attn.relative_position_bias_table,False,foundation_backbone,False,False,False,0.0
3,foundation_x.backbone.layers_1.blocks.0.attn.qkv.weight,False,foundation_backbone,False,False,False,0.0
3,foundation_x.backbone.layers_1.blocks.0.attn.qkv.bias,False,foundation_backbone,False,False,False,0.0
3,foundation_x.backbone.layers_1.blocks.0.attn.proj.weight,False,foundation_backbone,False,False,False,0.0
3,foundation_x.backbone.layers_1.blocks.0.attn.proj.bias,False,foundation_backbone,False,False,False,0.0
3,foundation_x.backbone.layers_1.blocks.0.norm2.weight,False,foundation_backbone,False,False,False,0.0
3,foundation_x.backbone.layers_1.blocks.0.norm2.bias,False,foundation_backbone,False,False,False,0.0
3,foundation_x.backbone.layers_1.blocks.0.mlp.fc1.weight,False,foundation_backbone,False,False,False,0.0
3,foundation_x.backbone.layers_1.blocks.0.mlp.fc1.bias,False,foundation_backbone,False,False,False,0.0
3,foundation_x.backbone.layers_1.blocks.0.mlp.fc2.weight,False,foundation_backbone,False,False,False,0.0
3,foundation_x.backbone.layers_1.blocks.0.mlp.fc2.bias,False,foundation_backbone,False,False,False,0.0
3,foundation_x.backbone.layers_1.blocks.1.norm1.weight,False,foundation_backbone,False,False,False,0.0
3,foundation_x.backbone.layers_1.blocks.1.norm1.bias,False,foundation_backbone,False,False,False,0.0
3,foundation_x.backbone.layers_1.blocks.1.attn.relative_position_bias_table,False,foundation_backbone,False,False,False,0.0
3,foundation_x.backbone.layers_1.blocks.1.attn.qkv.weight,False,foundation_backbone,False,False,False,0.0
3,foundation_x.backbone.layers_1.blocks.1.attn.qkv.bias,False,foundation_backbone,False,False,False,0.0
3,foundation_x.backbone.layers_1.blocks.1.attn.proj.weight,False,foundation_backbone,False,False,False,0.0
3,foundation_x.backbone.layers_1.blocks.1.attn.proj.bias,False,foundation_backbone,False,False,False,0.0
3,foundation_x.backbone.layers_1.blocks.1.norm2.weight,False,foundation_backbone,False,False,False,0.0
3,foundation_x.backbone.layers_1.blocks.1.norm2.bias,False,foundation_backbone,False,False,False,0.0
3,foundation_x.backbone.layers_1.blocks.1.mlp.fc1.weight,False,foundation_backbone,False,False,False,0.0
3,foundation_x.backbone.layers_1.blocks.1.mlp.fc1.bias,False,foundation_backbone,False,False,False,0.0
3,foundation_x.backbone.layers_1.blocks.1.mlp.fc2.weight,False,foundation_backbone,False,False,False,0.0
3,foundation_x.backbone.layers_1.blocks.1.mlp.fc2.bias,False,foundation_backbone,False,False,False,0.0
3,foundation_x.backbone.layers_2.downsample.norm.weight,False,foundation_backbone,False,False,False,0.0
3,foundation_x.backbone.layers_2.downsample.norm.bias,False,foundation_backbone,False,False,False,0.0
3,foundation_x.backbone.layers_2.downsample.reduction.weight,False,foundation_backbone,False,False,False,0.0
3,foundation_x.backbone.layers_2.blocks.0.norm1.weight,False,foundation_backbone,False,False,False,0.0
3,foundation_x.backbone.layers_2.blocks.0.norm1.bias,False,foundation_backbone,False,False,False,0.0
3,foundation_x.backbone.layers_2.blocks.0.attn.relative_position_bias_table,False,foundation_backbone,False,False,False,0.0
3,foundation_x.backbone.layers_2.blocks.0.attn.qkv.weight,False,foundation_backbone,False,False,False,0.0
3,foundation_x.backbone.layers_2.blocks.0.attn.qkv.bias,False,foundation_backbone,False,False,False,0.0
3,foundation_x.backbone.layers_2.blocks.0.attn.proj.weight,False,foundation_backbone,False,False,False,0.0
3,foundation_x.backbone.layers_2.blocks.0.attn.proj.bias,False,foundation_backbone,False,False,False,0.0
3,foundation_x.backbone.layers_2.blocks.0.norm2.weight,False,foundation_backbone,False,False,False,0.0
3,foundation_x.backbone.layers_2.blocks.0.norm2.bias,False,foundation_backbone,False,False,False,0.0
3,foundation_x.backbone.layers_2.blocks.0.mlp.fc1.weight,False,foundation_backbone,False,False,False,0.0
3,foundation_x.backbone.layers_2.blocks.0.mlp.fc1.bias,False,foundation_backbone,False,False,False,0.0
3,foundation_x.backbone.layers_2.blocks.0.mlp.fc2.weight,False,foundation_backbone,False,False,False,0.0
3,foundation_x.backbone.layers_2.blocks.0.mlp.fc2.bias,False,foundation_backbone,False,False,False,0.0
3,foundation_x.backbone.layers_2.blocks.1.norm1.weight,False,foundation_backbone,False,False,False,0.0
3,foundation_x.backbone.layers_2.blocks.1.norm1.bias,False,foundation_backbone,False,False,False,0.0
3,foundation_x.backbone.layers_2.blocks.1.attn.relative_position_bias_table,False,foundation_backbone,False,False,False,0.0
3,foundation_x.backbone.layers_2.blocks.1.attn.qkv.weight,False,foundation_backbone,False,False,False,0.0
3,foundation_x.backbone.layers_2.blocks.1.attn.qkv.bias,False,foundation_backbone,False,False,False,0.0
3,foundation_x.backbone.layers_2.blocks.1.attn.proj.weight,False,foundation_backbone,False,False,False,0.0
3,foundation_x.backbone.layers_2.blocks.1.attn.proj.bias,False,foundation_backbone,False,False,False,0.0
3,foundation_x.backbone.layers_2.blocks.1.norm2.weight,False,foundation_backbone,False,False,False,0.0
3,foundation_x.backbone.layers_2.blocks.1.norm2.bias,False,foundation_backbone,False,False,False,0.0
3,foundation_x.backbone.layers_2.blocks.1.mlp.fc1.weight,False,foundation_backbone,False,False,False,0.0
3,foundation_x.backbone.layers_2.blocks.1.mlp.fc1.bias,False,foundation_backbone,False,False,False,0.0
3,foundation_x.backbone.layers_2.blocks.1.mlp.fc2.weight,False,foundation_backbone,False,False,False,0.0
3,foundation_x.backbone.layers_2.blocks.1.mlp.fc2.bias,False,foundation_backbone,False,False,False,0.0
3,foundation_x.backbone.layers_2.blocks.2.norm1.weight,False,foundation_backbone,False,False,False,0.0
3,foundation_x.backbone.layers_2.blocks.2.norm1.bias,False,foundation_backbone,False,False,False,0.0
3,foundation_x.backbone.layers_2.blocks.2.attn.relative_position_bias_table,False,foundation_backbone,False,False,False,0.0
3,foundation_x.backbone.layers_2.blocks.2.attn.qkv.weight,False,foundation_backbone,False,False,False,0.0
3,foundation_x.backbone.layers_2.blocks.2.attn.qkv.bias,False,foundation_backbone,False,False,False,0.0
3,foundation_x.backbone.layers_2.blocks.2.attn.proj.weight,False,foundation_backbone,False,False,False,0.0
3,foundation_x.backbone.layers_2.blocks.2.attn.proj.bias,False,foundation_backbone,False,False,False,0.0
3,foundation_x.backbone.layers_2.blocks.2.norm2.weight,False,foundation_backbone,False,False,False,0.0
3,foundation_x.backbone.layers_2.blocks.2.norm2.bias,False,foundation_backbone,False,False,False,0.0
3,foundation_x.backbone.layers_2.blocks.2.mlp.fc1.weight,False,foundation_backbone,False,False,False,0.0
3,foundation_x.backbone.layers_2.blocks.2.mlp.fc1.bias,False,foundation_backbone,False,False,False,0.0
3,foundation_x.backbone.layers_2.blocks.2.mlp.fc2.weight,False,foundation_backbone,False,False,False,0.0
3,foundation_x.backbone.layers_2.blocks.2.mlp.fc2.bias,False,foundation_backbone,False,False,False,0.0
3,foundation_x.backbone.layers_2.blocks.3.norm1.weight,False,foundation_backbone,False,False,False,0.0
3,foundation_x.backbone.layers_2.blocks.3.norm1.bias,False,foundation_backbone,False,False,False,0.0
3,foundation_x.backbone.layers_2.blocks.3.attn.relative_position_bias_table,False,foundation_backbone,False,False,False,0.0
3,foundation_x.backbone.layers_2.blocks.3.attn.qkv.weight,False,foundation_backbone,False,False,False,0.0
3,foundation_x.backbone.layers_2.blocks.3.attn.qkv.bias,False,foundation_backbone,False,False,False,0.0
3,foundation_x.backbone.layers_2.blocks.3.attn.proj.weight,False,foundation_backbone,False,False,False,0.0
3,foundation_x.backbone.layers_2.blocks.3.attn.proj.bias,False,foundation_backbone,False,False,False,0.0
3,foundation_x.backbone.layers_2.blocks.3.norm2.weight,False,foundation_backbone,False,False,False,0.0
3,foundation_x.backbone.layers_2.blocks.3.norm2.bias,False,foundation_backbone,False,False,False,0.0
3,foundation_x.backbone.layers_2.blocks.3.mlp.fc1.weight,False,foundation_backbone,False,False,False,0.0
3,foundation_x.backbone.layers_2.blocks.3.mlp.fc1.bias,False,foundation_backbone,False,False,False,0.0
3,foundation_x.backbone.layers_2.blocks.3.mlp.fc2.weight,False,foundation_backbone,False,False,False,0.0
3,foundation_x.backbone.layers_2.blocks.3.mlp.fc2.bias,False,foundation_backbone,False,False,False,0.0
3,foundation_x.backbone.layers_2.blocks.4.norm1.weight,False,foundation_backbone,False,False,False,0.0
3,foundation_x.backbone.layers_2.blocks.4.norm1.bias,False,foundation_backbone,False,False,False,0.0
3,foundation_x.backbone.layers_2.blocks.4.attn.relative_position_bias_table,False,foundation_backbone,False,False,False,0.0
3,foundation_x.backbone.layers_2.blocks.4.attn.qkv.weight,False,foundation_backbone,False,False,False,0.0
3,foundation_x.backbone.layers_2.blocks.4.attn.qkv.bias,False,foundation_backbone,False,False,False,0.0
3,foundation_x.backbone.layers_2.blocks.4.attn.proj.weight,False,foundation_backbone,False,False,False,0.0
3,foundation_x.backbone.layers_2.blocks.4.attn.proj.bias,False,foundation_backbone,False,False,False,0.0
3,foundation_x.backbone.layers_2.blocks.4.norm2.weight,False,foundation_backbone,False,False,False,0.0
3,foundation_x.backbone.layers_2.blocks.4.norm2.bias,False,foundation_backbone,False,False,False,0.0
3,foundation_x.backbone.layers_2.blocks.4.mlp.fc1.weight,False,foundation_backbone,False,False,False,0.0
3,foundation_x.backbone.layers_2.blocks.4.mlp.fc1.bias,False,foundation_backbone,False,False,False,0.0
3,foundation_x.backbone.layers_2.blocks.4.mlp.fc2.weight,False,foundation_backbone,False,False,False,0.0
3,foundation_x.backbone.layers_2.blocks.4.mlp.fc2.bias,False,foundation_backbone,False,False,False,0.0
3,foundation_x.backbone.layers_2.blocks.5.norm1.weight,False,foundation_backbone,False,False,False,0.0
3,foundation_x.backbone.layers_2.blocks.5.norm1.bias,False,foundation_backbone,False,False,False,0.0
3,foundation_x.backbone.layers_2.blocks.5.attn.relative_position_bias_table,False,foundation_backbone,False,False,False,0.0
3,foundation_x.backbone.layers_2.blocks.5.attn.qkv.weight,False,foundation_backbone,False,False,False,0.0
3,foundation_x.backbone.layers_2.blocks.5.attn.qkv.bias,False,foundation_backbone,False,False,False,0.0
3,foundation_x.backbone.layers_2.blocks.5.attn.proj.weight,False,foundation_backbone,False,False,False,0.0
3,foundation_x.backbone.layers_2.blocks.5.attn.proj.bias,False,foundation_backbone,False,False,False,0.0
3,foundation_x.backbone.layers_2.blocks.5.norm2.weight,False,foundation_backbone,False,False,False,0.0
3,foundation_x.backbone.layers_2.blocks.5.norm2.bias,False,foundation_backbone,False,False,False,0.0
3,foundation_x.backbone.layers_2.blocks.5.mlp.fc1.weight,False,foundation_backbone,False,False,False,0.0
3,foundation_x.backbone.layers_2.blocks.5.mlp.fc1.bias,False,foundation_backbone,False,False,False,0.0
3,foundation_x.backbone.layers_2.blocks.5.mlp.fc2.weight,False,foundation_backbone,False,False,False,0.0
3,foundation_x.backbone.layers_2.blocks.5.mlp.fc2.bias,False,foundation_backbone,False,False,False,0.0
3,foundation_x.backbone.layers_2.blocks.6.norm1.weight,False,foundation_backbone,False,False,False,0.0
3,foundation_x.backbone.layers_2.blocks.6.norm1.bias,False,foundation_backbone,False,False,False,0.0
3,foundation_x.backbone.layers_2.blocks.6.attn.relative_position_bias_table,False,foundation_backbone,False,False,False,0.0
3,foundation_x.backbone.layers_2.blocks.6.attn.qkv.weight,False,foundation_backbone,False,False,False,0.0
3,foundation_x.backbone.layers_2.blocks.6.attn.qkv.bias,False,foundation_backbone,False,False,False,0.0
3,foundation_x.backbone.layers_2.blocks.6.attn.proj.weight,False,foundation_backbone,False,False,False,0.0
3,foundation_x.backbone.layers_2.blocks.6.attn.proj.bias,False,foundation_backbone,False,False,False,0.0
3,foundation_x.backbone.layers_2.blocks.6.norm2.weight,False,foundation_backbone,False,False,False,0.0
3,foundation_x.backbone.layers_2.blocks.6.norm2.bias,False,foundation_backbone,False,False,False,0.0
3,foundation_x.backbone.layers_2.blocks.6.mlp.fc1.weight,False,foundation_backbone,False,False,False,0.0
3,foundation_x.backbone.layers_2.blocks.6.mlp.fc1.bias,False,foundation_backbone,False,False,False,0.0
3,foundation_x.backbone.layers_2.blocks.6.mlp.fc2.weight,False,foundation_backbone,False,False,False,0.0
3,foundation_x.backbone.layers_2.blocks.6.mlp.fc2.bias,False,foundation_backbone,False,False,False,0.0
3,foundation_x.backbone.layers_2.blocks.7.norm1.weight,False,foundation_backbone,False,False,False,0.0
3,foundation_x.backbone.layers_2.blocks.7.norm1.bias,False,foundation_backbone,False,False,False,0.0
3,foundation_x.backbone.layers_2.blocks.7.attn.relative_position_bias_table,False,foundation_backbone,False,False,False,0.0
3,foundation_x.backbone.layers_2.blocks.7.attn.qkv.weight,False,foundation_backbone,False,False,False,0.0
3,foundation_x.backbone.layers_2.blocks.7.attn.qkv.bias,False,foundation_backbone,False,False,False,0.0
3,foundation_x.backbone.layers_2.blocks.7.attn.proj.weight,False,foundation_backbone,False,False,False,0.0
3,foundation_x.backbone.layers_2.blocks.7.attn.proj.bias,False,foundation_backbone,False,False,False,0.0
3,foundation_x.backbone.layers_2.blocks.7.norm2.weight,False,foundation_backbone,False,False,False,0.0
3,foundation_x.backbone.layers_2.blocks.7.norm2.bias,False,foundation_backbone,False,False,False,0.0
3,foundation_x.backbone.layers_2.blocks.7.mlp.fc1.weight,False,foundation_backbone,False,False,False,0.0
3,foundation_x.backbone.layers_2.blocks.7.mlp.fc1.bias,False,foundation_backbone,False,False,False,0.0
3,foundation_x.backbone.layers_2.blocks.7.mlp.fc2.weight,False,foundation_backbone,False,False,False,0.0
3,foundation_x.backbone.layers_2.blocks.7.mlp.fc2.bias,False,foundation_backbone,False,False,False,0.0
3,foundation_x.backbone.layers_2.blocks.8.norm1.weight,False,foundation_backbone,False,False,False,0.0
3,foundation_x.backbone.layers_2.blocks.8.norm1.bias,False,foundation_backbone,False,False,False,0.0
3,foundation_x.backbone.layers_2.blocks.8.attn.relative_position_bias_table,False,foundation_backbone,False,False,False,0.0
3,foundation_x.backbone.layers_2.blocks.8.attn.qkv.weight,False,foundation_backbone,False,False,False,0.0
3,foundation_x.backbone.layers_2.blocks.8.attn.qkv.bias,False,foundation_backbone,False,False,False,0.0
3,foundation_x.backbone.layers_2.blocks.8.attn.proj.weight,False,foundation_backbone,False,False,False,0.0
3,foundation_x.backbone.layers_2.blocks.8.attn.proj.bias,False,foundation_backbone,False,False,False,0.0
3,foundation_x.backbone.layers_2.blocks.8.norm2.weight,False,foundation_backbone,False,False,False,0.0
3,foundation_x.backbone.layers_2.blocks.8.norm2.bias,False,foundation_backbone,False,False,False,0.0
3,foundation_x.backbone.layers_2.blocks.8.mlp.fc1.weight,False,foundation_backbone,False,False,False,0.0
3,foundation_x.backbone.layers_2.blocks.8.mlp.fc1.bias,False,foundation_backbone,False,False,False,0.0
3,foundation_x.backbone.layers_2.blocks.8.mlp.fc2.weight,False,foundation_backbone,False,False,False,0.0
3,foundation_x.backbone.layers_2.blocks.8.mlp.fc2.bias,False,foundation_backbone,False,False,False,0.0
3,foundation_x.backbone.layers_2.blocks.9.norm1.weight,False,foundation_backbone,False,False,False,0.0
3,foundation_x.backbone.layers_2.blocks.9.norm1.bias,False,foundation_backbone,False,False,False,0.0
3,foundation_x.backbone.layers_2.blocks.9.attn.relative_position_bias_table,False,foundation_backbone,False,False,False,0.0
3,foundation_x.backbone.layers_2.blocks.9.attn.qkv.weight,False,foundation_backbone,False,False,False,0.0
3,foundation_x.backbone.layers_2.blocks.9.attn.qkv.bias,False,foundation_backbone,False,False,False,0.0
3,foundation_x.backbone.layers_2.blocks.9.attn.proj.weight,False,foundation_backbone,False,False,False,0.0
3,foundation_x.backbone.layers_2.blocks.9.attn.proj.bias,False,foundation_backbone,False,False,False,0.0
3,foundation_x.backbone.layers_2.blocks.9.norm2.weight,False,foundation_backbone,False,False,False,0.0
3,foundation_x.backbone.layers_2.blocks.9.norm2.bias,False,foundation_backbone,False,False,False,0.0
3,foundation_x.backbone.layers_2.blocks.9.mlp.fc1.weight,False,foundation_backbone,False,False,False,0.0
3,foundation_x.backbone.layers_2.blocks.9.mlp.fc1.bias,False,foundation_backbone,False,False,False,0.0
3,foundation_x.backbone.layers_2.blocks.9.mlp.fc2.weight,False,foundation_backbone,False,False,False,0.0
3,foundation_x.backbone.layers_2.blocks.9.mlp.fc2.bias,False,foundation_backbone,False,False,False,0.0
3,foundation_x.backbone.layers_2.blocks.10.norm1.weight,False,foundation_backbone,False,False,False,0.0
3,foundation_x.backbone.layers_2.blocks.10.norm1.bias,False,foundation_backbone,False,False,False,0.0
3,foundation_x.backbone.layers_2.blocks.10.attn.relative_position_bias_table,False,foundation_backbone,False,False,False,0.0
3,foundation_x.backbone.layers_2.blocks.10.attn.qkv.weight,False,foundation_backbone,False,False,False,0.0
3,foundation_x.backbone.layers_2.blocks.10.attn.qkv.bias,False,foundation_backbone,False,False,False,0.0
3,foundation_x.backbone.layers_2.blocks.10.attn.proj.weight,False,foundation_backbone,False,False,False,0.0
3,foundation_x.backbone.layers_2.blocks.10.attn.proj.bias,False,foundation_backbone,False,False,False,0.0
3,foundation_x.backbone.layers_2.blocks.10.norm2.weight,False,foundation_backbone,False,False,False,0.0
3,foundation_x.backbone.layers_2.blocks.10.norm2.bias,False,foundation_backbone,False,False,False,0.0
3,foundation_x.backbone.layers_2.blocks.10.mlp.fc1.weight,False,foundation_backbone,False,False,False,0.0
3,foundation_x.backbone.layers_2.blocks.10.mlp.fc1.bias,False,foundation_backbone,False,False,False,0.0
3,foundation_x.backbone.layers_2.blocks.10.mlp.fc2.weight,False,foundation_backbone,False,False,False,0.0
3,foundation_x.backbone.layers_2.blocks.10.mlp.fc2.bias,False,foundation_backbone,False,False,False,0.0
3,foundation_x.backbone.layers_2.blocks.11.norm1.weight,False,foundation_backbone,False,False,False,0.0
3,foundation_x.backbone.layers_2.blocks.11.norm1.bias,False,foundation_backbone,False,False,False,0.0
3,foundation_x.backbone.layers_2.blocks.11.attn.relative_position_bias_table,False,foundation_backbone,False,False,False,0.0
3,foundation_x.backbone.layers_2.blocks.11.attn.qkv.weight,False,foundation_backbone,False,False,False,0.0
3,foundation_x.backbone.layers_2.blocks.11.attn.qkv.bias,False,foundation_backbone,False,False,False,0.0
3,foundation_x.backbone.layers_2.blocks.11.attn.proj.weight,False,foundation_backbone,False,False,False,0.0
3,foundation_x.backbone.layers_2.blocks.11.attn.proj.bias,False,foundation_backbone,False,False,False,0.0
3,foundation_x.backbone.layers_2.blocks.11.norm2.weight,False,foundation_backbone,False,False,False,0.0
3,foundation_x.backbone.layers_2.blocks.11.norm2.bias,False,foundation_backbone,False,False,False,0.0
3,foundation_x.backbone.layers_2.blocks.11.mlp.fc1.weight,False,foundation_backbone,False,False,False,0.0
3,foundation_x.backbone.layers_2.blocks.11.mlp.fc1.bias,False,foundation_backbone,False,False,False,0.0
3,foundation_x.backbone.layers_2.blocks.11.mlp.fc2.weight,False,foundation_backbone,False,False,False,0.0
3,foundation_x.backbone.layers_2.blocks.11.mlp.fc2.bias,False,foundation_backbone,False,False,False,0.0
3,foundation_x.backbone.layers_2.blocks.12.norm1.weight,False,foundation_backbone,False,False,False,0.0
3,foundation_x.backbone.layers_2.blocks.12.norm1.bias,False,foundation_backbone,False,False,False,0.0
3,foundation_x.backbone.layers_2.blocks.12.attn.relative_position_bias_table,False,foundation_backbone,False,False,False,0.0
3,foundation_x.backbone.layers_2.blocks.12.attn.qkv.weight,False,foundation_backbone,False,False,False,0.0
3,foundation_x.backbone.layers_2.blocks.12.attn.qkv.bias,False,foundation_backbone,False,False,False,0.0
3,foundation_x.backbone.layers_2.blocks.12.attn.proj.weight,False,foundation_backbone,False,False,False,0.0
3,foundation_x.backbone.layers_2.blocks.12.attn.proj.bias,False,foundation_backbone,False,False,False,0.0
3,foundation_x.backbone.layers_2.blocks.12.norm2.weight,False,foundation_backbone,False,False,False,0.0
3,foundation_x.backbone.layers_2.blocks.12.norm2.bias,False,foundation_backbone,False,False,False,0.0
3,foundation_x.backbone.layers_2.blocks.12.mlp.fc1.weight,False,foundation_backbone,False,False,False,0.0
3,foundation_x.backbone.layers_2.blocks.12.mlp.fc1.bias,False,foundation_backbone,False,False,False,0.0
3,foundation_x.backbone.layers_2.blocks.12.mlp.fc2.weight,False,foundation_backbone,False,False,False,0.0
3,foundation_x.backbone.layers_2.blocks.12.mlp.fc2.bias,False,foundation_backbone,False,False,False,0.0
3,foundation_x.backbone.layers_2.blocks.13.norm1.weight,False,foundation_backbone,False,False,False,0.0
3,foundation_x.backbone.layers_2.blocks.13.norm1.bias,False,foundation_backbone,False,False,False,0.0
3,foundation_x.backbone.layers_2.blocks.13.attn.relative_position_bias_table,False,foundation_backbone,False,False,False,0.0
3,foundation_x.backbone.layers_2.blocks.13.attn.qkv.weight,False,foundation_backbone,False,False,False,0.0
3,foundation_x.backbone.layers_2.blocks.13.attn.qkv.bias,False,foundation_backbone,False,False,False,0.0
3,foundation_x.backbone.layers_2.blocks.13.attn.proj.weight,False,foundation_backbone,False,False,False,0.0
3,foundation_x.backbone.layers_2.blocks.13.attn.proj.bias,False,foundation_backbone,False,False,False,0.0
3,foundation_x.backbone.layers_2.blocks.13.norm2.weight,False,foundation_backbone,False,False,False,0.0
3,foundation_x.backbone.layers_2.blocks.13.norm2.bias,False,foundation_backbone,False,False,False,0.0
3,foundation_x.backbone.layers_2.blocks.13.mlp.fc1.weight,False,foundation_backbone,False,False,False,0.0
3,foundation_x.backbone.layers_2.blocks.13.mlp.fc1.bias,False,foundation_backbone,False,False,False,0.0
3,foundation_x.backbone.layers_2.blocks.13.mlp.fc2.weight,False,foundation_backbone,False,False,False,0.0
3,foundation_x.backbone.layers_2.blocks.13.mlp.fc2.bias,False,foundation_backbone,False,False,False,0.0
3,foundation_x.backbone.layers_2.blocks.14.norm1.weight,False,foundation_backbone,False,False,False,0.0
3,foundation_x.backbone.layers_2.blocks.14.norm1.bias,False,foundation_backbone,False,False,False,0.0
3,foundation_x.backbone.layers_2.blocks.14.attn.relative_position_bias_table,False,foundation_backbone,False,False,False,0.0
3,foundation_x.backbone.layers_2.blocks.14.attn.qkv.weight,False,foundation_backbone,False,False,False,0.0
3,foundation_x.backbone.layers_2.blocks.14.attn.qkv.bias,False,foundation_backbone,False,False,False,0.0
3,foundation_x.backbone.layers_2.blocks.14.attn.proj.weight,False,foundation_backbone,False,False,False,0.0
3,foundation_x.backbone.layers_2.blocks.14.attn.proj.bias,False,foundation_backbone,False,False,False,0.0
3,foundation_x.backbone.layers_2.blocks.14.norm2.weight,False,foundation_backbone,False,False,False,0.0
3,foundation_x.backbone.layers_2.blocks.14.norm2.bias,False,foundation_backbone,False,False,False,0.0
3,foundation_x.backbone.layers_2.blocks.14.mlp.fc1.weight,False,foundation_backbone,False,False,False,0.0
3,foundation_x.backbone.layers_2.blocks.14.mlp.fc1.bias,False,foundation_backbone,False,False,False,0.0
3,foundation_x.backbone.layers_2.blocks.14.mlp.fc2.weight,False,foundation_backbone,False,False,False,0.0
3,foundation_x.backbone.layers_2.blocks.14.mlp.fc2.bias,False,foundation_backbone,False,False,False,0.0
3,foundation_x.backbone.layers_2.blocks.15.norm1.weight,False,foundation_backbone,False,False,False,0.0
3,foundation_x.backbone.layers_2.blocks.15.norm1.bias,False,foundation_backbone,False,False,False,0.0
3,foundation_x.backbone.layers_2.blocks.15.attn.relative_position_bias_table,False,foundation_backbone,False,False,False,0.0
3,foundation_x.backbone.layers_2.blocks.15.attn.qkv.weight,False,foundation_backbone,False,False,False,0.0
3,foundation_x.backbone.layers_2.blocks.15.attn.qkv.bias,False,foundation_backbone,False,False,False,0.0
3,foundation_x.backbone.layers_2.blocks.15.attn.proj.weight,False,foundation_backbone,False,False,False,0.0
3,foundation_x.backbone.layers_2.blocks.15.attn.proj.bias,False,foundation_backbone,False,False,False,0.0
3,foundation_x.backbone.layers_2.blocks.15.norm2.weight,False,foundation_backbone,False,False,False,0.0
3,foundation_x.backbone.layers_2.blocks.15.norm2.bias,False,foundation_backbone,False,False,False,0.0
3,foundation_x.backbone.layers_2.blocks.15.mlp.fc1.weight,False,foundation_backbone,False,False,False,0.0
3,foundation_x.backbone.layers_2.blocks.15.mlp.fc1.bias,False,foundation_backbone,False,False,False,0.0
3,foundation_x.backbone.layers_2.blocks.15.mlp.fc2.weight,False,foundation_backbone,False,False,False,0.0
3,foundation_x.backbone.layers_2.blocks.15.mlp.fc2.bias,False,foundation_backbone,False,False,False,0.0
3,foundation_x.backbone.layers_2.blocks.16.norm1.weight,False,foundation_backbone,False,False,False,0.0
3,foundation_x.backbone.layers_2.blocks.16.norm1.bias,False,foundation_backbone,False,False,False,0.0
3,foundation_x.backbone.layers_2.blocks.16.attn.relative_position_bias_table,False,foundation_backbone,False,False,False,0.0
3,foundation_x.backbone.layers_2.blocks.16.attn.qkv.weight,False,foundation_backbone,False,False,False,0.0
3,foundation_x.backbone.layers_2.blocks.16.attn.qkv.bias,False,foundation_backbone,False,False,False,0.0
3,foundation_x.backbone.layers_2.blocks.16.attn.proj.weight,False,foundation_backbone,False,False,False,0.0
3,foundation_x.backbone.layers_2.blocks.16.attn.proj.bias,False,foundation_backbone,False,False,False,0.0
3,foundation_x.backbone.layers_2.blocks.16.norm2.weight,False,foundation_backbone,False,False,False,0.0
3,foundation_x.backbone.layers_2.blocks.16.norm2.bias,False,foundation_backbone,False,False,False,0.0
3,foundation_x.backbone.layers_2.blocks.16.mlp.fc1.weight,False,foundation_backbone,False,False,False,0.0
3,foundation_x.backbone.layers_2.blocks.16.mlp.fc1.bias,False,foundation_backbone,False,False,False,0.0
3,foundation_x.backbone.layers_2.blocks.16.mlp.fc2.weight,False,foundation_backbone,False,False,False,0.0
3,foundation_x.backbone.layers_2.blocks.16.mlp.fc2.bias,False,foundation_backbone,False,False,False,0.0
3,foundation_x.backbone.layers_2.blocks.17.norm1.weight,False,foundation_backbone,False,False,False,0.0
3,foundation_x.backbone.layers_2.blocks.17.norm1.bias,False,foundation_backbone,False,False,False,0.0
3,foundation_x.backbone.layers_2.blocks.17.attn.relative_position_bias_table,False,foundation_backbone,False,False,False,0.0
3,foundation_x.backbone.layers_2.blocks.17.attn.qkv.weight,False,foundation_backbone,False,False,False,0.0
3,foundation_x.backbone.layers_2.blocks.17.attn.qkv.bias,False,foundation_backbone,False,False,False,0.0
3,foundation_x.backbone.layers_2.blocks.17.attn.proj.weight,False,foundation_backbone,False,False,False,0.0
3,foundation_x.backbone.layers_2.blocks.17.attn.proj.bias,False,foundation_backbone,False,False,False,0.0
3,foundation_x.backbone.layers_2.blocks.17.norm2.weight,False,foundation_backbone,False,False,False,0.0
3,foundation_x.backbone.layers_2.blocks.17.norm2.bias,False,foundation_backbone,False,False,False,0.0
3,foundation_x.backbone.layers_2.blocks.17.mlp.fc1.weight,False,foundation_backbone,False,False,False,0.0
3,foundation_x.backbone.layers_2.blocks.17.mlp.fc1.bias,False,foundation_backbone,False,False,False,0.0
3,foundation_x.backbone.layers_2.blocks.17.mlp.fc2.weight,False,foundation_backbone,False,False,False,0.0
3,foundation_x.backbone.layers_2.blocks.17.mlp.fc2.bias,False,foundation_backbone,False,False,False,0.0
3,foundation_x.backbone.layers_3.downsample.norm.weight,False,foundation_backbone,False,False,False,0.0
3,foundation_x.backbone.layers_3.downsample.norm.bias,False,foundation_backbone,False,False,False,0.0
3,foundation_x.backbone.layers_3.downsample.reduction.weight,False,foundation_backbone,False,False,False,0.0
3,foundation_x.backbone.layers_3.blocks.0.norm1.weight,False,foundation_backbone,False,False,False,0.0
3,foundation_x.backbone.layers_3.blocks.0.norm1.bias,False,foundation_backbone,False,False,False,0.0
3,foundation_x.backbone.layers_3.blocks.0.attn.relative_position_bias_table,False,foundation_backbone,False,False,False,0.0
3,foundation_x.backbone.layers_3.blocks.0.attn.qkv.weight,False,foundation_backbone,False,False,False,0.0
3,foundation_x.backbone.layers_3.blocks.0.attn.qkv.bias,False,foundation_backbone,False,False,False,0.0
3,foundation_x.backbone.layers_3.blocks.0.attn.proj.weight,False,foundation_backbone,False,False,False,0.0
3,foundation_x.backbone.layers_3.blocks.0.attn.proj.bias,False,foundation_backbone,False,False,False,0.0
3,foundation_x.backbone.layers_3.blocks.0.norm2.weight,False,foundation_backbone,False,False,False,0.0
3,foundation_x.backbone.layers_3.blocks.0.norm2.bias,False,foundation_backbone,False,False,False,0.0
3,foundation_x.backbone.layers_3.blocks.0.mlp.fc1.weight,False,foundation_backbone,False,False,False,0.0
3,foundation_x.backbone.layers_3.blocks.0.mlp.fc1.bias,False,foundation_backbone,False,False,False,0.0
3,foundation_x.backbone.layers_3.blocks.0.mlp.fc2.weight,False,foundation_backbone,False,False,False,0.0
3,foundation_x.backbone.layers_3.blocks.0.mlp.fc2.bias,False,foundation_backbone,False,False,False,0.0
3,foundation_x.backbone.layers_3.blocks.1.norm1.weight,False,foundation_backbone,False,False,False,0.0
3,foundation_x.backbone.layers_3.blocks.1.norm1.bias,False,foundation_backbone,False,False,False,0.0
3,foundation_x.backbone.layers_3.blocks.1.attn.relative_position_bias_table,False,foundation_backbone,False,False,False,0.0
3,foundation_x.backbone.layers_3.blocks.1.attn.qkv.weight,False,foundation_backbone,False,False,False,0.0
3,foundation_x.backbone.layers_3.blocks.1.attn.qkv.bias,False,foundation_backbone,False,False,False,0.0
3,foundation_x.backbone.layers_3.blocks.1.attn.proj.weight,False,foundation_backbone,False,False,False,0.0
3,foundation_x.backbone.layers_3.blocks.1.attn.proj.bias,False,foundation_backbone,False,False,False,0.0
3,foundation_x.backbone.layers_3.blocks.1.norm2.weight,False,foundation_backbone,False,False,False,0.0
3,foundation_x.backbone.layers_3.blocks.1.norm2.bias,False,foundation_backbone,False,False,False,0.0
3,foundation_x.backbone.layers_3.blocks.1.mlp.fc1.weight,False,foundation_backbone,False,False,False,0.0
3,foundation_x.backbone.layers_3.blocks.1.mlp.fc1.bias,False,foundation_backbone,False,False,False,0.0
3,foundation_x.backbone.layers_3.blocks.1.mlp.fc2.weight,False,foundation_backbone,False,False,False,0.0
3,foundation_x.backbone.layers_3.blocks.1.mlp.fc2.bias,False,foundation_backbone,False,False,False,0.0
3,enc1.block.0.weight,True,encoder_cnn,True,True,True,0.21206697821617126
3,enc1.block.1.weight,True,encoder_cnn,True,True,True,0.01858804188668728
3,enc1.block.1.bias,True,encoder_cnn,True,True,True,0.012417249381542206
3,enc1.block.3.weight,True,encoder_cnn,True,True,True,0.7814231514930725
3,enc1.block.4.weight,True,encoder_cnn,True,True,True,0.014505631290376186
3,enc1.block.4.bias,True,encoder_cnn,True,True,True,0.012020823545753956
3,enc2.block.0.weight,True,encoder_cnn,True,True,True,0.11412546038627625
3,enc2.block.1.weight,True,encoder_cnn,True,True,True,0.002215677173808217
3,enc2.block.1.bias,True,encoder_cnn,True,True,True,0.0018504022154957056
3,enc2.block.3.weight,True,encoder_cnn,True,True,True,0.1216433122754097
3,enc2.block.4.weight,True,encoder_cnn,True,True,True,0.002304401248693466
3,enc2.block.4.bias,True,encoder_cnn,True,True,True,0.001898551476188004
3,enc3.block.0.weight,True,encoder_cnn,True,True,True,0.022971004247665405
3,enc3.block.1.weight,True,encoder_cnn,True,True,True,0.0003154797595925629
3,enc3.block.1.bias,True,encoder_cnn,True,True,True,0.00024134418345056474
3,enc3.block.3.weight,True,encoder_cnn,True,True,True,0.02761194109916687
3,enc3.block.4.weight,True,encoder_cnn,True,True,True,0.0003237859345972538
3,enc3.block.4.bias,True,encoder_cnn,True,True,True,0.0002260313049191609
3,enc4.block.0.weight,True,encoder_cnn,True,True,True,0.00932337436825037
3,enc4.block.1.weight,True,encoder_cnn,True,True,True,0.0001006069578579627
3,enc4.block.1.bias,True,encoder_cnn,True,True,True,7.236599049065262e-05
3,enc4.block.3.weight,True,encoder_cnn,True,True,True,0.011545308865606785
3,enc4.block.4.weight,True,encoder_cnn,True,True,True,8.053421333897859e-05
3,enc4.block.4.bias,True,encoder_cnn,True,True,True,6.445067992899567e-05
3,fusion_e3.conv.0.weight,True,adapter_fusion,True,True,True,0.015249823220074177
3,fusion_e3.conv.0.bias,True,adapter_fusion,True,True,True,7.75391195695363e-10
3,fusion_e3.conv.1.weight,True,adapter_fusion,True,True,True,0.000418804440414533
3,fusion_e3.conv.1.bias,True,adapter_fusion,True,True,True,0.00030613105627708137
3,fusion_e4.conv.0.weight,True,adapter_fusion,True,True,True,0.0066322628408670425
3,fusion_e4.conv.0.bias,True,adapter_fusion,True,True,True,1.0430630664748364e-10
3,fusion_e4.conv.1.weight,True,adapter_fusion,True,True,True,0.00011635581176960841
3,fusion_e4.conv.1.bias,True,adapter_fusion,True,True,True,9.380294795846567e-05
3,h16_unet_context.block.0.weight,True,other_trainable,True,True,True,0.00147045380435884
3,h16_unet_context.block.1.weight,True,other_trainable,True,True,True,1.0460711564519443e-05
3,h16_unet_context.block.1.bias,True,other_trainable,True,True,True,8.374448043468874e-06
3,h16_unet_context.block.3.weight,True,other_trainable,True,True,True,0.0017365140374749899
3,h16_unet_context.block.4.weight,True,other_trainable,True,True,True,9.259792022930924e-06
3,h16_unet_context.block.4.bias,True,other_trainable,True,True,True,7.3968240030808374e-06
3,h16_fx_context.conv.0.weight,True,adapter_fusion,True,True,True,0.005039622541517019
3,h16_fx_context.conv.0.bias,True,adapter_fusion,True,True,True,6.576139372632683e-12
3,h16_fx_context.conv.1.weight,True,adapter_fusion,True,True,True,5.7842862588586286e-05
3,h16_fx_context.conv.1.bias,True,adapter_fusion,True,True,True,5.236698780208826e-05
3,h32_context_head.block.0.weight,True,adapter_fusion,True,True,True,0.00457462714985013
3,h32_context_head.block.1.weight,True,adapter_fusion,True,True,True,2.153352579625789e-05
3,h32_context_head.block.1.bias,True,adapter_fusion,True,True,True,1.9095265088253655e-05
3,h32_context_head.block.3.weight,True,adapter_fusion,True,True,True,0.0036060975398868322
3,h32_context_head.block.4.weight,True,adapter_fusion,True,True,True,2.0564755686791614e-05
3,h32_context_head.block.4.bias,True,adapter_fusion,True,True,True,1.87925725185778e-05
3,h32_to_h16.weight,True,adapter_fusion,True,True,True,0.002289805794134736
3,h32_to_h16.bias,True,adapter_fusion,True,True,True,1.8819420802174136e-05
3,context_merge.block.0.weight,True,adapter_fusion,True,True,True,0.013991904444992542
3,context_merge.block.1.weight,True,adapter_fusion,True,True,True,5.034447167417966e-05
3,context_merge.block.1.bias,True,adapter_fusion,True,True,True,4.556227941066027e-05
3,context_merge.block.3.weight,True,adapter_fusion,True,True,True,0.00851306039839983
3,context_merge.block.4.weight,True,adapter_fusion,True,True,True,4.848232492804527e-05
3,context_merge.block.4.bias,True,adapter_fusion,True,True,True,4.726231418317184e-05
3,up4.weight,True,decoder_head,True,True,True,0.0038583476562052965
3,up4.bias,True,decoder_head,True,True,True,2.9363973226281814e-05
3,dec4.block.0.weight,True,decoder_head,True,True,True,0.021163415163755417
3,dec4.block.1.weight,True,decoder_head,True,True,True,0.00011111667845398188
3,dec4.block.1.bias,True,decoder_head,True,True,True,8.602240268373862e-05
3,dec4.block.3.weight,True,decoder_head,True,True,True,0.012795382179319859
3,dec4.block.4.weight,True,decoder_head,True,True,True,0.00010809596278704703
3,dec4.block.4.bias,True,decoder_head,True,True,True,9.870607027551159e-05
3,up3.weight,True,decoder_head,True,True,True,0.0058927941136062145
3,up3.bias,True,decoder_head,True,True,True,8.157647971529514e-05
3,dec3.block.0.weight,True,decoder_head,True,True,True,0.047372184693813324
3,dec3.block.1.weight,True,decoder_head,True,True,True,0.00042595254490152
3,dec3.block.1.bias,True,decoder_head,True,True,True,0.0003100344038102776
3,dec3.block.3.weight,True,decoder_head,True,True,True,0.033675454556941986
3,dec3.block.4.weight,True,decoder_head,True,True,True,0.0004760608426295221
3,dec3.block.4.bias,True,decoder_head,True,True,True,0.0004316955164540559
3,up2.weight,True,decoder_head,True,True,True,0.018523672595620155
3,up2.bias,True,decoder_head,True,True,True,0.00021965439373161644
3,dec2.block.0.weight,True,decoder_head,True,True,True,0.1727694571018219
3,dec2.block.1.weight,True,decoder_head,True,True,True,0.0019587567076087
3,dec2.block.1.bias,True,decoder_head,True,True,True,0.0018856548704206944
3,dec2.block.3.weight,True,decoder_head,True,True,True,0.1219644844532013
3,dec2.block.4.weight,True,decoder_head,True,True,True,0.0026946337893605232
3,dec2.block.4.bias,True,decoder_head,True,True,True,0.0027812430635094643
3,up1.weight,True,decoder_head,True,True,True,0.06678179651498795
3,up1.bias,True,decoder_head,True,True,True,0.0005227470537647605
3,dec1.block.0.weight,True,decoder_head,True,True,True,0.7861741781234741
3,dec1.block.1.weight,True,decoder_head,True,True,True,0.013378705829381943
3,dec1.block.1.bias,True,decoder_head,True,True,True,0.012090274132788181
3,dec1.block.3.weight,True,decoder_head,True,True,True,0.5744509100914001
3,dec1.block.4.weight,True,decoder_head,True,True,True,0.10598741471767426
3,dec1.block.4.bias,True,decoder_head,True,True,True,0.14555124938488007
3,final.weight,True,decoder_head,True,True,True,1.6226705312728882
3,final.bias,True,decoder_head,True,True,True,0.560215413570404
4,foundation_x.backbone.patch_embed.proj.weight,False,foundation_backbone,False,False,False,0.0
4,foundation_x.backbone.patch_embed.proj.bias,False,foundation_backbone,False,False,False,0.0
4,foundation_x.backbone.patch_embed.norm.weight,False,foundation_backbone,False,False,False,0.0
4,foundation_x.backbone.patch_embed.norm.bias,False,foundation_backbone,False,False,False,0.0
4,foundation_x.backbone.layers_0.blocks.0.norm1.weight,False,foundation_backbone,False,False,False,0.0
4,foundation_x.backbone.layers_0.blocks.0.norm1.bias,False,foundation_backbone,False,False,False,0.0
4,foundation_x.backbone.layers_0.blocks.0.attn.relative_position_bias_table,False,foundation_backbone,False,False,False,0.0
4,foundation_x.backbone.layers_0.blocks.0.attn.qkv.weight,False,foundation_backbone,False,False,False,0.0
4,foundation_x.backbone.layers_0.blocks.0.attn.qkv.bias,False,foundation_backbone,False,False,False,0.0
4,foundation_x.backbone.layers_0.blocks.0.attn.proj.weight,False,foundation_backbone,False,False,False,0.0
4,foundation_x.backbone.layers_0.blocks.0.attn.proj.bias,False,foundation_backbone,False,False,False,0.0
4,foundation_x.backbone.layers_0.blocks.0.norm2.weight,False,foundation_backbone,False,False,False,0.0
4,foundation_x.backbone.layers_0.blocks.0.norm2.bias,False,foundation_backbone,False,False,False,0.0
4,foundation_x.backbone.layers_0.blocks.0.mlp.fc1.weight,False,foundation_backbone,False,False,False,0.0
4,foundation_x.backbone.layers_0.blocks.0.mlp.fc1.bias,False,foundation_backbone,False,False,False,0.0
4,foundation_x.backbone.layers_0.blocks.0.mlp.fc2.weight,False,foundation_backbone,False,False,False,0.0
4,foundation_x.backbone.layers_0.blocks.0.mlp.fc2.bias,False,foundation_backbone,False,False,False,0.0
4,foundation_x.backbone.layers_0.blocks.1.norm1.weight,False,foundation_backbone,False,False,False,0.0
4,foundation_x.backbone.layers_0.blocks.1.norm1.bias,False,foundation_backbone,False,False,False,0.0
4,foundation_x.backbone.layers_0.blocks.1.attn.relative_position_bias_table,False,foundation_backbone,False,False,False,0.0
4,foundation_x.backbone.layers_0.blocks.1.attn.qkv.weight,False,foundation_backbone,False,False,False,0.0
4,foundation_x.backbone.layers_0.blocks.1.attn.qkv.bias,False,foundation_backbone,False,False,False,0.0
4,foundation_x.backbone.layers_0.blocks.1.attn.proj.weight,False,foundation_backbone,False,False,False,0.0
4,foundation_x.backbone.layers_0.blocks.1.attn.proj.bias,False,foundation_backbone,False,False,False,0.0
4,foundation_x.backbone.layers_0.blocks.1.norm2.weight,False,foundation_backbone,False,False,False,0.0
4,foundation_x.backbone.layers_0.blocks.1.norm2.bias,False,foundation_backbone,False,False,False,0.0
4,foundation_x.backbone.layers_0.blocks.1.mlp.fc1.weight,False,foundation_backbone,False,False,False,0.0
4,foundation_x.backbone.layers_0.blocks.1.mlp.fc1.bias,False,foundation_backbone,False,False,False,0.0
4,foundation_x.backbone.layers_0.blocks.1.mlp.fc2.weight,False,foundation_backbone,False,False,False,0.0
4,foundation_x.backbone.layers_0.blocks.1.mlp.fc2.bias,False,foundation_backbone,False,False,False,0.0
4,foundation_x.backbone.layers_1.downsample.norm.weight,False,foundation_backbone,False,False,False,0.0
4,foundation_x.backbone.layers_1.downsample.norm.bias,False,foundation_backbone,False,False,False,0.0
4,foundation_x.backbone.layers_1.downsample.reduction.weight,False,foundation_backbone,False,False,False,0.0
4,foundation_x.backbone.layers_1.blocks.0.norm1.weight,False,foundation_backbone,False,False,False,0.0
4,foundation_x.backbone.layers_1.blocks.0.norm1.bias,False,foundation_backbone,False,False,False,0.0
4,foundation_x.backbone.layers_1.blocks.0.attn.relative_position_bias_table,False,foundation_backbone,False,False,False,0.0
4,foundation_x.backbone.layers_1.blocks.0.attn.qkv.weight,False,foundation_backbone,False,False,False,0.0
4,foundation_x.backbone.layers_1.blocks.0.attn.qkv.bias,False,foundation_backbone,False,False,False,0.0
4,foundation_x.backbone.layers_1.blocks.0.attn.proj.weight,False,foundation_backbone,False,False,False,0.0
4,foundation_x.backbone.layers_1.blocks.0.attn.proj.bias,False,foundation_backbone,False,False,False,0.0
4,foundation_x.backbone.layers_1.blocks.0.norm2.weight,False,foundation_backbone,False,False,False,0.0
4,foundation_x.backbone.layers_1.blocks.0.norm2.bias,False,foundation_backbone,False,False,False,0.0
4,foundation_x.backbone.layers_1.blocks.0.mlp.fc1.weight,False,foundation_backbone,False,False,False,0.0
4,foundation_x.backbone.layers_1.blocks.0.mlp.fc1.bias,False,foundation_backbone,False,False,False,0.0
4,foundation_x.backbone.layers_1.blocks.0.mlp.fc2.weight,False,foundation_backbone,False,False,False,0.0
4,foundation_x.backbone.layers_1.blocks.0.mlp.fc2.bias,False,foundation_backbone,False,False,False,0.0
4,foundation_x.backbone.layers_1.blocks.1.norm1.weight,False,foundation_backbone,False,False,False,0.0
4,foundation_x.backbone.layers_1.blocks.1.norm1.bias,False,foundation_backbone,False,False,False,0.0
4,foundation_x.backbone.layers_1.blocks.1.attn.relative_position_bias_table,False,foundation_backbone,False,False,False,0.0
4,foundation_x.backbone.layers_1.blocks.1.attn.qkv.weight,False,foundation_backbone,False,False,False,0.0
4,foundation_x.backbone.layers_1.blocks.1.attn.qkv.bias,False,foundation_backbone,False,False,False,0.0
4,foundation_x.backbone.layers_1.blocks.1.attn.proj.weight,False,foundation_backbone,False,False,False,0.0
4,foundation_x.backbone.layers_1.blocks.1.attn.proj.bias,False,foundation_backbone,False,False,False,0.0
4,foundation_x.backbone.layers_1.blocks.1.norm2.weight,False,foundation_backbone,False,False,False,0.0
4,foundation_x.backbone.layers_1.blocks.1.norm2.bias,False,foundation_backbone,False,False,False,0.0
4,foundation_x.backbone.layers_1.blocks.1.mlp.fc1.weight,False,foundation_backbone,False,False,False,0.0
4,foundation_x.backbone.layers_1.blocks.1.mlp.fc1.bias,False,foundation_backbone,False,False,False,0.0
4,foundation_x.backbone.layers_1.blocks.1.mlp.fc2.weight,False,foundation_backbone,False,False,False,0.0
4,foundation_x.backbone.layers_1.blocks.1.mlp.fc2.bias,False,foundation_backbone,False,False,False,0.0
4,foundation_x.backbone.layers_2.downsample.norm.weight,False,foundation_backbone,False,False,False,0.0
4,foundation_x.backbone.layers_2.downsample.norm.bias,False,foundation_backbone,False,False,False,0.0
4,foundation_x.backbone.layers_2.downsample.reduction.weight,False,foundation_backbone,False,False,False,0.0
4,foundation_x.backbone.layers_2.blocks.0.norm1.weight,False,foundation_backbone,False,False,False,0.0
4,foundation_x.backbone.layers_2.blocks.0.norm1.bias,False,foundation_backbone,False,False,False,0.0
4,foundation_x.backbone.layers_2.blocks.0.attn.relative_position_bias_table,False,foundation_backbone,False,False,False,0.0
4,foundation_x.backbone.layers_2.blocks.0.attn.qkv.weight,False,foundation_backbone,False,False,False,0.0
4,foundation_x.backbone.layers_2.blocks.0.attn.qkv.bias,False,foundation_backbone,False,False,False,0.0
4,foundation_x.backbone.layers_2.blocks.0.attn.proj.weight,False,foundation_backbone,False,False,False,0.0
4,foundation_x.backbone.layers_2.blocks.0.attn.proj.bias,False,foundation_backbone,False,False,False,0.0
4,foundation_x.backbone.layers_2.blocks.0.norm2.weight,False,foundation_backbone,False,False,False,0.0
4,foundation_x.backbone.layers_2.blocks.0.norm2.bias,False,foundation_backbone,False,False,False,0.0
4,foundation_x.backbone.layers_2.blocks.0.mlp.fc1.weight,False,foundation_backbone,False,False,False,0.0
4,foundation_x.backbone.layers_2.blocks.0.mlp.fc1.bias,False,foundation_backbone,False,False,False,0.0
4,foundation_x.backbone.layers_2.blocks.0.mlp.fc2.weight,False,foundation_backbone,False,False,False,0.0
4,foundation_x.backbone.layers_2.blocks.0.mlp.fc2.bias,False,foundation_backbone,False,False,False,0.0
4,foundation_x.backbone.layers_2.blocks.1.norm1.weight,False,foundation_backbone,False,False,False,0.0
4,foundation_x.backbone.layers_2.blocks.1.norm1.bias,False,foundation_backbone,False,False,False,0.0
4,foundation_x.backbone.layers_2.blocks.1.attn.relative_position_bias_table,False,foundation_backbone,False,False,False,0.0
4,foundation_x.backbone.layers_2.blocks.1.attn.qkv.weight,False,foundation_backbone,False,False,False,0.0
4,foundation_x.backbone.layers_2.blocks.1.attn.qkv.bias,False,foundation_backbone,False,False,False,0.0
4,foundation_x.backbone.layers_2.blocks.1.attn.proj.weight,False,foundation_backbone,False,False,False,0.0
4,foundation_x.backbone.layers_2.blocks.1.attn.proj.bias,False,foundation_backbone,False,False,False,0.0
4,foundation_x.backbone.layers_2.blocks.1.norm2.weight,False,foundation_backbone,False,False,False,0.0
4,foundation_x.backbone.layers_2.blocks.1.norm2.bias,False,foundation_backbone,False,False,False,0.0
4,foundation_x.backbone.layers_2.blocks.1.mlp.fc1.weight,False,foundation_backbone,False,False,False,0.0
4,foundation_x.backbone.layers_2.blocks.1.mlp.fc1.bias,False,foundation_backbone,False,False,False,0.0
4,foundation_x.backbone.layers_2.blocks.1.mlp.fc2.weight,False,foundation_backbone,False,False,False,0.0
4,foundation_x.backbone.layers_2.blocks.1.mlp.fc2.bias,False,foundation_backbone,False,False,False,0.0
4,foundation_x.backbone.layers_2.blocks.2.norm1.weight,False,foundation_backbone,False,False,False,0.0
4,foundation_x.backbone.layers_2.blocks.2.norm1.bias,False,foundation_backbone,False,False,False,0.0
4,foundation_x.backbone.layers_2.blocks.2.attn.relative_position_bias_table,False,foundation_backbone,False,False,False,0.0
4,foundation_x.backbone.layers_2.blocks.2.attn.qkv.weight,False,foundation_backbone,False,False,False,0.0
4,foundation_x.backbone.layers_2.blocks.2.attn.qkv.bias,False,foundation_backbone,False,False,False,0.0
4,foundation_x.backbone.layers_2.blocks.2.attn.proj.weight,False,foundation_backbone,False,False,False,0.0
4,foundation_x.backbone.layers_2.blocks.2.attn.proj.bias,False,foundation_backbone,False,False,False,0.0
4,foundation_x.backbone.layers_2.blocks.2.norm2.weight,False,foundation_backbone,False,False,False,0.0
4,foundation_x.backbone.layers_2.blocks.2.norm2.bias,False,foundation_backbone,False,False,False,0.0
4,foundation_x.backbone.layers_2.blocks.2.mlp.fc1.weight,False,foundation_backbone,False,False,False,0.0
4,foundation_x.backbone.layers_2.blocks.2.mlp.fc1.bias,False,foundation_backbone,False,False,False,0.0
4,foundation_x.backbone.layers_2.blocks.2.mlp.fc2.weight,False,foundation_backbone,False,False,False,0.0
4,foundation_x.backbone.layers_2.blocks.2.mlp.fc2.bias,False,foundation_backbone,False,False,False,0.0
4,foundation_x.backbone.layers_2.blocks.3.norm1.weight,False,foundation_backbone,False,False,False,0.0
4,foundation_x.backbone.layers_2.blocks.3.norm1.bias,False,foundation_backbone,False,False,False,0.0
4,foundation_x.backbone.layers_2.blocks.3.attn.relative_position_bias_table,False,foundation_backbone,False,False,False,0.0
4,foundation_x.backbone.layers_2.blocks.3.attn.qkv.weight,False,foundation_backbone,False,False,False,0.0
4,foundation_x.backbone.layers_2.blocks.3.attn.qkv.bias,False,foundation_backbone,False,False,False,0.0
4,foundation_x.backbone.layers_2.blocks.3.attn.proj.weight,False,foundation_backbone,False,False,False,0.0
4,foundation_x.backbone.layers_2.blocks.3.attn.proj.bias,False,foundation_backbone,False,False,False,0.0
4,foundation_x.backbone.layers_2.blocks.3.norm2.weight,False,foundation_backbone,False,False,False,0.0
4,foundation_x.backbone.layers_2.blocks.3.norm2.bias,False,foundation_backbone,False,False,False,0.0
4,foundation_x.backbone.layers_2.blocks.3.mlp.fc1.weight,False,foundation_backbone,False,False,False,0.0
4,foundation_x.backbone.layers_2.blocks.3.mlp.fc1.bias,False,foundation_backbone,False,False,False,0.0
4,foundation_x.backbone.layers_2.blocks.3.mlp.fc2.weight,False,foundation_backbone,False,False,False,0.0
4,foundation_x.backbone.layers_2.blocks.3.mlp.fc2.bias,False,foundation_backbone,False,False,False,0.0
4,foundation_x.backbone.layers_2.blocks.4.norm1.weight,False,foundation_backbone,False,False,False,0.0
4,foundation_x.backbone.layers_2.blocks.4.norm1.bias,False,foundation_backbone,False,False,False,0.0
4,foundation_x.backbone.layers_2.blocks.4.attn.relative_position_bias_table,False,foundation_backbone,False,False,False,0.0
4,foundation_x.backbone.layers_2.blocks.4.attn.qkv.weight,False,foundation_backbone,False,False,False,0.0
4,foundation_x.backbone.layers_2.blocks.4.attn.qkv.bias,False,foundation_backbone,False,False,False,0.0
4,foundation_x.backbone.layers_2.blocks.4.attn.proj.weight,False,foundation_backbone,False,False,False,0.0
4,foundation_x.backbone.layers_2.blocks.4.attn.proj.bias,False,foundation_backbone,False,False,False,0.0
4,foundation_x.backbone.layers_2.blocks.4.norm2.weight,False,foundation_backbone,False,False,False,0.0
4,foundation_x.backbone.layers_2.blocks.4.norm2.bias,False,foundation_backbone,False,False,False,0.0
4,foundation_x.backbone.layers_2.blocks.4.mlp.fc1.weight,False,foundation_backbone,False,False,False,0.0
4,foundation_x.backbone.layers_2.blocks.4.mlp.fc1.bias,False,foundation_backbone,False,False,False,0.0
4,foundation_x.backbone.layers_2.blocks.4.mlp.fc2.weight,False,foundation_backbone,False,False,False,0.0
4,foundation_x.backbone.layers_2.blocks.4.mlp.fc2.bias,False,foundation_backbone,False,False,False,0.0
4,foundation_x.backbone.layers_2.blocks.5.norm1.weight,False,foundation_backbone,False,False,False,0.0
4,foundation_x.backbone.layers_2.blocks.5.norm1.bias,False,foundation_backbone,False,False,False,0.0
4,foundation_x.backbone.layers_2.blocks.5.attn.relative_position_bias_table,False,foundation_backbone,False,False,False,0.0
4,foundation_x.backbone.layers_2.blocks.5.attn.qkv.weight,False,foundation_backbone,False,False,False,0.0
4,foundation_x.backbone.layers_2.blocks.5.attn.qkv.bias,False,foundation_backbone,False,False,False,0.0
4,foundation_x.backbone.layers_2.blocks.5.attn.proj.weight,False,foundation_backbone,False,False,False,0.0
4,foundation_x.backbone.layers_2.blocks.5.attn.proj.bias,False,foundation_backbone,False,False,False,0.0
4,foundation_x.backbone.layers_2.blocks.5.norm2.weight,False,foundation_backbone,False,False,False,0.0
4,foundation_x.backbone.layers_2.blocks.5.norm2.bias,False,foundation_backbone,False,False,False,0.0
4,foundation_x.backbone.layers_2.blocks.5.mlp.fc1.weight,False,foundation_backbone,False,False,False,0.0
4,foundation_x.backbone.layers_2.blocks.5.mlp.fc1.bias,False,foundation_backbone,False,False,False,0.0
4,foundation_x.backbone.layers_2.blocks.5.mlp.fc2.weight,False,foundation_backbone,False,False,False,0.0
4,foundation_x.backbone.layers_2.blocks.5.mlp.fc2.bias,False,foundation_backbone,False,False,False,0.0
4,foundation_x.backbone.layers_2.blocks.6.norm1.weight,False,foundation_backbone,False,False,False,0.0
4,foundation_x.backbone.layers_2.blocks.6.norm1.bias,False,foundation_backbone,False,False,False,0.0
4,foundation_x.backbone.layers_2.blocks.6.attn.relative_position_bias_table,False,foundation_backbone,False,False,False,0.0
4,foundation_x.backbone.layers_2.blocks.6.attn.qkv.weight,False,foundation_backbone,False,False,False,0.0
4,foundation_x.backbone.layers_2.blocks.6.attn.qkv.bias,False,foundation_backbone,False,False,False,0.0
4,foundation_x.backbone.layers_2.blocks.6.attn.proj.weight,False,foundation_backbone,False,False,False,0.0
4,foundation_x.backbone.layers_2.blocks.6.attn.proj.bias,False,foundation_backbone,False,False,False,0.0
4,foundation_x.backbone.layers_2.blocks.6.norm2.weight,False,foundation_backbone,False,False,False,0.0
4,foundation_x.backbone.layers_2.blocks.6.norm2.bias,False,foundation_backbone,False,False,False,0.0
4,foundation_x.backbone.layers_2.blocks.6.mlp.fc1.weight,False,foundation_backbone,False,False,False,0.0
4,foundation_x.backbone.layers_2.blocks.6.mlp.fc1.bias,False,foundation_backbone,False,False,False,0.0
4,foundation_x.backbone.layers_2.blocks.6.mlp.fc2.weight,False,foundation_backbone,False,False,False,0.0
4,foundation_x.backbone.layers_2.blocks.6.mlp.fc2.bias,False,foundation_backbone,False,False,False,0.0
4,foundation_x.backbone.layers_2.blocks.7.norm1.weight,False,foundation_backbone,False,False,False,0.0
4,foundation_x.backbone.layers_2.blocks.7.norm1.bias,False,foundation_backbone,False,False,False,0.0
4,foundation_x.backbone.layers_2.blocks.7.attn.relative_position_bias_table,False,foundation_backbone,False,False,False,0.0
4,foundation_x.backbone.layers_2.blocks.7.attn.qkv.weight,False,foundation_backbone,False,False,False,0.0
4,foundation_x.backbone.layers_2.blocks.7.attn.qkv.bias,False,foundation_backbone,False,False,False,0.0
4,foundation_x.backbone.layers_2.blocks.7.attn.proj.weight,False,foundation_backbone,False,False,False,0.0
4,foundation_x.backbone.layers_2.blocks.7.attn.proj.bias,False,foundation_backbone,False,False,False,0.0
4,foundation_x.backbone.layers_2.blocks.7.norm2.weight,False,foundation_backbone,False,False,False,0.0
4,foundation_x.backbone.layers_2.blocks.7.norm2.bias,False,foundation_backbone,False,False,False,0.0
4,foundation_x.backbone.layers_2.blocks.7.mlp.fc1.weight,False,foundation_backbone,False,False,False,0.0
4,foundation_x.backbone.layers_2.blocks.7.mlp.fc1.bias,False,foundation_backbone,False,False,False,0.0
4,foundation_x.backbone.layers_2.blocks.7.mlp.fc2.weight,False,foundation_backbone,False,False,False,0.0
4,foundation_x.backbone.layers_2.blocks.7.mlp.fc2.bias,False,foundation_backbone,False,False,False,0.0
4,foundation_x.backbone.layers_2.blocks.8.norm1.weight,False,foundation_backbone,False,False,False,0.0
4,foundation_x.backbone.layers_2.blocks.8.norm1.bias,False,foundation_backbone,False,False,False,0.0
4,foundation_x.backbone.layers_2.blocks.8.attn.relative_position_bias_table,False,foundation_backbone,False,False,False,0.0
4,foundation_x.backbone.layers_2.blocks.8.attn.qkv.weight,False,foundation_backbone,False,False,False,0.0
4,foundation_x.backbone.layers_2.blocks.8.attn.qkv.bias,False,foundation_backbone,False,False,False,0.0
4,foundation_x.backbone.layers_2.blocks.8.attn.proj.weight,False,foundation_backbone,False,False,False,0.0
4,foundation_x.backbone.layers_2.blocks.8.attn.proj.bias,False,foundation_backbone,False,False,False,0.0
4,foundation_x.backbone.layers_2.blocks.8.norm2.weight,False,foundation_backbone,False,False,False,0.0
4,foundation_x.backbone.layers_2.blocks.8.norm2.bias,False,foundation_backbone,False,False,False,0.0
4,foundation_x.backbone.layers_2.blocks.8.mlp.fc1.weight,False,foundation_backbone,False,False,False,0.0
4,foundation_x.backbone.layers_2.blocks.8.mlp.fc1.bias,False,foundation_backbone,False,False,False,0.0
4,foundation_x.backbone.layers_2.blocks.8.mlp.fc2.weight,False,foundation_backbone,False,False,False,0.0
4,foundation_x.backbone.layers_2.blocks.8.mlp.fc2.bias,False,foundation_backbone,False,False,False,0.0
4,foundation_x.backbone.layers_2.blocks.9.norm1.weight,False,foundation_backbone,False,False,False,0.0
4,foundation_x.backbone.layers_2.blocks.9.norm1.bias,False,foundation_backbone,False,False,False,0.0
4,foundation_x.backbone.layers_2.blocks.9.attn.relative_position_bias_table,False,foundation_backbone,False,False,False,0.0
4,foundation_x.backbone.layers_2.blocks.9.attn.qkv.weight,False,foundation_backbone,False,False,False,0.0
4,foundation_x.backbone.layers_2.blocks.9.attn.qkv.bias,False,foundation_backbone,False,False,False,0.0
4,foundation_x.backbone.layers_2.blocks.9.attn.proj.weight,False,foundation_backbone,False,False,False,0.0
4,foundation_x.backbone.layers_2.blocks.9.attn.proj.bias,False,foundation_backbone,False,False,False,0.0
4,foundation_x.backbone.layers_2.blocks.9.norm2.weight,False,foundation_backbone,False,False,False,0.0
4,foundation_x.backbone.layers_2.blocks.9.norm2.bias,False,foundation_backbone,False,False,False,0.0
4,foundation_x.backbone.layers_2.blocks.9.mlp.fc1.weight,False,foundation_backbone,False,False,False,0.0
4,foundation_x.backbone.layers_2.blocks.9.mlp.fc1.bias,False,foundation_backbone,False,False,False,0.0
4,foundation_x.backbone.layers_2.blocks.9.mlp.fc2.weight,False,foundation_backbone,False,False,False,0.0
4,foundation_x.backbone.layers_2.blocks.9.mlp.fc2.bias,False,foundation_backbone,False,False,False,0.0
4,foundation_x.backbone.layers_2.blocks.10.norm1.weight,False,foundation_backbone,False,False,False,0.0
4,foundation_x.backbone.layers_2.blocks.10.norm1.bias,False,foundation_backbone,False,False,False,0.0
4,foundation_x.backbone.layers_2.blocks.10.attn.relative_position_bias_table,False,foundation_backbone,False,False,False,0.0
4,foundation_x.backbone.layers_2.blocks.10.attn.qkv.weight,False,foundation_backbone,False,False,False,0.0
4,foundation_x.backbone.layers_2.blocks.10.attn.qkv.bias,False,foundation_backbone,False,False,False,0.0
4,foundation_x.backbone.layers_2.blocks.10.attn.proj.weight,False,foundation_backbone,False,False,False,0.0
4,foundation_x.backbone.layers_2.blocks.10.attn.proj.bias,False,foundation_backbone,False,False,False,0.0
4,foundation_x.backbone.layers_2.blocks.10.norm2.weight,False,foundation_backbone,False,False,False,0.0
4,foundation_x.backbone.layers_2.blocks.10.norm2.bias,False,foundation_backbone,False,False,False,0.0
4,foundation_x.backbone.layers_2.blocks.10.mlp.fc1.weight,False,foundation_backbone,False,False,False,0.0
4,foundation_x.backbone.layers_2.blocks.10.mlp.fc1.bias,False,foundation_backbone,False,False,False,0.0
4,foundation_x.backbone.layers_2.blocks.10.mlp.fc2.weight,False,foundation_backbone,False,False,False,0.0
4,foundation_x.backbone.layers_2.blocks.10.mlp.fc2.bias,False,foundation_backbone,False,False,False,0.0
4,foundation_x.backbone.layers_2.blocks.11.norm1.weight,False,foundation_backbone,False,False,False,0.0
4,foundation_x.backbone.layers_2.blocks.11.norm1.bias,False,foundation_backbone,False,False,False,0.0
4,foundation_x.backbone.layers_2.blocks.11.attn.relative_position_bias_table,False,foundation_backbone,False,False,False,0.0
4,foundation_x.backbone.layers_2.blocks.11.attn.qkv.weight,False,foundation_backbone,False,False,False,0.0
4,foundation_x.backbone.layers_2.blocks.11.attn.qkv.bias,False,foundation_backbone,False,False,False,0.0
4,foundation_x.backbone.layers_2.blocks.11.attn.proj.weight,False,foundation_backbone,False,False,False,0.0
4,foundation_x.backbone.layers_2.blocks.11.attn.proj.bias,False,foundation_backbone,False,False,False,0.0
4,foundation_x.backbone.layers_2.blocks.11.norm2.weight,False,foundation_backbone,False,False,False,0.0
4,foundation_x.backbone.layers_2.blocks.11.norm2.bias,False,foundation_backbone,False,False,False,0.0
4,foundation_x.backbone.layers_2.blocks.11.mlp.fc1.weight,False,foundation_backbone,False,False,False,0.0
4,foundation_x.backbone.layers_2.blocks.11.mlp.fc1.bias,False,foundation_backbone,False,False,False,0.0
4,foundation_x.backbone.layers_2.blocks.11.mlp.fc2.weight,False,foundation_backbone,False,False,False,0.0
4,foundation_x.backbone.layers_2.blocks.11.mlp.fc2.bias,False,foundation_backbone,False,False,False,0.0
4,foundation_x.backbone.layers_2.blocks.12.norm1.weight,False,foundation_backbone,False,False,False,0.0
4,foundation_x.backbone.layers_2.blocks.12.norm1.bias,False,foundation_backbone,False,False,False,0.0
4,foundation_x.backbone.layers_2.blocks.12.attn.relative_position_bias_table,False,foundation_backbone,False,False,False,0.0
4,foundation_x.backbone.layers_2.blocks.12.attn.qkv.weight,False,foundation_backbone,False,False,False,0.0
4,foundation_x.backbone.layers_2.blocks.12.attn.qkv.bias,False,foundation_backbone,False,False,False,0.0
4,foundation_x.backbone.layers_2.blocks.12.attn.proj.weight,False,foundation_backbone,False,False,False,0.0
4,foundation_x.backbone.layers_2.blocks.12.attn.proj.bias,False,foundation_backbone,False,False,False,0.0
4,foundation_x.backbone.layers_2.blocks.12.norm2.weight,False,foundation_backbone,False,False,False,0.0
4,foundation_x.backbone.layers_2.blocks.12.norm2.bias,False,foundation_backbone,False,False,False,0.0
4,foundation_x.backbone.layers_2.blocks.12.mlp.fc1.weight,False,foundation_backbone,False,False,False,0.0
4,foundation_x.backbone.layers_2.blocks.12.mlp.fc1.bias,False,foundation_backbone,False,False,False,0.0
4,foundation_x.backbone.layers_2.blocks.12.mlp.fc2.weight,False,foundation_backbone,False,False,False,0.0
4,foundation_x.backbone.layers_2.blocks.12.mlp.fc2.bias,False,foundation_backbone,False,False,False,0.0
4,foundation_x.backbone.layers_2.blocks.13.norm1.weight,False,foundation_backbone,False,False,False,0.0
4,foundation_x.backbone.layers_2.blocks.13.norm1.bias,False,foundation_backbone,False,False,False,0.0
4,foundation_x.backbone.layers_2.blocks.13.attn.relative_position_bias_table,False,foundation_backbone,False,False,False,0.0
4,foundation_x.backbone.layers_2.blocks.13.attn.qkv.weight,False,foundation_backbone,False,False,False,0.0
4,foundation_x.backbone.layers_2.blocks.13.attn.qkv.bias,False,foundation_backbone,False,False,False,0.0
4,foundation_x.backbone.layers_2.blocks.13.attn.proj.weight,False,foundation_backbone,False,False,False,0.0
4,foundation_x.backbone.layers_2.blocks.13.attn.proj.bias,False,foundation_backbone,False,False,False,0.0
4,foundation_x.backbone.layers_2.blocks.13.norm2.weight,False,foundation_backbone,False,False,False,0.0
4,foundation_x.backbone.layers_2.blocks.13.norm2.bias,False,foundation_backbone,False,False,False,0.0
4,foundation_x.backbone.layers_2.blocks.13.mlp.fc1.weight,False,foundation_backbone,False,False,False,0.0
4,foundation_x.backbone.layers_2.blocks.13.mlp.fc1.bias,False,foundation_backbone,False,False,False,0.0
4,foundation_x.backbone.layers_2.blocks.13.mlp.fc2.weight,False,foundation_backbone,False,False,False,0.0
4,foundation_x.backbone.layers_2.blocks.13.mlp.fc2.bias,False,foundation_backbone,False,False,False,0.0
4,foundation_x.backbone.layers_2.blocks.14.norm1.weight,False,foundation_backbone,False,False,False,0.0
4,foundation_x.backbone.layers_2.blocks.14.norm1.bias,False,foundation_backbone,False,False,False,0.0
4,foundation_x.backbone.layers_2.blocks.14.attn.relative_position_bias_table,False,foundation_backbone,False,False,False,0.0
4,foundation_x.backbone.layers_2.blocks.14.attn.qkv.weight,False,foundation_backbone,False,False,False,0.0
4,foundation_x.backbone.layers_2.blocks.14.attn.qkv.bias,False,foundation_backbone,False,False,False,0.0
4,foundation_x.backbone.layers_2.blocks.14.attn.proj.weight,False,foundation_backbone,False,False,False,0.0
4,foundation_x.backbone.layers_2.blocks.14.attn.proj.bias,False,foundation_backbone,False,False,False,0.0
4,foundation_x.backbone.layers_2.blocks.14.norm2.weight,False,foundation_backbone,False,False,False,0.0
4,foundation_x.backbone.layers_2.blocks.14.norm2.bias,False,foundation_backbone,False,False,False,0.0
4,foundation_x.backbone.layers_2.blocks.14.mlp.fc1.weight,False,foundation_backbone,False,False,False,0.0
4,foundation_x.backbone.layers_2.blocks.14.mlp.fc1.bias,False,foundation_backbone,False,False,False,0.0
4,foundation_x.backbone.layers_2.blocks.14.mlp.fc2.weight,False,foundation_backbone,False,False,False,0.0
4,foundation_x.backbone.layers_2.blocks.14.mlp.fc2.bias,False,foundation_backbone,False,False,False,0.0
4,foundation_x.backbone.layers_2.blocks.15.norm1.weight,False,foundation_backbone,False,False,False,0.0
4,foundation_x.backbone.layers_2.blocks.15.norm1.bias,False,foundation_backbone,False,False,False,0.0
4,foundation_x.backbone.layers_2.blocks.15.attn.relative_position_bias_table,False,foundation_backbone,False,False,False,0.0
4,foundation_x.backbone.layers_2.blocks.15.attn.qkv.weight,False,foundation_backbone,False,False,False,0.0
4,foundation_x.backbone.layers_2.blocks.15.attn.qkv.bias,False,foundation_backbone,False,False,False,0.0
4,foundation_x.backbone.layers_2.blocks.15.attn.proj.weight,False,foundation_backbone,False,False,False,0.0
4,foundation_x.backbone.layers_2.blocks.15.attn.proj.bias,False,foundation_backbone,False,False,False,0.0
4,foundation_x.backbone.layers_2.blocks.15.norm2.weight,False,foundation_backbone,False,False,False,0.0
4,foundation_x.backbone.layers_2.blocks.15.norm2.bias,False,foundation_backbone,False,False,False,0.0
4,foundation_x.backbone.layers_2.blocks.15.mlp.fc1.weight,False,foundation_backbone,False,False,False,0.0
4,foundation_x.backbone.layers_2.blocks.15.mlp.fc1.bias,False,foundation_backbone,False,False,False,0.0
4,foundation_x.backbone.layers_2.blocks.15.mlp.fc2.weight,False,foundation_backbone,False,False,False,0.0
4,foundation_x.backbone.layers_2.blocks.15.mlp.fc2.bias,False,foundation_backbone,False,False,False,0.0
4,foundation_x.backbone.layers_2.blocks.16.norm1.weight,False,foundation_backbone,False,False,False,0.0
4,foundation_x.backbone.layers_2.blocks.16.norm1.bias,False,foundation_backbone,False,False,False,0.0
4,foundation_x.backbone.layers_2.blocks.16.attn.relative_position_bias_table,False,foundation_backbone,False,False,False,0.0
4,foundation_x.backbone.layers_2.blocks.16.attn.qkv.weight,False,foundation_backbone,False,False,False,0.0
4,foundation_x.backbone.layers_2.blocks.16.attn.qkv.bias,False,foundation_backbone,False,False,False,0.0
4,foundation_x.backbone.layers_2.blocks.16.attn.proj.weight,False,foundation_backbone,False,False,False,0.0
4,foundation_x.backbone.layers_2.blocks.16.attn.proj.bias,False,foundation_backbone,False,False,False,0.0
4,foundation_x.backbone.layers_2.blocks.16.norm2.weight,False,foundation_backbone,False,False,False,0.0
4,foundation_x.backbone.layers_2.blocks.16.norm2.bias,False,foundation_backbone,False,False,False,0.0
4,foundation_x.backbone.layers_2.blocks.16.mlp.fc1.weight,False,foundation_backbone,False,False,False,0.0
4,foundation_x.backbone.layers_2.blocks.16.mlp.fc1.bias,False,foundation_backbone,False,False,False,0.0
4,foundation_x.backbone.layers_2.blocks.16.mlp.fc2.weight,False,foundation_backbone,False,False,False,0.0
4,foundation_x.backbone.layers_2.blocks.16.mlp.fc2.bias,False,foundation_backbone,False,False,False,0.0
4,foundation_x.backbone.layers_2.blocks.17.norm1.weight,False,foundation_backbone,False,False,False,0.0
4,foundation_x.backbone.layers_2.blocks.17.norm1.bias,False,foundation_backbone,False,False,False,0.0
4,foundation_x.backbone.layers_2.blocks.17.attn.relative_position_bias_table,False,foundation_backbone,False,False,False,0.0
4,foundation_x.backbone.layers_2.blocks.17.attn.qkv.weight,False,foundation_backbone,False,False,False,0.0
4,foundation_x.backbone.layers_2.blocks.17.attn.qkv.bias,False,foundation_backbone,False,False,False,0.0
4,foundation_x.backbone.layers_2.blocks.17.attn.proj.weight,False,foundation_backbone,False,False,False,0.0
4,foundation_x.backbone.layers_2.blocks.17.attn.proj.bias,False,foundation_backbone,False,False,False,0.0
4,foundation_x.backbone.layers_2.blocks.17.norm2.weight,False,foundation_backbone,False,False,False,0.0
4,foundation_x.backbone.layers_2.blocks.17.norm2.bias,False,foundation_backbone,False,False,False,0.0
4,foundation_x.backbone.layers_2.blocks.17.mlp.fc1.weight,False,foundation_backbone,False,False,False,0.0
4,foundation_x.backbone.layers_2.blocks.17.mlp.fc1.bias,False,foundation_backbone,False,False,False,0.0
4,foundation_x.backbone.layers_2.blocks.17.mlp.fc2.weight,False,foundation_backbone,False,False,False,0.0
4,foundation_x.backbone.layers_2.blocks.17.mlp.fc2.bias,False,foundation_backbone,False,False,False,0.0
4,foundation_x.backbone.layers_3.downsample.norm.weight,False,foundation_backbone,False,False,False,0.0
4,foundation_x.backbone.layers_3.downsample.norm.bias,False,foundation_backbone,False,False,False,0.0
4,foundation_x.backbone.layers_3.downsample.reduction.weight,False,foundation_backbone,False,False,False,0.0
4,foundation_x.backbone.layers_3.blocks.0.norm1.weight,False,foundation_backbone,False,False,False,0.0
4,foundation_x.backbone.layers_3.blocks.0.norm1.bias,False,foundation_backbone,False,False,False,0.0
4,foundation_x.backbone.layers_3.blocks.0.attn.relative_position_bias_table,False,foundation_backbone,False,False,False,0.0
4,foundation_x.backbone.layers_3.blocks.0.attn.qkv.weight,False,foundation_backbone,False,False,False,0.0
4,foundation_x.backbone.layers_3.blocks.0.attn.qkv.bias,False,foundation_backbone,False,False,False,0.0
4,foundation_x.backbone.layers_3.blocks.0.attn.proj.weight,False,foundation_backbone,False,False,False,0.0
4,foundation_x.backbone.layers_3.blocks.0.attn.proj.bias,False,foundation_backbone,False,False,False,0.0
4,foundation_x.backbone.layers_3.blocks.0.norm2.weight,False,foundation_backbone,False,False,False,0.0
4,foundation_x.backbone.layers_3.blocks.0.norm2.bias,False,foundation_backbone,False,False,False,0.0
4,foundation_x.backbone.layers_3.blocks.0.mlp.fc1.weight,False,foundation_backbone,False,False,False,0.0
4,foundation_x.backbone.layers_3.blocks.0.mlp.fc1.bias,False,foundation_backbone,False,False,False,0.0
4,foundation_x.backbone.layers_3.blocks.0.mlp.fc2.weight,False,foundation_backbone,False,False,False,0.0
4,foundation_x.backbone.layers_3.blocks.0.mlp.fc2.bias,False,foundation_backbone,False,False,False,0.0
4,foundation_x.backbone.layers_3.blocks.1.norm1.weight,False,foundation_backbone,False,False,False,0.0
4,foundation_x.backbone.layers_3.blocks.1.norm1.bias,False,foundation_backbone,False,False,False,0.0
4,foundation_x.backbone.layers_3.blocks.1.attn.relative_position_bias_table,False,foundation_backbone,False,False,False,0.0
4,foundation_x.backbone.layers_3.blocks.1.attn.qkv.weight,False,foundation_backbone,False,False,False,0.0
4,foundation_x.backbone.layers_3.blocks.1.attn.qkv.bias,False,foundation_backbone,False,False,False,0.0
4,foundation_x.backbone.layers_3.blocks.1.attn.proj.weight,False,foundation_backbone,False,False,False,0.0
4,foundation_x.backbone.layers_3.blocks.1.attn.proj.bias,False,foundation_backbone,False,False,False,0.0
4,foundation_x.backbone.layers_3.blocks.1.norm2.weight,False,foundation_backbone,False,False,False,0.0
4,foundation_x.backbone.layers_3.blocks.1.norm2.bias,False,foundation_backbone,False,False,False,0.0
4,foundation_x.backbone.layers_3.blocks.1.mlp.fc1.weight,False,foundation_backbone,False,False,False,0.0
4,foundation_x.backbone.layers_3.blocks.1.mlp.fc1.bias,False,foundation_backbone,False,False,False,0.0
4,foundation_x.backbone.layers_3.blocks.1.mlp.fc2.weight,False,foundation_backbone,False,False,False,0.0
4,foundation_x.backbone.layers_3.blocks.1.mlp.fc2.bias,False,foundation_backbone,False,False,False,0.0
4,enc1.block.0.weight,True,encoder_cnn,True,True,True,0.31088608503341675
4,enc1.block.1.weight,True,encoder_cnn,True,True,True,0.017160752788186073
4,enc1.block.1.bias,True,encoder_cnn,True,True,True,0.015756666660308838
4,enc1.block.3.weight,True,encoder_cnn,True,True,True,0.8943177461624146
4,enc1.block.4.weight,True,encoder_cnn,True,True,True,0.013041511178016663
4,enc1.block.4.bias,True,encoder_cnn,True,True,True,0.01514789555221796
4,enc2.block.0.weight,True,encoder_cnn,True,True,True,0.1285182684659958
4,enc2.block.1.weight,True,encoder_cnn,True,True,True,0.0023652585223317146
4,enc2.block.1.bias,True,encoder_cnn,True,True,True,0.0024910885840654373
4,enc2.block.3.weight,True,encoder_cnn,True,True,True,0.14105649292469025
4,enc2.block.4.weight,True,encoder_cnn,True,True,True,0.0021040593273937702
4,enc2.block.4.bias,True,encoder_cnn,True,True,True,0.0022875622380524874
4,enc3.block.0.weight,True,encoder_cnn,True,True,True,0.020035328343510628
4,enc3.block.1.weight,True,encoder_cnn,True,True,True,0.0002929909387603402
4,enc3.block.1.bias,True,encoder_cnn,True,True,True,0.0002643628977239132
4,enc3.block.3.weight,True,encoder_cnn,True,True,True,0.024708878248929977
4,enc3.block.4.weight,True,encoder_cnn,True,True,True,0.00026086525758728385
4,enc3.block.4.bias,True,encoder_cnn,True,True,True,0.00023366397363133729
4,enc4.block.0.weight,True,encoder_cnn,True,True,True,0.007417101413011551
4,enc4.block.1.weight,True,encoder_cnn,True,True,True,7.780820305924863e-05
4,enc4.block.1.bias,True,encoder_cnn,True,True,True,5.424774644779973e-05
4,enc4.block.3.weight,True,encoder_cnn,True,True,True,0.009090771898627281
4,enc4.block.4.weight,True,encoder_cnn,True,True,True,6.410284549929202e-05
4,enc4.block.4.bias,True,encoder_cnn,True,True,True,4.977237404091284e-05
4,fusion_e3.conv.0.weight,True,adapter_fusion,True,True,True,0.01639583148062229
4,fusion_e3.conv.0.bias,True,adapter_fusion,True,True,True,6.950622299939369e-10
4,fusion_e3.conv.1.weight,True,adapter_fusion,True,True,True,0.0003767427406273782
4,fusion_e3.conv.1.bias,True,adapter_fusion,True,True,True,0.00036226792144589126
4,fusion_e4.conv.0.weight,True,adapter_fusion,True,True,True,0.005288501735776663
4,fusion_e4.conv.0.bias,True,adapter_fusion,True,True,True,8.395770884073173e-11
4,fusion_e4.conv.1.weight,True,adapter_fusion,True,True,True,9.158030297840014e-05
4,fusion_e4.conv.1.bias,True,adapter_fusion,True,True,True,7.646674202987924e-05
4,h16_unet_context.block.0.weight,True,other_trainable,True,True,True,0.001004719058983028
4,h16_unet_context.block.1.weight,True,other_trainable,True,True,True,7.190857559180586e-06
4,h16_unet_context.block.1.bias,True,other_trainable,True,True,True,5.99471059103962e-06
4,h16_unet_context.block.3.weight,True,other_trainable,True,True,True,0.0011745960218831897
4,h16_unet_context.block.4.weight,True,other_trainable,True,True,True,5.707951913791476e-06
4,h16_unet_context.block.4.bias,True,other_trainable,True,True,True,4.909548351861304e-06
4,h16_fx_context.conv.0.weight,True,adapter_fusion,True,True,True,0.004024592228233814
4,h16_fx_context.conv.0.bias,True,adapter_fusion,True,True,True,4.445980909817404e-12
4,h16_fx_context.conv.1.weight,True,adapter_fusion,True,True,True,4.3848860514117405e-05
4,h16_fx_context.conv.1.bias,True,adapter_fusion,True,True,True,3.393526640138589e-05
4,h32_context_head.block.0.weight,True,adapter_fusion,True,True,True,0.002972410758957267
4,h32_context_head.block.1.weight,True,adapter_fusion,True,True,True,1.4279269635153469e-05
4,h32_context_head.block.1.bias,True,adapter_fusion,True,True,True,1.3271451280161273e-05
4,h32_context_head.block.3.weight,True,adapter_fusion,True,True,True,0.0023510821629315615
4,h32_context_head.block.4.weight,True,adapter_fusion,True,True,True,1.3612570910481736e-05
4,h32_context_head.block.4.bias,True,adapter_fusion,True,True,True,1.2774002243531868e-05
4,h32_to_h16.weight,True,adapter_fusion,True,True,True,0.001500063925050199
4,h32_to_h16.bias,True,adapter_fusion,True,True,True,1.6475523807457648e-05
4,context_merge.block.0.weight,True,adapter_fusion,True,True,True,0.01056995801627636
4,context_merge.block.1.weight,True,adapter_fusion,True,True,True,3.966673102695495e-05
4,context_merge.block.1.bias,True,adapter_fusion,True,True,True,3.126656520180404e-05
4,context_merge.block.3.weight,True,adapter_fusion,True,True,True,0.006614093668758869
4,context_merge.block.4.weight,True,adapter_fusion,True,True,True,3.7581459764624014e-05
4,context_merge.block.4.bias,True,adapter_fusion,True,True,True,3.5028220736421645e-05
4,up4.weight,True,decoder_head,True,True,True,0.003075903747230768
4,up4.bias,True,decoder_head,True,True,True,3.348118480062112e-05
4,dec4.block.0.weight,True,decoder_head,True,True,True,0.017001889646053314
4,dec4.block.1.weight,True,decoder_head,True,True,True,9.312938345829025e-05
4,dec4.block.1.bias,True,decoder_head,True,True,True,8.161102596204728e-05
4,dec4.block.3.weight,True,decoder_head,True,True,True,0.010766061022877693
4,dec4.block.4.weight,True,decoder_head,True,True,True,9.637098264647648e-05
4,dec4.block.4.bias,True,decoder_head,True,True,True,9.235827747033909e-05
4,up3.weight,True,decoder_head,True,True,True,0.005273571703583002
4,up3.bias,True,decoder_head,True,True,True,7.948442362248898e-05
4,dec3.block.0.weight,True,decoder_head,True,True,True,0.04791024699807167
4,dec3.block.1.weight,True,decoder_head,True,True,True,0.0003892292734235525
4,dec3.block.1.bias,True,decoder_head,True,True,True,0.0003620640200097114
4,dec3.block.3.weight,True,decoder_head,True,True,True,0.0320516973733902
4,dec3.block.4.weight,True,decoder_head,True,True,True,0.00043800982530228794
4,dec3.block.4.bias,True,decoder_head,True,True,True,0.0005192987155169249
4,up2.weight,True,decoder_head,True,True,True,0.01730419509112835
4,up2.bias,True,decoder_head,True,True,True,0.00024096979177556932
4,dec2.block.0.weight,True,decoder_head,True,True,True,0.176838219165802
4,dec2.block.1.weight,True,decoder_head,True,True,True,0.0019741314463317394
4,dec2.block.1.bias,True,decoder_head,True,True,True,0.002210695296525955
4,dec2.block.3.weight,True,decoder_head,True,True,True,0.11105397343635559
4,dec2.block.4.weight,True,decoder_head,True,True,True,0.0024847399909049273
4,dec2.block.4.bias,True,decoder_head,True,True,True,0.0033425597939640284
4,up1.weight,True,decoder_head,True,True,True,0.06803302466869354
4,up1.bias,True,decoder_head,True,True,True,0.00047139471280388534
4,dec1.block.0.weight,True,decoder_head,True,True,True,0.766010046005249
4,dec1.block.1.weight,True,decoder_head,True,True,True,0.010618632659316063
4,dec1.block.1.bias,True,decoder_head,True,True,True,0.011517913080751896
4,dec1.block.3.weight,True,decoder_head,True,True,True,0.4926278591156006
4,dec1.block.4.weight,True,decoder_head,True,True,True,0.11211336404085159
4,dec1.block.4.bias,True,decoder_head,True,True,True,0.15342992544174194
4,final.weight,True,decoder_head,True,True,True,1.705722689628601
4,final.bias,True,decoder_head,True,True,True,0.5918905138969421
5,foundation_x.backbone.patch_embed.proj.weight,False,foundation_backbone,False,False,False,0.0
5,foundation_x.backbone.patch_embed.proj.bias,False,foundation_backbone,False,False,False,0.0
5,foundation_x.backbone.patch_embed.norm.weight,False,foundation_backbone,False,False,False,0.0
5,foundation_x.backbone.patch_embed.norm.bias,False,foundation_backbone,False,False,False,0.0
5,foundation_x.backbone.layers_0.blocks.0.norm1.weight,False,foundation_backbone,False,False,False,0.0
5,foundation_x.backbone.layers_0.blocks.0.norm1.bias,False,foundation_backbone,False,False,False,0.0
5,foundation_x.backbone.layers_0.blocks.0.attn.relative_position_bias_table,False,foundation_backbone,False,False,False,0.0
5,foundation_x.backbone.layers_0.blocks.0.attn.qkv.weight,False,foundation_backbone,False,False,False,0.0
5,foundation_x.backbone.layers_0.blocks.0.attn.qkv.bias,False,foundation_backbone,False,False,False,0.0
5,foundation_x.backbone.layers_0.blocks.0.attn.proj.weight,False,foundation_backbone,False,False,False,0.0
5,foundation_x.backbone.layers_0.blocks.0.attn.proj.bias,False,foundation_backbone,False,False,False,0.0
5,foundation_x.backbone.layers_0.blocks.0.norm2.weight,False,foundation_backbone,False,False,False,0.0
5,foundation_x.backbone.layers_0.blocks.0.norm2.bias,False,foundation_backbone,False,False,False,0.0
5,foundation_x.backbone.layers_0.blocks.0.mlp.fc1.weight,False,foundation_backbone,False,False,False,0.0
5,foundation_x.backbone.layers_0.blocks.0.mlp.fc1.bias,False,foundation_backbone,False,False,False,0.0
5,foundation_x.backbone.layers_0.blocks.0.mlp.fc2.weight,False,foundation_backbone,False,False,False,0.0
5,foundation_x.backbone.layers_0.blocks.0.mlp.fc2.bias,False,foundation_backbone,False,False,False,0.0
5,foundation_x.backbone.layers_0.blocks.1.norm1.weight,False,foundation_backbone,False,False,False,0.0
5,foundation_x.backbone.layers_0.blocks.1.norm1.bias,False,foundation_backbone,False,False,False,0.0
5,foundation_x.backbone.layers_0.blocks.1.attn.relative_position_bias_table,False,foundation_backbone,False,False,False,0.0
5,foundation_x.backbone.layers_0.blocks.1.attn.qkv.weight,False,foundation_backbone,False,False,False,0.0
5,foundation_x.backbone.layers_0.blocks.1.attn.qkv.bias,False,foundation_backbone,False,False,False,0.0
5,foundation_x.backbone.layers_0.blocks.1.attn.proj.weight,False,foundation_backbone,False,False,False,0.0
5,foundation_x.backbone.layers_0.blocks.1.attn.proj.bias,False,foundation_backbone,False,False,False,0.0
5,foundation_x.backbone.layers_0.blocks.1.norm2.weight,False,foundation_backbone,False,False,False,0.0
5,foundation_x.backbone.layers_0.blocks.1.norm2.bias,False,foundation_backbone,False,False,False,0.0
5,foundation_x.backbone.layers_0.blocks.1.mlp.fc1.weight,False,foundation_backbone,False,False,False,0.0
5,foundation_x.backbone.layers_0.blocks.1.mlp.fc1.bias,False,foundation_backbone,False,False,False,0.0
5,foundation_x.backbone.layers_0.blocks.1.mlp.fc2.weight,False,foundation_backbone,False,False,False,0.0
5,foundation_x.backbone.layers_0.blocks.1.mlp.fc2.bias,False,foundation_backbone,False,False,False,0.0
5,foundation_x.backbone.layers_1.downsample.norm.weight,False,foundation_backbone,False,False,False,0.0
5,foundation_x.backbone.layers_1.downsample.norm.bias,False,foundation_backbone,False,False,False,0.0
5,foundation_x.backbone.layers_1.downsample.reduction.weight,False,foundation_backbone,False,False,False,0.0
5,foundation_x.backbone.layers_1.blocks.0.norm1.weight,False,foundation_backbone,False,False,False,0.0
5,foundation_x.backbone.layers_1.blocks.0.norm1.bias,False,foundation_backbone,False,False,False,0.0
5,foundation_x.backbone.layers_1.blocks.0.attn.relative_position_bias_table,False,foundation_backbone,False,False,False,0.0
5,foundation_x.backbone.layers_1.blocks.0.attn.qkv.weight,False,foundation_backbone,False,False,False,0.0
5,foundation_x.backbone.layers_1.blocks.0.attn.qkv.bias,False,foundation_backbone,False,False,False,0.0
5,foundation_x.backbone.layers_1.blocks.0.attn.proj.weight,False,foundation_backbone,False,False,False,0.0
5,foundation_x.backbone.layers_1.blocks.0.attn.proj.bias,False,foundation_backbone,False,False,False,0.0
5,foundation_x.backbone.layers_1.blocks.0.norm2.weight,False,foundation_backbone,False,False,False,0.0
5,foundation_x.backbone.layers_1.blocks.0.norm2.bias,False,foundation_backbone,False,False,False,0.0
5,foundation_x.backbone.layers_1.blocks.0.mlp.fc1.weight,False,foundation_backbone,False,False,False,0.0
5,foundation_x.backbone.layers_1.blocks.0.mlp.fc1.bias,False,foundation_backbone,False,False,False,0.0
5,foundation_x.backbone.layers_1.blocks.0.mlp.fc2.weight,False,foundation_backbone,False,False,False,0.0
5,foundation_x.backbone.layers_1.blocks.0.mlp.fc2.bias,False,foundation_backbone,False,False,False,0.0
5,foundation_x.backbone.layers_1.blocks.1.norm1.weight,False,foundation_backbone,False,False,False,0.0
5,foundation_x.backbone.layers_1.blocks.1.norm1.bias,False,foundation_backbone,False,False,False,0.0
5,foundation_x.backbone.layers_1.blocks.1.attn.relative_position_bias_table,False,foundation_backbone,False,False,False,0.0
5,foundation_x.backbone.layers_1.blocks.1.attn.qkv.weight,False,foundation_backbone,False,False,False,0.0
5,foundation_x.backbone.layers_1.blocks.1.attn.qkv.bias,False,foundation_backbone,False,False,False,0.0
5,foundation_x.backbone.layers_1.blocks.1.attn.proj.weight,False,foundation_backbone,False,False,False,0.0
5,foundation_x.backbone.layers_1.blocks.1.attn.proj.bias,False,foundation_backbone,False,False,False,0.0
5,foundation_x.backbone.layers_1.blocks.1.norm2.weight,False,foundation_backbone,False,False,False,0.0
5,foundation_x.backbone.layers_1.blocks.1.norm2.bias,False,foundation_backbone,False,False,False,0.0
5,foundation_x.backbone.layers_1.blocks.1.mlp.fc1.weight,False,foundation_backbone,False,False,False,0.0
5,foundation_x.backbone.layers_1.blocks.1.mlp.fc1.bias,False,foundation_backbone,False,False,False,0.0
5,foundation_x.backbone.layers_1.blocks.1.mlp.fc2.weight,False,foundation_backbone,False,False,False,0.0
5,foundation_x.backbone.layers_1.blocks.1.mlp.fc2.bias,False,foundation_backbone,False,False,False,0.0
5,foundation_x.backbone.layers_2.downsample.norm.weight,False,foundation_backbone,False,False,False,0.0
5,foundation_x.backbone.layers_2.downsample.norm.bias,False,foundation_backbone,False,False,False,0.0
5,foundation_x.backbone.layers_2.downsample.reduction.weight,False,foundation_backbone,False,False,False,0.0
5,foundation_x.backbone.layers_2.blocks.0.norm1.weight,False,foundation_backbone,False,False,False,0.0
5,foundation_x.backbone.layers_2.blocks.0.norm1.bias,False,foundation_backbone,False,False,False,0.0
5,foundation_x.backbone.layers_2.blocks.0.attn.relative_position_bias_table,False,foundation_backbone,False,False,False,0.0
5,foundation_x.backbone.layers_2.blocks.0.attn.qkv.weight,False,foundation_backbone,False,False,False,0.0
5,foundation_x.backbone.layers_2.blocks.0.attn.qkv.bias,False,foundation_backbone,False,False,False,0.0
5,foundation_x.backbone.layers_2.blocks.0.attn.proj.weight,False,foundation_backbone,False,False,False,0.0
5,foundation_x.backbone.layers_2.blocks.0.attn.proj.bias,False,foundation_backbone,False,False,False,0.0
5,foundation_x.backbone.layers_2.blocks.0.norm2.weight,False,foundation_backbone,False,False,False,0.0
5,foundation_x.backbone.layers_2.blocks.0.norm2.bias,False,foundation_backbone,False,False,False,0.0
5,foundation_x.backbone.layers_2.blocks.0.mlp.fc1.weight,False,foundation_backbone,False,False,False,0.0
5,foundation_x.backbone.layers_2.blocks.0.mlp.fc1.bias,False,foundation_backbone,False,False,False,0.0
5,foundation_x.backbone.layers_2.blocks.0.mlp.fc2.weight,False,foundation_backbone,False,False,False,0.0
5,foundation_x.backbone.layers_2.blocks.0.mlp.fc2.bias,False,foundation_backbone,False,False,False,0.0
5,foundation_x.backbone.layers_2.blocks.1.norm1.weight,False,foundation_backbone,False,False,False,0.0
5,foundation_x.backbone.layers_2.blocks.1.norm1.bias,False,foundation_backbone,False,False,False,0.0
5,foundation_x.backbone.layers_2.blocks.1.attn.relative_position_bias_table,False,foundation_backbone,False,False,False,0.0
5,foundation_x.backbone.layers_2.blocks.1.attn.qkv.weight,False,foundation_backbone,False,False,False,0.0
5,foundation_x.backbone.layers_2.blocks.1.attn.qkv.bias,False,foundation_backbone,False,False,False,0.0
5,foundation_x.backbone.layers_2.blocks.1.attn.proj.weight,False,foundation_backbone,False,False,False,0.0
5,foundation_x.backbone.layers_2.blocks.1.attn.proj.bias,False,foundation_backbone,False,False,False,0.0
5,foundation_x.backbone.layers_2.blocks.1.norm2.weight,False,foundation_backbone,False,False,False,0.0
5,foundation_x.backbone.layers_2.blocks.1.norm2.bias,False,foundation_backbone,False,False,False,0.0
5,foundation_x.backbone.layers_2.blocks.1.mlp.fc1.weight,False,foundation_backbone,False,False,False,0.0
5,foundation_x.backbone.layers_2.blocks.1.mlp.fc1.bias,False,foundation_backbone,False,False,False,0.0
5,foundation_x.backbone.layers_2.blocks.1.mlp.fc2.weight,False,foundation_backbone,False,False,False,0.0
5,foundation_x.backbone.layers_2.blocks.1.mlp.fc2.bias,False,foundation_backbone,False,False,False,0.0
5,foundation_x.backbone.layers_2.blocks.2.norm1.weight,False,foundation_backbone,False,False,False,0.0
5,foundation_x.backbone.layers_2.blocks.2.norm1.bias,False,foundation_backbone,False,False,False,0.0
5,foundation_x.backbone.layers_2.blocks.2.attn.relative_position_bias_table,False,foundation_backbone,False,False,False,0.0
5,foundation_x.backbone.layers_2.blocks.2.attn.qkv.weight,False,foundation_backbone,False,False,False,0.0
5,foundation_x.backbone.layers_2.blocks.2.attn.qkv.bias,False,foundation_backbone,False,False,False,0.0
5,foundation_x.backbone.layers_2.blocks.2.attn.proj.weight,False,foundation_backbone,False,False,False,0.0
5,foundation_x.backbone.layers_2.blocks.2.attn.proj.bias,False,foundation_backbone,False,False,False,0.0
5,foundation_x.backbone.layers_2.blocks.2.norm2.weight,False,foundation_backbone,False,False,False,0.0
5,foundation_x.backbone.layers_2.blocks.2.norm2.bias,False,foundation_backbone,False,False,False,0.0
5,foundation_x.backbone.layers_2.blocks.2.mlp.fc1.weight,False,foundation_backbone,False,False,False,0.0
5,foundation_x.backbone.layers_2.blocks.2.mlp.fc1.bias,False,foundation_backbone,False,False,False,0.0
5,foundation_x.backbone.layers_2.blocks.2.mlp.fc2.weight,False,foundation_backbone,False,False,False,0.0
5,foundation_x.backbone.layers_2.blocks.2.mlp.fc2.bias,False,foundation_backbone,False,False,False,0.0
5,foundation_x.backbone.layers_2.blocks.3.norm1.weight,False,foundation_backbone,False,False,False,0.0
5,foundation_x.backbone.layers_2.blocks.3.norm1.bias,False,foundation_backbone,False,False,False,0.0
5,foundation_x.backbone.layers_2.blocks.3.attn.relative_position_bias_table,False,foundation_backbone,False,False,False,0.0
5,foundation_x.backbone.layers_2.blocks.3.attn.qkv.weight,False,foundation_backbone,False,False,False,0.0
5,foundation_x.backbone.layers_2.blocks.3.attn.qkv.bias,False,foundation_backbone,False,False,False,0.0
5,foundation_x.backbone.layers_2.blocks.3.attn.proj.weight,False,foundation_backbone,False,False,False,0.0
5,foundation_x.backbone.layers_2.blocks.3.attn.proj.bias,False,foundation_backbone,False,False,False,0.0
5,foundation_x.backbone.layers_2.blocks.3.norm2.weight,False,foundation_backbone,False,False,False,0.0
5,foundation_x.backbone.layers_2.blocks.3.norm2.bias,False,foundation_backbone,False,False,False,0.0
5,foundation_x.backbone.layers_2.blocks.3.mlp.fc1.weight,False,foundation_backbone,False,False,False,0.0
5,foundation_x.backbone.layers_2.blocks.3.mlp.fc1.bias,False,foundation_backbone,False,False,False,0.0
5,foundation_x.backbone.layers_2.blocks.3.mlp.fc2.weight,False,foundation_backbone,False,False,False,0.0
5,foundation_x.backbone.layers_2.blocks.3.mlp.fc2.bias,False,foundation_backbone,False,False,False,0.0
5,foundation_x.backbone.layers_2.blocks.4.norm1.weight,False,foundation_backbone,False,False,False,0.0
5,foundation_x.backbone.layers_2.blocks.4.norm1.bias,False,foundation_backbone,False,False,False,0.0
5,foundation_x.backbone.layers_2.blocks.4.attn.relative_position_bias_table,False,foundation_backbone,False,False,False,0.0
5,foundation_x.backbone.layers_2.blocks.4.attn.qkv.weight,False,foundation_backbone,False,False,False,0.0
5,foundation_x.backbone.layers_2.blocks.4.attn.qkv.bias,False,foundation_backbone,False,False,False,0.0
5,foundation_x.backbone.layers_2.blocks.4.attn.proj.weight,False,foundation_backbone,False,False,False,0.0
5,foundation_x.backbone.layers_2.blocks.4.attn.proj.bias,False,foundation_backbone,False,False,False,0.0
5,foundation_x.backbone.layers_2.blocks.4.norm2.weight,False,foundation_backbone,False,False,False,0.0
5,foundation_x.backbone.layers_2.blocks.4.norm2.bias,False,foundation_backbone,False,False,False,0.0
5,foundation_x.backbone.layers_2.blocks.4.mlp.fc1.weight,False,foundation_backbone,False,False,False,0.0
5,foundation_x.backbone.layers_2.blocks.4.mlp.fc1.bias,False,foundation_backbone,False,False,False,0.0
5,foundation_x.backbone.layers_2.blocks.4.mlp.fc2.weight,False,foundation_backbone,False,False,False,0.0
5,foundation_x.backbone.layers_2.blocks.4.mlp.fc2.bias,False,foundation_backbone,False,False,False,0.0
5,foundation_x.backbone.layers_2.blocks.5.norm1.weight,False,foundation_backbone,False,False,False,0.0
5,foundation_x.backbone.layers_2.blocks.5.norm1.bias,False,foundation_backbone,False,False,False,0.0
5,foundation_x.backbone.layers_2.blocks.5.attn.relative_position_bias_table,False,foundation_backbone,False,False,False,0.0
5,foundation_x.backbone.layers_2.blocks.5.attn.qkv.weight,False,foundation_backbone,False,False,False,0.0
5,foundation_x.backbone.layers_2.blocks.5.attn.qkv.bias,False,foundation_backbone,False,False,False,0.0
5,foundation_x.backbone.layers_2.blocks.5.attn.proj.weight,False,foundation_backbone,False,False,False,0.0
5,foundation_x.backbone.layers_2.blocks.5.attn.proj.bias,False,foundation_backbone,False,False,False,0.0
5,foundation_x.backbone.layers_2.blocks.5.norm2.weight,False,foundation_backbone,False,False,False,0.0
5,foundation_x.backbone.layers_2.blocks.5.norm2.bias,False,foundation_backbone,False,False,False,0.0
5,foundation_x.backbone.layers_2.blocks.5.mlp.fc1.weight,False,foundation_backbone,False,False,False,0.0
5,foundation_x.backbone.layers_2.blocks.5.mlp.fc1.bias,False,foundation_backbone,False,False,False,0.0
5,foundation_x.backbone.layers_2.blocks.5.mlp.fc2.weight,False,foundation_backbone,False,False,False,0.0
5,foundation_x.backbone.layers_2.blocks.5.mlp.fc2.bias,False,foundation_backbone,False,False,False,0.0
5,foundation_x.backbone.layers_2.blocks.6.norm1.weight,False,foundation_backbone,False,False,False,0.0
5,foundation_x.backbone.layers_2.blocks.6.norm1.bias,False,foundation_backbone,False,False,False,0.0
5,foundation_x.backbone.layers_2.blocks.6.attn.relative_position_bias_table,False,foundation_backbone,False,False,False,0.0
5,foundation_x.backbone.layers_2.blocks.6.attn.qkv.weight,False,foundation_backbone,False,False,False,0.0
5,foundation_x.backbone.layers_2.blocks.6.attn.qkv.bias,False,foundation_backbone,False,False,False,0.0
5,foundation_x.backbone.layers_2.blocks.6.attn.proj.weight,False,foundation_backbone,False,False,False,0.0
5,foundation_x.backbone.layers_2.blocks.6.attn.proj.bias,False,foundation_backbone,False,False,False,0.0
5,foundation_x.backbone.layers_2.blocks.6.norm2.weight,False,foundation_backbone,False,False,False,0.0
5,foundation_x.backbone.layers_2.blocks.6.norm2.bias,False,foundation_backbone,False,False,False,0.0
5,foundation_x.backbone.layers_2.blocks.6.mlp.fc1.weight,False,foundation_backbone,False,False,False,0.0
5,foundation_x.backbone.layers_2.blocks.6.mlp.fc1.bias,False,foundation_backbone,False,False,False,0.0
5,foundation_x.backbone.layers_2.blocks.6.mlp.fc2.weight,False,foundation_backbone,False,False,False,0.0
5,foundation_x.backbone.layers_2.blocks.6.mlp.fc2.bias,False,foundation_backbone,False,False,False,0.0
5,foundation_x.backbone.layers_2.blocks.7.norm1.weight,False,foundation_backbone,False,False,False,0.0
5,foundation_x.backbone.layers_2.blocks.7.norm1.bias,False,foundation_backbone,False,False,False,0.0
5,foundation_x.backbone.layers_2.blocks.7.attn.relative_position_bias_table,False,foundation_backbone,False,False,False,0.0
5,foundation_x.backbone.layers_2.blocks.7.attn.qkv.weight,False,foundation_backbone,False,False,False,0.0
5,foundation_x.backbone.layers_2.blocks.7.attn.qkv.bias,False,foundation_backbone,False,False,False,0.0
5,foundation_x.backbone.layers_2.blocks.7.attn.proj.weight,False,foundation_backbone,False,False,False,0.0
5,foundation_x.backbone.layers_2.blocks.7.attn.proj.bias,False,foundation_backbone,False,False,False,0.0
5,foundation_x.backbone.layers_2.blocks.7.norm2.weight,False,foundation_backbone,False,False,False,0.0
5,foundation_x.backbone.layers_2.blocks.7.norm2.bias,False,foundation_backbone,False,False,False,0.0
5,foundation_x.backbone.layers_2.blocks.7.mlp.fc1.weight,False,foundation_backbone,False,False,False,0.0
5,foundation_x.backbone.layers_2.blocks.7.mlp.fc1.bias,False,foundation_backbone,False,False,False,0.0
5,foundation_x.backbone.layers_2.blocks.7.mlp.fc2.weight,False,foundation_backbone,False,False,False,0.0
5,foundation_x.backbone.layers_2.blocks.7.mlp.fc2.bias,False,foundation_backbone,False,False,False,0.0
5,foundation_x.backbone.layers_2.blocks.8.norm1.weight,False,foundation_backbone,False,False,False,0.0
5,foundation_x.backbone.layers_2.blocks.8.norm1.bias,False,foundation_backbone,False,False,False,0.0
5,foundation_x.backbone.layers_2.blocks.8.attn.relative_position_bias_table,False,foundation_backbone,False,False,False,0.0
5,foundation_x.backbone.layers_2.blocks.8.attn.qkv.weight,False,foundation_backbone,False,False,False,0.0
5,foundation_x.backbone.layers_2.blocks.8.attn.qkv.bias,False,foundation_backbone,False,False,False,0.0
5,foundation_x.backbone.layers_2.blocks.8.attn.proj.weight,False,foundation_backbone,False,False,False,0.0
5,foundation_x.backbone.layers_2.blocks.8.attn.proj.bias,False,foundation_backbone,False,False,False,0.0
5,foundation_x.backbone.layers_2.blocks.8.norm2.weight,False,foundation_backbone,False,False,False,0.0
5,foundation_x.backbone.layers_2.blocks.8.norm2.bias,False,foundation_backbone,False,False,False,0.0
5,foundation_x.backbone.layers_2.blocks.8.mlp.fc1.weight,False,foundation_backbone,False,False,False,0.0
5,foundation_x.backbone.layers_2.blocks.8.mlp.fc1.bias,False,foundation_backbone,False,False,False,0.0
5,foundation_x.backbone.layers_2.blocks.8.mlp.fc2.weight,False,foundation_backbone,False,False,False,0.0
5,foundation_x.backbone.layers_2.blocks.8.mlp.fc2.bias,False,foundation_backbone,False,False,False,0.0
5,foundation_x.backbone.layers_2.blocks.9.norm1.weight,False,foundation_backbone,False,False,False,0.0
5,foundation_x.backbone.layers_2.blocks.9.norm1.bias,False,foundation_backbone,False,False,False,0.0
5,foundation_x.backbone.layers_2.blocks.9.attn.relative_position_bias_table,False,foundation_backbone,False,False,False,0.0
5,foundation_x.backbone.layers_2.blocks.9.attn.qkv.weight,False,foundation_backbone,False,False,False,0.0
5,foundation_x.backbone.layers_2.blocks.9.attn.qkv.bias,False,foundation_backbone,False,False,False,0.0
5,foundation_x.backbone.layers_2.blocks.9.attn.proj.weight,False,foundation_backbone,False,False,False,0.0
5,foundation_x.backbone.layers_2.blocks.9.attn.proj.bias,False,foundation_backbone,False,False,False,0.0
5,foundation_x.backbone.layers_2.blocks.9.norm2.weight,False,foundation_backbone,False,False,False,0.0
5,foundation_x.backbone.layers_2.blocks.9.norm2.bias,False,foundation_backbone,False,False,False,0.0
5,foundation_x.backbone.layers_2.blocks.9.mlp.fc1.weight,False,foundation_backbone,False,False,False,0.0
5,foundation_x.backbone.layers_2.blocks.9.mlp.fc1.bias,False,foundation_backbone,False,False,False,0.0
5,foundation_x.backbone.layers_2.blocks.9.mlp.fc2.weight,False,foundation_backbone,False,False,False,0.0
5,foundation_x.backbone.layers_2.blocks.9.mlp.fc2.bias,False,foundation_backbone,False,False,False,0.0
5,foundation_x.backbone.layers_2.blocks.10.norm1.weight,False,foundation_backbone,False,False,False,0.0
5,foundation_x.backbone.layers_2.blocks.10.norm1.bias,False,foundation_backbone,False,False,False,0.0
5,foundation_x.backbone.layers_2.blocks.10.attn.relative_position_bias_table,False,foundation_backbone,False,False,False,0.0
5,foundation_x.backbone.layers_2.blocks.10.attn.qkv.weight,False,foundation_backbone,False,False,False,0.0
5,foundation_x.backbone.layers_2.blocks.10.attn.qkv.bias,False,foundation_backbone,False,False,False,0.0
5,foundation_x.backbone.layers_2.blocks.10.attn.proj.weight,False,foundation_backbone,False,False,False,0.0
5,foundation_x.backbone.layers_2.blocks.10.attn.proj.bias,False,foundation_backbone,False,False,False,0.0
5,foundation_x.backbone.layers_2.blocks.10.norm2.weight,False,foundation_backbone,False,False,False,0.0
5,foundation_x.backbone.layers_2.blocks.10.norm2.bias,False,foundation_backbone,False,False,False,0.0
5,foundation_x.backbone.layers_2.blocks.10.mlp.fc1.weight,False,foundation_backbone,False,False,False,0.0
5,foundation_x.backbone.layers_2.blocks.10.mlp.fc1.bias,False,foundation_backbone,False,False,False,0.0
5,foundation_x.backbone.layers_2.blocks.10.mlp.fc2.weight,False,foundation_backbone,False,False,False,0.0
5,foundation_x.backbone.layers_2.blocks.10.mlp.fc2.bias,False,foundation_backbone,False,False,False,0.0
5,foundation_x.backbone.layers_2.blocks.11.norm1.weight,False,foundation_backbone,False,False,False,0.0
5,foundation_x.backbone.layers_2.blocks.11.norm1.bias,False,foundation_backbone,False,False,False,0.0
5,foundation_x.backbone.layers_2.blocks.11.attn.relative_position_bias_table,False,foundation_backbone,False,False,False,0.0
5,foundation_x.backbone.layers_2.blocks.11.attn.qkv.weight,False,foundation_backbone,False,False,False,0.0
5,foundation_x.backbone.layers_2.blocks.11.attn.qkv.bias,False,foundation_backbone,False,False,False,0.0
5,foundation_x.backbone.layers_2.blocks.11.attn.proj.weight,False,foundation_backbone,False,False,False,0.0
5,foundation_x.backbone.layers_2.blocks.11.attn.proj.bias,False,foundation_backbone,False,False,False,0.0
5,foundation_x.backbone.layers_2.blocks.11.norm2.weight,False,foundation_backbone,False,False,False,0.0
5,foundation_x.backbone.layers_2.blocks.11.norm2.bias,False,foundation_backbone,False,False,False,0.0
5,foundation_x.backbone.layers_2.blocks.11.mlp.fc1.weight,False,foundation_backbone,False,False,False,0.0
5,foundation_x.backbone.layers_2.blocks.11.mlp.fc1.bias,False,foundation_backbone,False,False,False,0.0
5,foundation_x.backbone.layers_2.blocks.11.mlp.fc2.weight,False,foundation_backbone,False,False,False,0.0
5,foundation_x.backbone.layers_2.blocks.11.mlp.fc2.bias,False,foundation_backbone,False,False,False,0.0
5,foundation_x.backbone.layers_2.blocks.12.norm1.weight,False,foundation_backbone,False,False,False,0.0
5,foundation_x.backbone.layers_2.blocks.12.norm1.bias,False,foundation_backbone,False,False,False,0.0
5,foundation_x.backbone.layers_2.blocks.12.attn.relative_position_bias_table,False,foundation_backbone,False,False,False,0.0
5,foundation_x.backbone.layers_2.blocks.12.attn.qkv.weight,False,foundation_backbone,False,False,False,0.0
5,foundation_x.backbone.layers_2.blocks.12.attn.qkv.bias,False,foundation_backbone,False,False,False,0.0
5,foundation_x.backbone.layers_2.blocks.12.attn.proj.weight,False,foundation_backbone,False,False,False,0.0
5,foundation_x.backbone.layers_2.blocks.12.attn.proj.bias,False,foundation_backbone,False,False,False,0.0
5,foundation_x.backbone.layers_2.blocks.12.norm2.weight,False,foundation_backbone,False,False,False,0.0
5,foundation_x.backbone.layers_2.blocks.12.norm2.bias,False,foundation_backbone,False,False,False,0.0
5,foundation_x.backbone.layers_2.blocks.12.mlp.fc1.weight,False,foundation_backbone,False,False,False,0.0
5,foundation_x.backbone.layers_2.blocks.12.mlp.fc1.bias,False,foundation_backbone,False,False,False,0.0
5,foundation_x.backbone.layers_2.blocks.12.mlp.fc2.weight,False,foundation_backbone,False,False,False,0.0
5,foundation_x.backbone.layers_2.blocks.12.mlp.fc2.bias,False,foundation_backbone,False,False,False,0.0
5,foundation_x.backbone.layers_2.blocks.13.norm1.weight,False,foundation_backbone,False,False,False,0.0
5,foundation_x.backbone.layers_2.blocks.13.norm1.bias,False,foundation_backbone,False,False,False,0.0
5,foundation_x.backbone.layers_2.blocks.13.attn.relative_position_bias_table,False,foundation_backbone,False,False,False,0.0
5,foundation_x.backbone.layers_2.blocks.13.attn.qkv.weight,False,foundation_backbone,False,False,False,0.0
5,foundation_x.backbone.layers_2.blocks.13.attn.qkv.bias,False,foundation_backbone,False,False,False,0.0
5,foundation_x.backbone.layers_2.blocks.13.attn.proj.weight,False,foundation_backbone,False,False,False,0.0
5,foundation_x.backbone.layers_2.blocks.13.attn.proj.bias,False,foundation_backbone,False,False,False,0.0
5,foundation_x.backbone.layers_2.blocks.13.norm2.weight,False,foundation_backbone,False,False,False,0.0
5,foundation_x.backbone.layers_2.blocks.13.norm2.bias,False,foundation_backbone,False,False,False,0.0
5,foundation_x.backbone.layers_2.blocks.13.mlp.fc1.weight,False,foundation_backbone,False,False,False,0.0
5,foundation_x.backbone.layers_2.blocks.13.mlp.fc1.bias,False,foundation_backbone,False,False,False,0.0
5,foundation_x.backbone.layers_2.blocks.13.mlp.fc2.weight,False,foundation_backbone,False,False,False,0.0
5,foundation_x.backbone.layers_2.blocks.13.mlp.fc2.bias,False,foundation_backbone,False,False,False,0.0
5,foundation_x.backbone.layers_2.blocks.14.norm1.weight,False,foundation_backbone,False,False,False,0.0
5,foundation_x.backbone.layers_2.blocks.14.norm1.bias,False,foundation_backbone,False,False,False,0.0
5,foundation_x.backbone.layers_2.blocks.14.attn.relative_position_bias_table,False,foundation_backbone,False,False,False,0.0
5,foundation_x.backbone.layers_2.blocks.14.attn.qkv.weight,False,foundation_backbone,False,False,False,0.0
5,foundation_x.backbone.layers_2.blocks.14.attn.qkv.bias,False,foundation_backbone,False,False,False,0.0
5,foundation_x.backbone.layers_2.blocks.14.attn.proj.weight,False,foundation_backbone,False,False,False,0.0
5,foundation_x.backbone.layers_2.blocks.14.attn.proj.bias,False,foundation_backbone,False,False,False,0.0
5,foundation_x.backbone.layers_2.blocks.14.norm2.weight,False,foundation_backbone,False,False,False,0.0
5,foundation_x.backbone.layers_2.blocks.14.norm2.bias,False,foundation_backbone,False,False,False,0.0
5,foundation_x.backbone.layers_2.blocks.14.mlp.fc1.weight,False,foundation_backbone,False,False,False,0.0
5,foundation_x.backbone.layers_2.blocks.14.mlp.fc1.bias,False,foundation_backbone,False,False,False,0.0
5,foundation_x.backbone.layers_2.blocks.14.mlp.fc2.weight,False,foundation_backbone,False,False,False,0.0
5,foundation_x.backbone.layers_2.blocks.14.mlp.fc2.bias,False,foundation_backbone,False,False,False,0.0
5,foundation_x.backbone.layers_2.blocks.15.norm1.weight,False,foundation_backbone,False,False,False,0.0
5,foundation_x.backbone.layers_2.blocks.15.norm1.bias,False,foundation_backbone,False,False,False,0.0
5,foundation_x.backbone.layers_2.blocks.15.attn.relative_position_bias_table,False,foundation_backbone,False,False,False,0.0
5,foundation_x.backbone.layers_2.blocks.15.attn.qkv.weight,False,foundation_backbone,False,False,False,0.0
5,foundation_x.backbone.layers_2.blocks.15.attn.qkv.bias,False,foundation_backbone,False,False,False,0.0
5,foundation_x.backbone.layers_2.blocks.15.attn.proj.weight,False,foundation_backbone,False,False,False,0.0
5,foundation_x.backbone.layers_2.blocks.15.attn.proj.bias,False,foundation_backbone,False,False,False,0.0
5,foundation_x.backbone.layers_2.blocks.15.norm2.weight,False,foundation_backbone,False,False,False,0.0
5,foundation_x.backbone.layers_2.blocks.15.norm2.bias,False,foundation_backbone,False,False,False,0.0
5,foundation_x.backbone.layers_2.blocks.15.mlp.fc1.weight,False,foundation_backbone,False,False,False,0.0
5,foundation_x.backbone.layers_2.blocks.15.mlp.fc1.bias,False,foundation_backbone,False,False,False,0.0
5,foundation_x.backbone.layers_2.blocks.15.mlp.fc2.weight,False,foundation_backbone,False,False,False,0.0
5,foundation_x.backbone.layers_2.blocks.15.mlp.fc2.bias,False,foundation_backbone,False,False,False,0.0
5,foundation_x.backbone.layers_2.blocks.16.norm1.weight,False,foundation_backbone,False,False,False,0.0
5,foundation_x.backbone.layers_2.blocks.16.norm1.bias,False,foundation_backbone,False,False,False,0.0
5,foundation_x.backbone.layers_2.blocks.16.attn.relative_position_bias_table,False,foundation_backbone,False,False,False,0.0
5,foundation_x.backbone.layers_2.blocks.16.attn.qkv.weight,False,foundation_backbone,False,False,False,0.0
5,foundation_x.backbone.layers_2.blocks.16.attn.qkv.bias,False,foundation_backbone,False,False,False,0.0
5,foundation_x.backbone.layers_2.blocks.16.attn.proj.weight,False,foundation_backbone,False,False,False,0.0
5,foundation_x.backbone.layers_2.blocks.16.attn.proj.bias,False,foundation_backbone,False,False,False,0.0
5,foundation_x.backbone.layers_2.blocks.16.norm2.weight,False,foundation_backbone,False,False,False,0.0
5,foundation_x.backbone.layers_2.blocks.16.norm2.bias,False,foundation_backbone,False,False,False,0.0
5,foundation_x.backbone.layers_2.blocks.16.mlp.fc1.weight,False,foundation_backbone,False,False,False,0.0
5,foundation_x.backbone.layers_2.blocks.16.mlp.fc1.bias,False,foundation_backbone,False,False,False,0.0
5,foundation_x.backbone.layers_2.blocks.16.mlp.fc2.weight,False,foundation_backbone,False,False,False,0.0
5,foundation_x.backbone.layers_2.blocks.16.mlp.fc2.bias,False,foundation_backbone,False,False,False,0.0
5,foundation_x.backbone.layers_2.blocks.17.norm1.weight,False,foundation_backbone,False,False,False,0.0
5,foundation_x.backbone.layers_2.blocks.17.norm1.bias,False,foundation_backbone,False,False,False,0.0
5,foundation_x.backbone.layers_2.blocks.17.attn.relative_position_bias_table,False,foundation_backbone,False,False,False,0.0
5,foundation_x.backbone.layers_2.blocks.17.attn.qkv.weight,False,foundation_backbone,False,False,False,0.0
5,foundation_x.backbone.layers_2.blocks.17.attn.qkv.bias,False,foundation_backbone,False,False,False,0.0
5,foundation_x.backbone.layers_2.blocks.17.attn.proj.weight,False,foundation_backbone,False,False,False,0.0
5,foundation_x.backbone.layers_2.blocks.17.attn.proj.bias,False,foundation_backbone,False,False,False,0.0
5,foundation_x.backbone.layers_2.blocks.17.norm2.weight,False,foundation_backbone,False,False,False,0.0
5,foundation_x.backbone.layers_2.blocks.17.norm2.bias,False,foundation_backbone,False,False,False,0.0
5,foundation_x.backbone.layers_2.blocks.17.mlp.fc1.weight,False,foundation_backbone,False,False,False,0.0
5,foundation_x.backbone.layers_2.blocks.17.mlp.fc1.bias,False,foundation_backbone,False,False,False,0.0
5,foundation_x.backbone.layers_2.blocks.17.mlp.fc2.weight,False,foundation_backbone,False,False,False,0.0
5,foundation_x.backbone.layers_2.blocks.17.mlp.fc2.bias,False,foundation_backbone,False,False,False,0.0
5,foundation_x.backbone.layers_3.downsample.norm.weight,False,foundation_backbone,False,False,False,0.0
5,foundation_x.backbone.layers_3.downsample.norm.bias,False,foundation_backbone,False,False,False,0.0
5,foundation_x.backbone.layers_3.downsample.reduction.weight,False,foundation_backbone,False,False,False,0.0
5,foundation_x.backbone.layers_3.blocks.0.norm1.weight,False,foundation_backbone,False,False,False,0.0
5,foundation_x.backbone.layers_3.blocks.0.norm1.bias,False,foundation_backbone,False,False,False,0.0
5,foundation_x.backbone.layers_3.blocks.0.attn.relative_position_bias_table,False,foundation_backbone,False,False,False,0.0
5,foundation_x.backbone.layers_3.blocks.0.attn.qkv.weight,False,foundation_backbone,False,False,False,0.0
5,foundation_x.backbone.layers_3.blocks.0.attn.qkv.bias,False,foundation_backbone,False,False,False,0.0
5,foundation_x.backbone.layers_3.blocks.0.attn.proj.weight,False,foundation_backbone,False,False,False,0.0
5,foundation_x.backbone.layers_3.blocks.0.attn.proj.bias,False,foundation_backbone,False,False,False,0.0
5,foundation_x.backbone.layers_3.blocks.0.norm2.weight,False,foundation_backbone,False,False,False,0.0
5,foundation_x.backbone.layers_3.blocks.0.norm2.bias,False,foundation_backbone,False,False,False,0.0
5,foundation_x.backbone.layers_3.blocks.0.mlp.fc1.weight,False,foundation_backbone,False,False,False,0.0
5,foundation_x.backbone.layers_3.blocks.0.mlp.fc1.bias,False,foundation_backbone,False,False,False,0.0
5,foundation_x.backbone.layers_3.blocks.0.mlp.fc2.weight,False,foundation_backbone,False,False,False,0.0
5,foundation_x.backbone.layers_3.blocks.0.mlp.fc2.bias,False,foundation_backbone,False,False,False,0.0
5,foundation_x.backbone.layers_3.blocks.1.norm1.weight,False,foundation_backbone,False,False,False,0.0
5,foundation_x.backbone.layers_3.blocks.1.norm1.bias,False,foundation_backbone,False,False,False,0.0
5,foundation_x.backbone.layers_3.blocks.1.attn.relative_position_bias_table,False,foundation_backbone,False,False,False,0.0
5,foundation_x.backbone.layers_3.blocks.1.attn.qkv.weight,False,foundation_backbone,False,False,False,0.0
5,foundation_x.backbone.layers_3.blocks.1.attn.qkv.bias,False,foundation_backbone,False,False,False,0.0
5,foundation_x.backbone.layers_3.blocks.1.attn.proj.weight,False,foundation_backbone,False,False,False,0.0
5,foundation_x.backbone.layers_3.blocks.1.attn.proj.bias,False,foundation_backbone,False,False,False,0.0
5,foundation_x.backbone.layers_3.blocks.1.norm2.weight,False,foundation_backbone,False,False,False,0.0
5,foundation_x.backbone.layers_3.blocks.1.norm2.bias,False,foundation_backbone,False,False,False,0.0
5,foundation_x.backbone.layers_3.blocks.1.mlp.fc1.weight,False,foundation_backbone,False,False,False,0.0
5,foundation_x.backbone.layers_3.blocks.1.mlp.fc1.bias,False,foundation_backbone,False,False,False,0.0
5,foundation_x.backbone.layers_3.blocks.1.mlp.fc2.weight,False,foundation_backbone,False,False,False,0.0
5,foundation_x.backbone.layers_3.blocks.1.mlp.fc2.bias,False,foundation_backbone,False,False,False,0.0
5,enc1.block.0.weight,True,encoder_cnn,True,True,True,0.24259068071842194
5,enc1.block.1.weight,True,encoder_cnn,True,True,True,0.019110625609755516
5,enc1.block.1.bias,True,encoder_cnn,True,True,True,0.014958004467189312
5,enc1.block.3.weight,True,encoder_cnn,True,True,True,0.7804714441299438
5,enc1.block.4.weight,True,encoder_cnn,True,True,True,0.01694171316921711
5,enc1.block.4.bias,True,encoder_cnn,True,True,True,0.014284271746873856
5,enc2.block.0.weight,True,encoder_cnn,True,True,True,0.16263514757156372
5,enc2.block.1.weight,True,encoder_cnn,True,True,True,0.0030033481307327747
5,enc2.block.1.bias,True,encoder_cnn,True,True,True,0.0027858673129230738
5,enc2.block.3.weight,True,encoder_cnn,True,True,True,0.17676419019699097
5,enc2.block.4.weight,True,encoder_cnn,True,True,True,0.0027911385986953974
5,enc2.block.4.bias,True,encoder_cnn,True,True,True,0.002493323292583227
5,enc3.block.0.weight,True,encoder_cnn,True,True,True,0.039726097136735916
5,enc3.block.1.weight,True,encoder_cnn,True,True,True,0.0005600543227046728
5,enc3.block.1.bias,True,encoder_cnn,True,True,True,0.0004063003871124238
5,enc3.block.3.weight,True,encoder_cnn,True,True,True,0.04691963642835617
5,enc3.block.4.weight,True,encoder_cnn,True,True,True,0.0004865799273829907
5,enc3.block.4.bias,True,encoder_cnn,True,True,True,0.00030912243528291583
5,enc4.block.0.weight,True,encoder_cnn,True,True,True,0.011805221438407898
5,enc4.block.1.weight,True,encoder_cnn,True,True,True,0.00011873820039909333
5,enc4.block.1.bias,True,encoder_cnn,True,True,True,0.00010780976299429312
5,enc4.block.3.weight,True,encoder_cnn,True,True,True,0.014229070395231247
5,enc4.block.4.weight,True,encoder_cnn,True,True,True,9.7962751169689e-05
5,enc4.block.4.bias,True,encoder_cnn,True,True,True,8.842699753586203e-05
5,fusion_e3.conv.0.weight,True,adapter_fusion,True,True,True,0.022971022874116898
5,fusion_e3.conv.0.bias,True,adapter_fusion,True,True,True,9.665290789939718e-10
5,fusion_e3.conv.1.weight,True,adapter_fusion,True,True,True,0.0005615541595034301
5,fusion_e3.conv.1.bias,True,adapter_fusion,True,True,True,0.00043711435864679515
5,fusion_e4.conv.0.weight,True,adapter_fusion,True,True,True,0.008687451481819153
5,fusion_e4.conv.0.bias,True,adapter_fusion,True,True,True,1.370656088628408e-10
5,fusion_e4.conv.1.weight,True,adapter_fusion,True,True,True,0.00014877146168146282
5,fusion_e4.conv.1.bias,True,adapter_fusion,True,True,True,0.00012053120008204132
5,h16_unet_context.block.0.weight,True,other_trainable,True,True,True,0.0018655796302482486
5,h16_unet_context.block.1.weight,True,other_trainable,True,True,True,1.3586713976110332e-05
5,h16_unet_context.block.1.bias,True,other_trainable,True,True,True,1.2589929610840045e-05
5,h16_unet_context.block.3.weight,True,other_trainable,True,True,True,0.0022330032661557198
5,h16_unet_context.block.4.weight,True,other_trainable,True,True,True,1.1400207768019754e-05
5,h16_unet_context.block.4.bias,True,other_trainable,True,True,True,1.0238896720693447e-05
5,h16_fx_context.conv.0.weight,True,adapter_fusion,True,True,True,0.0066891019232571125
5,h16_fx_context.conv.0.bias,True,adapter_fusion,True,True,True,8.567224187017164e-12
5,h16_fx_context.conv.1.weight,True,adapter_fusion,True,True,True,7.715764513704926e-05
5,h16_fx_context.conv.1.bias,True,adapter_fusion,True,True,True,6.544592179125175e-05
5,h32_context_head.block.0.weight,True,adapter_fusion,True,True,True,0.005659832153469324
5,h32_context_head.block.1.weight,True,adapter_fusion,True,True,True,2.591987322375644e-05
5,h32_context_head.block.1.bias,True,adapter_fusion,True,True,True,2.4237067918875255e-05
5,h32_context_head.block.3.weight,True,adapter_fusion,True,True,True,0.00436839135363698
5,h32_context_head.block.4.weight,True,adapter_fusion,True,True,True,2.521088936191518e-05
5,h32_context_head.block.4.bias,True,adapter_fusion,True,True,True,2.510461308702361e-05
5,h32_to_h16.weight,True,adapter_fusion,True,True,True,0.0028354297392070293
5,h32_to_h16.bias,True,adapter_fusion,True,True,True,2.6624882593750954e-05
5,context_merge.block.0.weight,True,adapter_fusion,True,True,True,0.019325142726302147
5,context_merge.block.1.weight,True,adapter_fusion,True,True,True,7.373245171038434e-05
5,context_merge.block.1.bias,True,adapter_fusion,True,True,True,6.0117865359643474e-05
5,context_merge.block.3.weight,True,adapter_fusion,True,True,True,0.011732567101716995
5,context_merge.block.4.weight,True,adapter_fusion,True,True,True,6.787962047383189e-05
5,context_merge.block.4.bias,True,adapter_fusion,True,True,True,6.410844798665494e-05
5,up4.weight,True,decoder_head,True,True,True,0.005409677047282457
5,up4.bias,True,decoder_head,True,True,True,4.508744314080104e-05
5,dec4.block.0.weight,True,decoder_head,True,True,True,0.027821840718388557
5,dec4.block.1.weight,True,decoder_head,True,True,True,0.0001410265831509605
5,dec4.block.1.bias,True,decoder_head,True,True,True,0.00011333995644235983
5,dec4.block.3.weight,True,decoder_head,True,True,True,0.01694299653172493
5,dec4.block.4.weight,True,decoder_head,True,True,True,0.000152522639837116
5,dec4.block.4.bias,True,decoder_head,True,True,True,0.00014266424113884568
5,up3.weight,True,decoder_head,True,True,True,0.008170465007424355
5,up3.bias,True,decoder_head,True,True,True,0.00011702277697622776
5,dec3.block.0.weight,True,decoder_head,True,True,True,0.06790167093276978
5,dec3.block.1.weight,True,decoder_head,True,True,True,0.0004996610223315656
5,dec3.block.1.bias,True,decoder_head,True,True,True,0.0004049496492370963
5,dec3.block.3.weight,True,decoder_head,True,True,True,0.04557346925139427
5,dec3.block.4.weight,True,decoder_head,True,True,True,0.0006475212867371738
5,dec3.block.4.bias,True,decoder_head,True,True,True,0.0005551209906116128
5,up2.weight,True,decoder_head,True,True,True,0.023873506113886833
5,up2.bias,True,decoder_head,True,True,True,0.0002942096907645464
5,dec2.block.0.weight,True,decoder_head,True,True,True,0.23373833298683167
5,dec2.block.1.weight,True,decoder_head,True,True,True,0.0026662845630198717
5,dec2.block.1.bias,True,decoder_head,True,True,True,0.0022167074494063854
5,dec2.block.3.weight,True,decoder_head,True,True,True,0.1633821725845337
5,dec2.block.4.weight,True,decoder_head,True,True,True,0.0032604127191007137
5,dec2.block.4.bias,True,decoder_head,True,True,True,0.0033036719541996717
5,up1.weight,True,decoder_head,True,True,True,0.08520855754613876
5,up1.bias,True,decoder_head,True,True,True,0.0008430252783000469
5,dec1.block.0.weight,True,decoder_head,True,True,True,0.8511998057365417
5,dec1.block.1.weight,True,decoder_head,True,True,True,0.014445247128605843
5,dec1.block.1.bias,True,decoder_head,True,True,True,0.010680588893592358
5,dec1.block.3.weight,True,decoder_head,True,True,True,0.6514784097671509
5,dec1.block.4.weight,True,decoder_head,True,True,True,0.09797366708517075
5,dec1.block.4.bias,True,decoder_head,True,True,True,0.13427414000034332
5,final.weight,True,decoder_head,True,True,True,1.4956258535385132
5,final.bias,True,decoder_head,True,True,True,0.5174201130867004
